<?xml version="1.0" encoding="UTF-8" standalone="no"?>
<!-- Created with Inkscape (http://www.inkscape.org/) -->

<svg
   width="508mm"
   height="285.75mm"
   viewBox="0 0 508 285.75"
   version="1.1"
   id="svg1"
   xml:space="preserve"
   xmlns="http://www.w3.org/2000/svg"
   xmlns:svg="http://www.w3.org/2000/svg"><defs
     id="defs1"><clipPath
       clipPathUnits="userSpaceOnUse"
       id="clipPath535"><rect
         style="fill:#3a5416;fill-opacity:0.996753;fill-rule:evenodd;stroke-width:0.890097;stroke-linejoin:bevel;paint-order:markers stroke fill"
         id="rect536"
         width="452.16919"
         height="254.34515"
         x="1474.7261"
         y="759.43414"
         transform="rotate(-9.2339875)" /></clipPath></defs><g
     id="layer1"
     transform="translate(-1554,-432.48278)"><g
       id="g535"
       transform="matrix(1.1089145,0.18028008,-0.18028008,1.1089145,-102.81542,-420.72126)"
       clip-path="url(#clipPath535)"
       style="fill:#3a5416;fill-opacity:1;stroke:none;stroke-opacity:1"><g
         id="g1"
         style="fill:#3a5416;fill-opacity:1;stroke:none;stroke-opacity:1"><g
           id="g22"
           style="fill:#3a5416;fill-opacity:1;stroke:none;stroke-opacity:1"
           transform="matrix(1.4113474,0,0,1.4113474,1438.9354,285.51925)"><path
             d="m 146.37399,116.87328 q 0.18063,-0.6322 0.33116,-1.56546 0.15052,-0.93325 0.27094,-2.31807 0.12042,-1.38483 0.18063,-3.28143 0.0602,-1.92672 0.0602,-4.48563 V 85.62441 q 0,-2.558915 -0.0602,-4.455523 -0.0602,-1.926712 -0.18063,-3.311537 -0.12042,-1.414929 -0.27094,-2.348181 -0.15053,-0.933251 -0.33116,-1.565454 v -0.120419 h 7.19507 v 0.120419 q -0.18063,0.632203 -0.36126,1.565454 -0.15052,0.933252 -0.27094,2.348181 -0.0903,1.384825 -0.18063,3.311537 -0.0602,1.896608 -0.0602,4.455523 v 19.59828 q 0,2.55891 0.0602,4.48563 0.0903,1.8966 0.18063,3.28143 0.12042,1.38482 0.27094,2.31807 0.18063,0.93326 0.36126,1.56546 v 0.12042 h -7.19507 z"
             id="path21"
             style="font-size:61.6548px;font-family:Marcellus;-inkscape-font-specification:Marcellus;fill:#3a5416;fill-opacity:1;fill-rule:evenodd;stroke:none;stroke-width:2.53877;stroke-linejoin:bevel;stroke-opacity:1;paint-order:stroke fill markers"
             transform="rotate(18.055612)"
             aria-label="I" /><path
             d="m 36.750166,145.69642 q -3.552376,0 -6.41234,0.33115 -2.859964,0.30105 -4.937201,0.66231 -2.408391,0.45157 -4.304998,0.99346 l 0.873041,-4.87699 q 0.361259,0.0301 1.083776,0.0602 0.722517,0.0301 1.595559,0.0602 0.903147,0.0301 1.866503,0.0602 0.993461,0 1.866503,0.0301 0.873041,0 1.535349,0.0301 0.692412,0 0.993461,0 h 17.189888 q 0.301049,0 0.963356,0 0.692412,-0.0301 1.565454,-0.0301 0.873042,-0.0301 1.836398,-0.0301 0.993461,-0.0301 1.866503,-0.0602 0.903146,-0.0301 1.625663,-0.0602 0.722518,-0.0301 1.083776,-0.0602 l 0.873042,4.87699 q -1.926713,-0.54189 -4.335103,-0.99346 -2.077237,-0.36126 -4.937201,-0.66231 -2.859964,-0.33115 -6.41234,-0.33115 v 28.75016 q 0,2.55892 0.06021,4.48563 0.09031,1.89661 0.18063,3.28143 0.120419,1.38483 0.270944,2.31808 0.180629,0.93325 0.361258,1.56545 v 0.12042 H 35.90723 v -0.12042 q 0.18063,-0.6322 0.331154,-1.56545 0.150524,-0.93325 0.270944,-2.31808 0.120419,-1.38482 0.180629,-3.28143 0.06021,-1.92671 0.06021,-4.48563 z"
             id="path22"
             style="font-size:61.6548px;font-family:Marcellus;-inkscape-font-specification:Marcellus;fill:#3a5416;fill-opacity:1;fill-rule:evenodd;stroke:none;stroke-width:2.53877;stroke-linejoin:bevel;stroke-opacity:1;paint-order:stroke fill markers"
             transform="rotate(-25.60554)"
             aria-label="T" /></g><g
           id="g8"
           style="fill:#3a5416;fill-opacity:1;stroke:none;stroke-opacity:1"
           transform="matrix(1.4113474,0,0,1.4113474,1507.5579,285.51925)"><path
             d="m 146.37399,116.87328 q 0.18063,-0.6322 0.33116,-1.56546 0.15052,-0.93325 0.27094,-2.31807 0.12042,-1.38483 0.18063,-3.28143 0.0602,-1.92672 0.0602,-4.48563 V 85.62441 q 0,-2.558915 -0.0602,-4.455523 -0.0602,-1.926712 -0.18063,-3.311537 -0.12042,-1.414929 -0.27094,-2.348181 -0.15053,-0.933251 -0.33116,-1.565454 v -0.120419 h 7.19507 v 0.120419 q -0.18063,0.632203 -0.36126,1.565454 -0.15052,0.933252 -0.27094,2.348181 -0.0903,1.384825 -0.18063,3.311537 -0.0602,1.896608 -0.0602,4.455523 v 19.59828 q 0,2.55891 0.0602,4.48563 0.0903,1.8966 0.18063,3.28143 0.12042,1.38482 0.27094,2.31807 0.18063,0.93326 0.36126,1.56546 v 0.12042 h -7.19507 z"
             id="path3"
             style="font-size:61.6548px;font-family:Marcellus;-inkscape-font-specification:Marcellus;fill:#3a5416;fill-opacity:1;fill-rule:evenodd;stroke:none;stroke-width:2.53877;stroke-linejoin:bevel;stroke-opacity:1;paint-order:stroke fill markers"
             transform="rotate(18.055612)"
             aria-label="I" /><path
             d="m 36.750166,145.69642 q -3.552376,0 -6.41234,0.33115 -2.859964,0.30105 -4.937201,0.66231 -2.408391,0.45157 -4.304998,0.99346 l 0.873041,-4.87699 q 0.361259,0.0301 1.083776,0.0602 0.722517,0.0301 1.595559,0.0602 0.903147,0.0301 1.866503,0.0602 0.993461,0 1.866503,0.0301 0.873041,0 1.535349,0.0301 0.692412,0 0.993461,0 h 17.189888 q 0.301049,0 0.963356,0 0.692412,-0.0301 1.565454,-0.0301 0.873042,-0.0301 1.836398,-0.0301 0.993461,-0.0301 1.866503,-0.0602 0.903146,-0.0301 1.625663,-0.0602 0.722518,-0.0301 1.083776,-0.0602 l 0.873042,4.87699 q -1.926713,-0.54189 -4.335103,-0.99346 -2.077237,-0.36126 -4.937201,-0.66231 -2.859964,-0.33115 -6.41234,-0.33115 v 28.75016 q 0,2.55892 0.06021,4.48563 0.09031,1.89661 0.18063,3.28143 0.120419,1.38483 0.270944,2.31808 0.180629,0.93325 0.361258,1.56545 v 0.12042 H 35.90723 v -0.12042 q 0.18063,-0.6322 0.331154,-1.56545 0.150524,-0.93325 0.270944,-2.31808 0.120419,-1.38482 0.180629,-3.28143 0.06021,-1.92671 0.06021,-4.48563 z"
             id="path8"
             style="font-size:61.6548px;font-family:Marcellus;-inkscape-font-specification:Marcellus;fill:#3a5416;fill-opacity:1;fill-rule:evenodd;stroke:none;stroke-width:2.53877;stroke-linejoin:bevel;stroke-opacity:1;paint-order:stroke fill markers"
             transform="rotate(-25.60554)"
             aria-label="T" /></g><g
           id="g24"
           style="fill:#3a5416;fill-opacity:1;stroke:none;stroke-opacity:1"
           transform="matrix(1.4113474,0,0,1.4113474,1439.751,362.08849)"><path
             d="m 146.37399,116.87328 q 0.18063,-0.6322 0.33116,-1.56546 0.15052,-0.93325 0.27094,-2.31807 0.12042,-1.38483 0.18063,-3.28143 0.0602,-1.92672 0.0602,-4.48563 V 85.62441 q 0,-2.558915 -0.0602,-4.455523 -0.0602,-1.926712 -0.18063,-3.311537 -0.12042,-1.414929 -0.27094,-2.348181 -0.15053,-0.933251 -0.33116,-1.565454 v -0.120419 h 7.19507 v 0.120419 q -0.18063,0.632203 -0.36126,1.565454 -0.15052,0.933252 -0.27094,2.348181 -0.0903,1.384825 -0.18063,3.311537 -0.0602,1.896608 -0.0602,4.455523 v 19.59828 q 0,2.55891 0.0602,4.48563 0.0903,1.8966 0.18063,3.28143 0.12042,1.38482 0.27094,2.31807 0.18063,0.93326 0.36126,1.56546 v 0.12042 h -7.19507 z"
             id="path18"
             style="font-size:61.6548px;font-family:Marcellus;-inkscape-font-specification:Marcellus;fill:#3a5416;fill-opacity:1;fill-rule:evenodd;stroke:none;stroke-width:2.53877;stroke-linejoin:bevel;stroke-opacity:1;paint-order:stroke fill markers"
             transform="rotate(18.055612)"
             aria-label="I" /><path
             d="m 36.750166,145.69642 q -3.552376,0 -6.41234,0.33115 -2.859964,0.30105 -4.937201,0.66231 -2.408391,0.45157 -4.304998,0.99346 l 0.873041,-4.87699 q 0.361259,0.0301 1.083776,0.0602 0.722517,0.0301 1.595559,0.0602 0.903147,0.0301 1.866503,0.0602 0.993461,0 1.866503,0.0301 0.873041,0 1.535349,0.0301 0.692412,0 0.993461,0 h 17.189888 q 0.301049,0 0.963356,0 0.692412,-0.0301 1.565454,-0.0301 0.873042,-0.0301 1.836398,-0.0301 0.993461,-0.0301 1.866503,-0.0602 0.903146,-0.0301 1.625663,-0.0602 0.722518,-0.0301 1.083776,-0.0602 l 0.873042,4.87699 q -1.926713,-0.54189 -4.335103,-0.99346 -2.077237,-0.36126 -4.937201,-0.66231 -2.859964,-0.33115 -6.41234,-0.33115 v 28.75016 q 0,2.55892 0.06021,4.48563 0.09031,1.89661 0.18063,3.28143 0.120419,1.38483 0.270944,2.31808 0.180629,0.93325 0.361258,1.56545 v 0.12042 H 35.90723 v -0.12042 q 0.18063,-0.6322 0.331154,-1.56545 0.150524,-0.93325 0.270944,-2.31808 0.120419,-1.38482 0.180629,-3.28143 0.06021,-1.92671 0.06021,-4.48563 z"
             id="path24"
             style="font-size:61.6548px;font-family:Marcellus;-inkscape-font-specification:Marcellus;fill:#3a5416;fill-opacity:1;fill-rule:evenodd;stroke:none;stroke-width:2.53877;stroke-linejoin:bevel;stroke-opacity:1;paint-order:stroke fill markers"
             transform="rotate(-25.60554)"
             aria-label="T" /></g><g
           id="g30"
           style="fill:#3a5416;fill-opacity:1;stroke:none;stroke-opacity:1"
           transform="matrix(1.4113474,0,0,1.4113474,1508.3735,362.08849)"><path
             d="m 146.37399,116.87328 q 0.18063,-0.6322 0.33116,-1.56546 0.15052,-0.93325 0.27094,-2.31807 0.12042,-1.38483 0.18063,-3.28143 0.0602,-1.92672 0.0602,-4.48563 V 85.62441 q 0,-2.558915 -0.0602,-4.455523 -0.0602,-1.926712 -0.18063,-3.311537 -0.12042,-1.414929 -0.27094,-2.348181 -0.15053,-0.933251 -0.33116,-1.565454 v -0.120419 h 7.19507 v 0.120419 q -0.18063,0.632203 -0.36126,1.565454 -0.15052,0.933252 -0.27094,2.348181 -0.0903,1.384825 -0.18063,3.311537 -0.0602,1.896608 -0.0602,4.455523 v 19.59828 q 0,2.55891 0.0602,4.48563 0.0903,1.8966 0.18063,3.28143 0.12042,1.38482 0.27094,2.31807 0.18063,0.93326 0.36126,1.56546 v 0.12042 h -7.19507 z"
             id="path25"
             style="font-size:61.6548px;font-family:Marcellus;-inkscape-font-specification:Marcellus;fill:#3a5416;fill-opacity:1;fill-rule:evenodd;stroke:none;stroke-width:2.53877;stroke-linejoin:bevel;stroke-opacity:1;paint-order:stroke fill markers"
             transform="rotate(18.055612)"
             aria-label="I" /><path
             d="m 36.750166,145.69642 q -3.552376,0 -6.41234,0.33115 -2.859964,0.30105 -4.937201,0.66231 -2.408391,0.45157 -4.304998,0.99346 l 0.873041,-4.87699 q 0.361259,0.0301 1.083776,0.0602 0.722517,0.0301 1.595559,0.0602 0.903147,0.0301 1.866503,0.0602 0.993461,0 1.866503,0.0301 0.873041,0 1.535349,0.0301 0.692412,0 0.993461,0 h 17.189888 q 0.301049,0 0.963356,0 0.692412,-0.0301 1.565454,-0.0301 0.873042,-0.0301 1.836398,-0.0301 0.993461,-0.0301 1.866503,-0.0602 0.903146,-0.0301 1.625663,-0.0602 0.722518,-0.0301 1.083776,-0.0602 l 0.873042,4.87699 q -1.926713,-0.54189 -4.335103,-0.99346 -2.077237,-0.36126 -4.937201,-0.66231 -2.859964,-0.33115 -6.41234,-0.33115 v 28.75016 q 0,2.55892 0.06021,4.48563 0.09031,1.89661 0.18063,3.28143 0.120419,1.38483 0.270944,2.31808 0.180629,0.93325 0.361258,1.56545 v 0.12042 H 35.90723 v -0.12042 q 0.18063,-0.6322 0.331154,-1.56545 0.150524,-0.93325 0.270944,-2.31808 0.120419,-1.38482 0.180629,-3.28143 0.06021,-1.92671 0.06021,-4.48563 z"
             id="path30"
             style="font-size:61.6548px;font-family:Marcellus;-inkscape-font-specification:Marcellus;fill:#3a5416;fill-opacity:1;fill-rule:evenodd;stroke:none;stroke-width:2.53877;stroke-linejoin:bevel;stroke-opacity:1;paint-order:stroke fill markers"
             transform="rotate(-25.60554)"
             aria-label="T" /></g><g
           id="g88"
           style="fill:#3a5416;fill-opacity:1;stroke:none;stroke-opacity:1"
           transform="matrix(1.4113474,0,0,1.4113474,1438.9354,285.51925)"><path
             d="m 146.37399,116.87328 q 0.18063,-0.6322 0.33116,-1.56546 0.15052,-0.93325 0.27094,-2.31807 0.12042,-1.38483 0.18063,-3.28143 0.0602,-1.92672 0.0602,-4.48563 V 85.62441 q 0,-2.558915 -0.0602,-4.455523 -0.0602,-1.926712 -0.18063,-3.311537 -0.12042,-1.414929 -0.27094,-2.348181 -0.15053,-0.933251 -0.33116,-1.565454 v -0.120419 h 7.19507 v 0.120419 q -0.18063,0.632203 -0.36126,1.565454 -0.15052,0.933252 -0.27094,2.348181 -0.0903,1.384825 -0.18063,3.311537 -0.0602,1.896608 -0.0602,4.455523 v 19.59828 q 0,2.55891 0.0602,4.48563 0.0903,1.8966 0.18063,3.28143 0.12042,1.38482 0.27094,2.31807 0.18063,0.93326 0.36126,1.56546 v 0.12042 h -7.19507 z"
             id="path87"
             style="font-size:61.6548px;font-family:Marcellus;-inkscape-font-specification:Marcellus;fill:#3a5416;fill-opacity:1;fill-rule:evenodd;stroke:none;stroke-width:2.53877;stroke-linejoin:bevel;stroke-opacity:1;paint-order:stroke fill markers"
             transform="rotate(18.055612)"
             aria-label="I" /><path
             d="m 36.750166,145.69642 q -3.552376,0 -6.41234,0.33115 -2.859964,0.30105 -4.937201,0.66231 -2.408391,0.45157 -4.304998,0.99346 l 0.873041,-4.87699 q 0.361259,0.0301 1.083776,0.0602 0.722517,0.0301 1.595559,0.0602 0.903147,0.0301 1.866503,0.0602 0.993461,0 1.866503,0.0301 0.873041,0 1.535349,0.0301 0.692412,0 0.993461,0 h 17.189888 q 0.301049,0 0.963356,0 0.692412,-0.0301 1.565454,-0.0301 0.873042,-0.0301 1.836398,-0.0301 0.993461,-0.0301 1.866503,-0.0602 0.903146,-0.0301 1.625663,-0.0602 0.722518,-0.0301 1.083776,-0.0602 l 0.873042,4.87699 q -1.926713,-0.54189 -4.335103,-0.99346 -2.077237,-0.36126 -4.937201,-0.66231 -2.859964,-0.33115 -6.41234,-0.33115 v 28.75016 q 0,2.55892 0.06021,4.48563 0.09031,1.89661 0.18063,3.28143 0.120419,1.38483 0.270944,2.31808 0.180629,0.93325 0.361258,1.56545 v 0.12042 H 35.90723 v -0.12042 q 0.18063,-0.6322 0.331154,-1.56545 0.150524,-0.93325 0.270944,-2.31808 0.120419,-1.38482 0.180629,-3.28143 0.06021,-1.92671 0.06021,-4.48563 z"
             id="path88"
             style="font-size:61.6548px;font-family:Marcellus;-inkscape-font-specification:Marcellus;fill:#3a5416;fill-opacity:1;fill-rule:evenodd;stroke:none;stroke-width:2.53877;stroke-linejoin:bevel;stroke-opacity:1;paint-order:stroke fill markers"
             transform="rotate(-25.60554)"
             aria-label="T" /></g><g
           id="g90"
           style="fill:#3a5416;fill-opacity:1;stroke:none;stroke-opacity:1"
           transform="matrix(1.4113474,0,0,1.4113474,1507.5579,285.51925)"><path
             d="m 146.37399,116.87328 q 0.18063,-0.6322 0.33116,-1.56546 0.15052,-0.93325 0.27094,-2.31807 0.12042,-1.38483 0.18063,-3.28143 0.0602,-1.92672 0.0602,-4.48563 V 85.62441 q 0,-2.558915 -0.0602,-4.455523 -0.0602,-1.926712 -0.18063,-3.311537 -0.12042,-1.414929 -0.27094,-2.348181 -0.15053,-0.933251 -0.33116,-1.565454 v -0.120419 h 7.19507 v 0.120419 q -0.18063,0.632203 -0.36126,1.565454 -0.15052,0.933252 -0.27094,2.348181 -0.0903,1.384825 -0.18063,3.311537 -0.0602,1.896608 -0.0602,4.455523 v 19.59828 q 0,2.55891 0.0602,4.48563 0.0903,1.8966 0.18063,3.28143 0.12042,1.38482 0.27094,2.31807 0.18063,0.93326 0.36126,1.56546 v 0.12042 h -7.19507 z"
             id="path89"
             style="font-size:61.6548px;font-family:Marcellus;-inkscape-font-specification:Marcellus;fill:#3a5416;fill-opacity:1;fill-rule:evenodd;stroke:none;stroke-width:2.53877;stroke-linejoin:bevel;stroke-opacity:1;paint-order:stroke fill markers"
             transform="rotate(18.055612)"
             aria-label="I" /><path
             d="m 36.750166,145.69642 q -3.552376,0 -6.41234,0.33115 -2.859964,0.30105 -4.937201,0.66231 -2.408391,0.45157 -4.304998,0.99346 l 0.873041,-4.87699 q 0.361259,0.0301 1.083776,0.0602 0.722517,0.0301 1.595559,0.0602 0.903147,0.0301 1.866503,0.0602 0.993461,0 1.866503,0.0301 0.873041,0 1.535349,0.0301 0.692412,0 0.993461,0 h 17.189888 q 0.301049,0 0.963356,0 0.692412,-0.0301 1.565454,-0.0301 0.873042,-0.0301 1.836398,-0.0301 0.993461,-0.0301 1.866503,-0.0602 0.903146,-0.0301 1.625663,-0.0602 0.722518,-0.0301 1.083776,-0.0602 l 0.873042,4.87699 q -1.926713,-0.54189 -4.335103,-0.99346 -2.077237,-0.36126 -4.937201,-0.66231 -2.859964,-0.33115 -6.41234,-0.33115 v 28.75016 q 0,2.55892 0.06021,4.48563 0.09031,1.89661 0.18063,3.28143 0.120419,1.38483 0.270944,2.31808 0.180629,0.93325 0.361258,1.56545 v 0.12042 H 35.90723 v -0.12042 q 0.18063,-0.6322 0.331154,-1.56545 0.150524,-0.93325 0.270944,-2.31808 0.120419,-1.38482 0.180629,-3.28143 0.06021,-1.92671 0.06021,-4.48563 z"
             id="path90"
             style="font-size:61.6548px;font-family:Marcellus;-inkscape-font-specification:Marcellus;fill:#3a5416;fill-opacity:1;fill-rule:evenodd;stroke:none;stroke-width:2.53877;stroke-linejoin:bevel;stroke-opacity:1;paint-order:stroke fill markers"
             transform="rotate(-25.60554)"
             aria-label="T" /></g><g
           id="g92"
           style="fill:#3a5416;fill-opacity:1;stroke:none;stroke-opacity:1"
           transform="matrix(1.4113474,0,0,1.4113474,1439.751,362.08849)"><path
             d="m 146.37399,116.87328 q 0.18063,-0.6322 0.33116,-1.56546 0.15052,-0.93325 0.27094,-2.31807 0.12042,-1.38483 0.18063,-3.28143 0.0602,-1.92672 0.0602,-4.48563 V 85.62441 q 0,-2.558915 -0.0602,-4.455523 -0.0602,-1.926712 -0.18063,-3.311537 -0.12042,-1.414929 -0.27094,-2.348181 -0.15053,-0.933251 -0.33116,-1.565454 v -0.120419 h 7.19507 v 0.120419 q -0.18063,0.632203 -0.36126,1.565454 -0.15052,0.933252 -0.27094,2.348181 -0.0903,1.384825 -0.18063,3.311537 -0.0602,1.896608 -0.0602,4.455523 v 19.59828 q 0,2.55891 0.0602,4.48563 0.0903,1.8966 0.18063,3.28143 0.12042,1.38482 0.27094,2.31807 0.18063,0.93326 0.36126,1.56546 v 0.12042 h -7.19507 z"
             id="path91"
             style="font-size:61.6548px;font-family:Marcellus;-inkscape-font-specification:Marcellus;fill:#3a5416;fill-opacity:1;fill-rule:evenodd;stroke:none;stroke-width:2.53877;stroke-linejoin:bevel;stroke-opacity:1;paint-order:stroke fill markers"
             transform="rotate(18.055612)"
             aria-label="I" /><path
             d="m 36.750166,145.69642 q -3.552376,0 -6.41234,0.33115 -2.859964,0.30105 -4.937201,0.66231 -2.408391,0.45157 -4.304998,0.99346 l 0.873041,-4.87699 q 0.361259,0.0301 1.083776,0.0602 0.722517,0.0301 1.595559,0.0602 0.903147,0.0301 1.866503,0.0602 0.993461,0 1.866503,0.0301 0.873041,0 1.535349,0.0301 0.692412,0 0.993461,0 h 17.189888 q 0.301049,0 0.963356,0 0.692412,-0.0301 1.565454,-0.0301 0.873042,-0.0301 1.836398,-0.0301 0.993461,-0.0301 1.866503,-0.0602 0.903146,-0.0301 1.625663,-0.0602 0.722518,-0.0301 1.083776,-0.0602 l 0.873042,4.87699 q -1.926713,-0.54189 -4.335103,-0.99346 -2.077237,-0.36126 -4.937201,-0.66231 -2.859964,-0.33115 -6.41234,-0.33115 v 28.75016 q 0,2.55892 0.06021,4.48563 0.09031,1.89661 0.18063,3.28143 0.120419,1.38483 0.270944,2.31808 0.180629,0.93325 0.361258,1.56545 v 0.12042 H 35.90723 v -0.12042 q 0.18063,-0.6322 0.331154,-1.56545 0.150524,-0.93325 0.270944,-2.31808 0.120419,-1.38482 0.180629,-3.28143 0.06021,-1.92671 0.06021,-4.48563 z"
             id="path92"
             style="font-size:61.6548px;font-family:Marcellus;-inkscape-font-specification:Marcellus;fill:#3a5416;fill-opacity:1;fill-rule:evenodd;stroke:none;stroke-width:2.53877;stroke-linejoin:bevel;stroke-opacity:1;paint-order:stroke fill markers"
             transform="rotate(-25.60554)"
             aria-label="T" /></g><g
           id="g94"
           style="fill:#3a5416;fill-opacity:1;stroke:none;stroke-opacity:1"
           transform="matrix(1.4113474,0,0,1.4113474,1508.3735,362.08849)"><path
             d="m 146.37399,116.87328 q 0.18063,-0.6322 0.33116,-1.56546 0.15052,-0.93325 0.27094,-2.31807 0.12042,-1.38483 0.18063,-3.28143 0.0602,-1.92672 0.0602,-4.48563 V 85.62441 q 0,-2.558915 -0.0602,-4.455523 -0.0602,-1.926712 -0.18063,-3.311537 -0.12042,-1.414929 -0.27094,-2.348181 -0.15053,-0.933251 -0.33116,-1.565454 v -0.120419 h 7.19507 v 0.120419 q -0.18063,0.632203 -0.36126,1.565454 -0.15052,0.933252 -0.27094,2.348181 -0.0903,1.384825 -0.18063,3.311537 -0.0602,1.896608 -0.0602,4.455523 v 19.59828 q 0,2.55891 0.0602,4.48563 0.0903,1.8966 0.18063,3.28143 0.12042,1.38482 0.27094,2.31807 0.18063,0.93326 0.36126,1.56546 v 0.12042 h -7.19507 z"
             id="path93"
             style="font-size:61.6548px;font-family:Marcellus;-inkscape-font-specification:Marcellus;fill:#3a5416;fill-opacity:1;fill-rule:evenodd;stroke:none;stroke-width:2.53877;stroke-linejoin:bevel;stroke-opacity:1;paint-order:stroke fill markers"
             transform="rotate(18.055612)"
             aria-label="I" /><path
             d="m 36.750166,145.69642 q -3.552376,0 -6.41234,0.33115 -2.859964,0.30105 -4.937201,0.66231 -2.408391,0.45157 -4.304998,0.99346 l 0.873041,-4.87699 q 0.361259,0.0301 1.083776,0.0602 0.722517,0.0301 1.595559,0.0602 0.903147,0.0301 1.866503,0.0602 0.993461,0 1.866503,0.0301 0.873041,0 1.535349,0.0301 0.692412,0 0.993461,0 h 17.189888 q 0.301049,0 0.963356,0 0.692412,-0.0301 1.565454,-0.0301 0.873042,-0.0301 1.836398,-0.0301 0.993461,-0.0301 1.866503,-0.0602 0.903146,-0.0301 1.625663,-0.0602 0.722518,-0.0301 1.083776,-0.0602 l 0.873042,4.87699 q -1.926713,-0.54189 -4.335103,-0.99346 -2.077237,-0.36126 -4.937201,-0.66231 -2.859964,-0.33115 -6.41234,-0.33115 v 28.75016 q 0,2.55892 0.06021,4.48563 0.09031,1.89661 0.18063,3.28143 0.120419,1.38483 0.270944,2.31808 0.180629,0.93325 0.361258,1.56545 v 0.12042 H 35.90723 v -0.12042 q 0.18063,-0.6322 0.331154,-1.56545 0.150524,-0.93325 0.270944,-2.31808 0.120419,-1.38482 0.180629,-3.28143 0.06021,-1.92671 0.06021,-4.48563 z"
             id="path94"
             style="font-size:61.6548px;font-family:Marcellus;-inkscape-font-specification:Marcellus;fill:#3a5416;fill-opacity:1;fill-rule:evenodd;stroke:none;stroke-width:2.53877;stroke-linejoin:bevel;stroke-opacity:1;paint-order:stroke fill markers"
             transform="rotate(-25.60554)"
             aria-label="T" /></g><g
           id="g96"
           style="fill:#3a5416;fill-opacity:1;stroke:none;stroke-opacity:1"
           transform="matrix(1.4113474,0,0,1.4113474,1575.5713,285.51925)"><path
             d="m 146.37399,116.87328 q 0.18063,-0.6322 0.33116,-1.56546 0.15052,-0.93325 0.27094,-2.31807 0.12042,-1.38483 0.18063,-3.28143 0.0602,-1.92672 0.0602,-4.48563 V 85.62441 q 0,-2.558915 -0.0602,-4.455523 -0.0602,-1.926712 -0.18063,-3.311537 -0.12042,-1.414929 -0.27094,-2.348181 -0.15053,-0.933251 -0.33116,-1.565454 v -0.120419 h 7.19507 v 0.120419 q -0.18063,0.632203 -0.36126,1.565454 -0.15052,0.933252 -0.27094,2.348181 -0.0903,1.384825 -0.18063,3.311537 -0.0602,1.896608 -0.0602,4.455523 v 19.59828 q 0,2.55891 0.0602,4.48563 0.0903,1.8966 0.18063,3.28143 0.12042,1.38482 0.27094,2.31807 0.18063,0.93326 0.36126,1.56546 v 0.12042 h -7.19507 z"
             id="path95"
             style="font-size:61.6548px;font-family:Marcellus;-inkscape-font-specification:Marcellus;fill:#3a5416;fill-opacity:1;fill-rule:evenodd;stroke:none;stroke-width:2.53877;stroke-linejoin:bevel;stroke-opacity:1;paint-order:stroke fill markers"
             transform="rotate(18.055612)"
             aria-label="I" /><path
             d="m 36.750166,145.69642 q -3.552376,0 -6.41234,0.33115 -2.859964,0.30105 -4.937201,0.66231 -2.408391,0.45157 -4.304998,0.99346 l 0.873041,-4.87699 q 0.361259,0.0301 1.083776,0.0602 0.722517,0.0301 1.595559,0.0602 0.903147,0.0301 1.866503,0.0602 0.993461,0 1.866503,0.0301 0.873041,0 1.535349,0.0301 0.692412,0 0.993461,0 h 17.189888 q 0.301049,0 0.963356,0 0.692412,-0.0301 1.565454,-0.0301 0.873042,-0.0301 1.836398,-0.0301 0.993461,-0.0301 1.866503,-0.0602 0.903146,-0.0301 1.625663,-0.0602 0.722518,-0.0301 1.083776,-0.0602 l 0.873042,4.87699 q -1.926713,-0.54189 -4.335103,-0.99346 -2.077237,-0.36126 -4.937201,-0.66231 -2.859964,-0.33115 -6.41234,-0.33115 v 28.75016 q 0,2.55892 0.06021,4.48563 0.09031,1.89661 0.18063,3.28143 0.120419,1.38483 0.270944,2.31808 0.180629,0.93325 0.361258,1.56545 v 0.12042 H 35.90723 v -0.12042 q 0.18063,-0.6322 0.331154,-1.56545 0.150524,-0.93325 0.270944,-2.31808 0.120419,-1.38482 0.180629,-3.28143 0.06021,-1.92671 0.06021,-4.48563 z"
             id="path96"
             style="font-size:61.6548px;font-family:Marcellus;-inkscape-font-specification:Marcellus;fill:#3a5416;fill-opacity:1;fill-rule:evenodd;stroke:none;stroke-width:2.53877;stroke-linejoin:bevel;stroke-opacity:1;paint-order:stroke fill markers"
             transform="rotate(-25.60554)"
             aria-label="T" /></g><g
           id="g98"
           style="fill:#3a5416;fill-opacity:1;stroke:none;stroke-opacity:1"
           transform="matrix(1.4113474,0,0,1.4113474,1644.1938,285.51925)"><path
             d="m 146.37399,116.87328 q 0.18063,-0.6322 0.33116,-1.56546 0.15052,-0.93325 0.27094,-2.31807 0.12042,-1.38483 0.18063,-3.28143 0.0602,-1.92672 0.0602,-4.48563 V 85.62441 q 0,-2.558915 -0.0602,-4.455523 -0.0602,-1.926712 -0.18063,-3.311537 -0.12042,-1.414929 -0.27094,-2.348181 -0.15053,-0.933251 -0.33116,-1.565454 v -0.120419 h 7.19507 v 0.120419 q -0.18063,0.632203 -0.36126,1.565454 -0.15052,0.933252 -0.27094,2.348181 -0.0903,1.384825 -0.18063,3.311537 -0.0602,1.896608 -0.0602,4.455523 v 19.59828 q 0,2.55891 0.0602,4.48563 0.0903,1.8966 0.18063,3.28143 0.12042,1.38482 0.27094,2.31807 0.18063,0.93326 0.36126,1.56546 v 0.12042 h -7.19507 z"
             id="path97"
             style="font-size:61.6548px;font-family:Marcellus;-inkscape-font-specification:Marcellus;fill:#3a5416;fill-opacity:1;fill-rule:evenodd;stroke:none;stroke-width:2.53877;stroke-linejoin:bevel;stroke-opacity:1;paint-order:stroke fill markers"
             transform="rotate(18.055612)"
             aria-label="I" /><path
             d="m 36.750166,145.69642 q -3.552376,0 -6.41234,0.33115 -2.859964,0.30105 -4.937201,0.66231 -2.408391,0.45157 -4.304998,0.99346 l 0.873041,-4.87699 q 0.361259,0.0301 1.083776,0.0602 0.722517,0.0301 1.595559,0.0602 0.903147,0.0301 1.866503,0.0602 0.993461,0 1.866503,0.0301 0.873041,0 1.535349,0.0301 0.692412,0 0.993461,0 h 17.189888 q 0.301049,0 0.963356,0 0.692412,-0.0301 1.565454,-0.0301 0.873042,-0.0301 1.836398,-0.0301 0.993461,-0.0301 1.866503,-0.0602 0.903146,-0.0301 1.625663,-0.0602 0.722518,-0.0301 1.083776,-0.0602 l 0.873042,4.87699 q -1.926713,-0.54189 -4.335103,-0.99346 -2.077237,-0.36126 -4.937201,-0.66231 -2.859964,-0.33115 -6.41234,-0.33115 v 28.75016 q 0,2.55892 0.06021,4.48563 0.09031,1.89661 0.18063,3.28143 0.120419,1.38483 0.270944,2.31808 0.180629,0.93325 0.361258,1.56545 v 0.12042 H 35.90723 v -0.12042 q 0.18063,-0.6322 0.331154,-1.56545 0.150524,-0.93325 0.270944,-2.31808 0.120419,-1.38482 0.180629,-3.28143 0.06021,-1.92671 0.06021,-4.48563 z"
             id="path98"
             style="font-size:61.6548px;font-family:Marcellus;-inkscape-font-specification:Marcellus;fill:#3a5416;fill-opacity:1;fill-rule:evenodd;stroke:none;stroke-width:2.53877;stroke-linejoin:bevel;stroke-opacity:1;paint-order:stroke fill markers"
             transform="rotate(-25.60554)"
             aria-label="T" /></g><g
           id="g100"
           style="fill:#3a5416;fill-opacity:1;stroke:none;stroke-opacity:1"
           transform="matrix(1.4113474,0,0,1.4113474,1576.3869,362.08849)"><path
             d="m 146.37399,116.87328 q 0.18063,-0.6322 0.33116,-1.56546 0.15052,-0.93325 0.27094,-2.31807 0.12042,-1.38483 0.18063,-3.28143 0.0602,-1.92672 0.0602,-4.48563 V 85.62441 q 0,-2.558915 -0.0602,-4.455523 -0.0602,-1.926712 -0.18063,-3.311537 -0.12042,-1.414929 -0.27094,-2.348181 -0.15053,-0.933251 -0.33116,-1.565454 v -0.120419 h 7.19507 v 0.120419 q -0.18063,0.632203 -0.36126,1.565454 -0.15052,0.933252 -0.27094,2.348181 -0.0903,1.384825 -0.18063,3.311537 -0.0602,1.896608 -0.0602,4.455523 v 19.59828 q 0,2.55891 0.0602,4.48563 0.0903,1.8966 0.18063,3.28143 0.12042,1.38482 0.27094,2.31807 0.18063,0.93326 0.36126,1.56546 v 0.12042 h -7.19507 z"
             id="path99"
             style="font-size:61.6548px;font-family:Marcellus;-inkscape-font-specification:Marcellus;fill:#3a5416;fill-opacity:1;fill-rule:evenodd;stroke:none;stroke-width:2.53877;stroke-linejoin:bevel;stroke-opacity:1;paint-order:stroke fill markers"
             transform="rotate(18.055612)"
             aria-label="I" /><path
             d="m 36.750166,145.69642 q -3.552376,0 -6.41234,0.33115 -2.859964,0.30105 -4.937201,0.66231 -2.408391,0.45157 -4.304998,0.99346 l 0.873041,-4.87699 q 0.361259,0.0301 1.083776,0.0602 0.722517,0.0301 1.595559,0.0602 0.903147,0.0301 1.866503,0.0602 0.993461,0 1.866503,0.0301 0.873041,0 1.535349,0.0301 0.692412,0 0.993461,0 h 17.189888 q 0.301049,0 0.963356,0 0.692412,-0.0301 1.565454,-0.0301 0.873042,-0.0301 1.836398,-0.0301 0.993461,-0.0301 1.866503,-0.0602 0.903146,-0.0301 1.625663,-0.0602 0.722518,-0.0301 1.083776,-0.0602 l 0.873042,4.87699 q -1.926713,-0.54189 -4.335103,-0.99346 -2.077237,-0.36126 -4.937201,-0.66231 -2.859964,-0.33115 -6.41234,-0.33115 v 28.75016 q 0,2.55892 0.06021,4.48563 0.09031,1.89661 0.18063,3.28143 0.120419,1.38483 0.270944,2.31808 0.180629,0.93325 0.361258,1.56545 v 0.12042 H 35.90723 v -0.12042 q 0.18063,-0.6322 0.331154,-1.56545 0.150524,-0.93325 0.270944,-2.31808 0.120419,-1.38482 0.180629,-3.28143 0.06021,-1.92671 0.06021,-4.48563 z"
             id="path100"
             style="font-size:61.6548px;font-family:Marcellus;-inkscape-font-specification:Marcellus;fill:#3a5416;fill-opacity:1;fill-rule:evenodd;stroke:none;stroke-width:2.53877;stroke-linejoin:bevel;stroke-opacity:1;paint-order:stroke fill markers"
             transform="rotate(-25.60554)"
             aria-label="T" /></g><g
           id="g102"
           style="fill:#3a5416;fill-opacity:1;stroke:none;stroke-opacity:1"
           transform="matrix(1.4113474,0,0,1.4113474,1645.0094,362.08849)"><path
             d="m 146.37399,116.87328 q 0.18063,-0.6322 0.33116,-1.56546 0.15052,-0.93325 0.27094,-2.31807 0.12042,-1.38483 0.18063,-3.28143 0.0602,-1.92672 0.0602,-4.48563 V 85.62441 q 0,-2.558915 -0.0602,-4.455523 -0.0602,-1.926712 -0.18063,-3.311537 -0.12042,-1.414929 -0.27094,-2.348181 -0.15053,-0.933251 -0.33116,-1.565454 v -0.120419 h 7.19507 v 0.120419 q -0.18063,0.632203 -0.36126,1.565454 -0.15052,0.933252 -0.27094,2.348181 -0.0903,1.384825 -0.18063,3.311537 -0.0602,1.896608 -0.0602,4.455523 v 19.59828 q 0,2.55891 0.0602,4.48563 0.0903,1.8966 0.18063,3.28143 0.12042,1.38482 0.27094,2.31807 0.18063,0.93326 0.36126,1.56546 v 0.12042 h -7.19507 z"
             id="path101"
             style="font-size:61.6548px;font-family:Marcellus;-inkscape-font-specification:Marcellus;fill:#3a5416;fill-opacity:1;fill-rule:evenodd;stroke:none;stroke-width:2.53877;stroke-linejoin:bevel;stroke-opacity:1;paint-order:stroke fill markers"
             transform="rotate(18.055612)"
             aria-label="I" /><path
             d="m 36.750166,145.69642 q -3.552376,0 -6.41234,0.33115 -2.859964,0.30105 -4.937201,0.66231 -2.408391,0.45157 -4.304998,0.99346 l 0.873041,-4.87699 q 0.361259,0.0301 1.083776,0.0602 0.722517,0.0301 1.595559,0.0602 0.903147,0.0301 1.866503,0.0602 0.993461,0 1.866503,0.0301 0.873041,0 1.535349,0.0301 0.692412,0 0.993461,0 h 17.189888 q 0.301049,0 0.963356,0 0.692412,-0.0301 1.565454,-0.0301 0.873042,-0.0301 1.836398,-0.0301 0.993461,-0.0301 1.866503,-0.0602 0.903146,-0.0301 1.625663,-0.0602 0.722518,-0.0301 1.083776,-0.0602 l 0.873042,4.87699 q -1.926713,-0.54189 -4.335103,-0.99346 -2.077237,-0.36126 -4.937201,-0.66231 -2.859964,-0.33115 -6.41234,-0.33115 v 28.75016 q 0,2.55892 0.06021,4.48563 0.09031,1.89661 0.18063,3.28143 0.120419,1.38483 0.270944,2.31808 0.180629,0.93325 0.361258,1.56545 v 0.12042 H 35.90723 v -0.12042 q 0.18063,-0.6322 0.331154,-1.56545 0.150524,-0.93325 0.270944,-2.31808 0.120419,-1.38482 0.180629,-3.28143 0.06021,-1.92671 0.06021,-4.48563 z"
             id="path102"
             style="font-size:61.6548px;font-family:Marcellus;-inkscape-font-specification:Marcellus;fill:#3a5416;fill-opacity:1;fill-rule:evenodd;stroke:none;stroke-width:2.53877;stroke-linejoin:bevel;stroke-opacity:1;paint-order:stroke fill markers"
             transform="rotate(-25.60554)"
             aria-label="T" /></g><g
           id="g104"
           style="fill:#3a5416;fill-opacity:1;stroke:none;stroke-opacity:1"
           transform="matrix(1.4113474,0,0,1.4113474,1575.5713,285.51925)"><path
             d="m 146.37399,116.87328 q 0.18063,-0.6322 0.33116,-1.56546 0.15052,-0.93325 0.27094,-2.31807 0.12042,-1.38483 0.18063,-3.28143 0.0602,-1.92672 0.0602,-4.48563 V 85.62441 q 0,-2.558915 -0.0602,-4.455523 -0.0602,-1.926712 -0.18063,-3.311537 -0.12042,-1.414929 -0.27094,-2.348181 -0.15053,-0.933251 -0.33116,-1.565454 v -0.120419 h 7.19507 v 0.120419 q -0.18063,0.632203 -0.36126,1.565454 -0.15052,0.933252 -0.27094,2.348181 -0.0903,1.384825 -0.18063,3.311537 -0.0602,1.896608 -0.0602,4.455523 v 19.59828 q 0,2.55891 0.0602,4.48563 0.0903,1.8966 0.18063,3.28143 0.12042,1.38482 0.27094,2.31807 0.18063,0.93326 0.36126,1.56546 v 0.12042 h -7.19507 z"
             id="path103"
             style="font-size:61.6548px;font-family:Marcellus;-inkscape-font-specification:Marcellus;fill:#3a5416;fill-opacity:1;fill-rule:evenodd;stroke:none;stroke-width:2.53877;stroke-linejoin:bevel;stroke-opacity:1;paint-order:stroke fill markers"
             transform="rotate(18.055612)"
             aria-label="I" /><path
             d="m 36.750166,145.69642 q -3.552376,0 -6.41234,0.33115 -2.859964,0.30105 -4.937201,0.66231 -2.408391,0.45157 -4.304998,0.99346 l 0.873041,-4.87699 q 0.361259,0.0301 1.083776,0.0602 0.722517,0.0301 1.595559,0.0602 0.903147,0.0301 1.866503,0.0602 0.993461,0 1.866503,0.0301 0.873041,0 1.535349,0.0301 0.692412,0 0.993461,0 h 17.189888 q 0.301049,0 0.963356,0 0.692412,-0.0301 1.565454,-0.0301 0.873042,-0.0301 1.836398,-0.0301 0.993461,-0.0301 1.866503,-0.0602 0.903146,-0.0301 1.625663,-0.0602 0.722518,-0.0301 1.083776,-0.0602 l 0.873042,4.87699 q -1.926713,-0.54189 -4.335103,-0.99346 -2.077237,-0.36126 -4.937201,-0.66231 -2.859964,-0.33115 -6.41234,-0.33115 v 28.75016 q 0,2.55892 0.06021,4.48563 0.09031,1.89661 0.18063,3.28143 0.120419,1.38483 0.270944,2.31808 0.180629,0.93325 0.361258,1.56545 v 0.12042 H 35.90723 v -0.12042 q 0.18063,-0.6322 0.331154,-1.56545 0.150524,-0.93325 0.270944,-2.31808 0.120419,-1.38482 0.180629,-3.28143 0.06021,-1.92671 0.06021,-4.48563 z"
             id="path104"
             style="font-size:61.6548px;font-family:Marcellus;-inkscape-font-specification:Marcellus;fill:#3a5416;fill-opacity:1;fill-rule:evenodd;stroke:none;stroke-width:2.53877;stroke-linejoin:bevel;stroke-opacity:1;paint-order:stroke fill markers"
             transform="rotate(-25.60554)"
             aria-label="T" /></g><g
           id="g106"
           style="fill:#3a5416;fill-opacity:1;stroke:none;stroke-opacity:1"
           transform="matrix(1.4113474,0,0,1.4113474,1644.1938,285.51925)"><path
             d="m 146.37399,116.87328 q 0.18063,-0.6322 0.33116,-1.56546 0.15052,-0.93325 0.27094,-2.31807 0.12042,-1.38483 0.18063,-3.28143 0.0602,-1.92672 0.0602,-4.48563 V 85.62441 q 0,-2.558915 -0.0602,-4.455523 -0.0602,-1.926712 -0.18063,-3.311537 -0.12042,-1.414929 -0.27094,-2.348181 -0.15053,-0.933251 -0.33116,-1.565454 v -0.120419 h 7.19507 v 0.120419 q -0.18063,0.632203 -0.36126,1.565454 -0.15052,0.933252 -0.27094,2.348181 -0.0903,1.384825 -0.18063,3.311537 -0.0602,1.896608 -0.0602,4.455523 v 19.59828 q 0,2.55891 0.0602,4.48563 0.0903,1.8966 0.18063,3.28143 0.12042,1.38482 0.27094,2.31807 0.18063,0.93326 0.36126,1.56546 v 0.12042 h -7.19507 z"
             id="path105"
             style="font-size:61.6548px;font-family:Marcellus;-inkscape-font-specification:Marcellus;fill:#3a5416;fill-opacity:1;fill-rule:evenodd;stroke:none;stroke-width:2.53877;stroke-linejoin:bevel;stroke-opacity:1;paint-order:stroke fill markers"
             transform="rotate(18.055612)"
             aria-label="I" /><path
             d="m 36.750166,145.69642 q -3.552376,0 -6.41234,0.33115 -2.859964,0.30105 -4.937201,0.66231 -2.408391,0.45157 -4.304998,0.99346 l 0.873041,-4.87699 q 0.361259,0.0301 1.083776,0.0602 0.722517,0.0301 1.595559,0.0602 0.903147,0.0301 1.866503,0.0602 0.993461,0 1.866503,0.0301 0.873041,0 1.535349,0.0301 0.692412,0 0.993461,0 h 17.189888 q 0.301049,0 0.963356,0 0.692412,-0.0301 1.565454,-0.0301 0.873042,-0.0301 1.836398,-0.0301 0.993461,-0.0301 1.866503,-0.0602 0.903146,-0.0301 1.625663,-0.0602 0.722518,-0.0301 1.083776,-0.0602 l 0.873042,4.87699 q -1.926713,-0.54189 -4.335103,-0.99346 -2.077237,-0.36126 -4.937201,-0.66231 -2.859964,-0.33115 -6.41234,-0.33115 v 28.75016 q 0,2.55892 0.06021,4.48563 0.09031,1.89661 0.18063,3.28143 0.120419,1.38483 0.270944,2.31808 0.180629,0.93325 0.361258,1.56545 v 0.12042 H 35.90723 v -0.12042 q 0.18063,-0.6322 0.331154,-1.56545 0.150524,-0.93325 0.270944,-2.31808 0.120419,-1.38482 0.180629,-3.28143 0.06021,-1.92671 0.06021,-4.48563 z"
             id="path106"
             style="font-size:61.6548px;font-family:Marcellus;-inkscape-font-specification:Marcellus;fill:#3a5416;fill-opacity:1;fill-rule:evenodd;stroke:none;stroke-width:2.53877;stroke-linejoin:bevel;stroke-opacity:1;paint-order:stroke fill markers"
             transform="rotate(-25.60554)"
             aria-label="T" /></g><g
           id="g108"
           style="fill:#3a5416;fill-opacity:1;stroke:none;stroke-opacity:1"
           transform="matrix(1.4113474,0,0,1.4113474,1576.3869,362.08849)"><path
             d="m 146.37399,116.87328 q 0.18063,-0.6322 0.33116,-1.56546 0.15052,-0.93325 0.27094,-2.31807 0.12042,-1.38483 0.18063,-3.28143 0.0602,-1.92672 0.0602,-4.48563 V 85.62441 q 0,-2.558915 -0.0602,-4.455523 -0.0602,-1.926712 -0.18063,-3.311537 -0.12042,-1.414929 -0.27094,-2.348181 -0.15053,-0.933251 -0.33116,-1.565454 v -0.120419 h 7.19507 v 0.120419 q -0.18063,0.632203 -0.36126,1.565454 -0.15052,0.933252 -0.27094,2.348181 -0.0903,1.384825 -0.18063,3.311537 -0.0602,1.896608 -0.0602,4.455523 v 19.59828 q 0,2.55891 0.0602,4.48563 0.0903,1.8966 0.18063,3.28143 0.12042,1.38482 0.27094,2.31807 0.18063,0.93326 0.36126,1.56546 v 0.12042 h -7.19507 z"
             id="path107"
             style="font-size:61.6548px;font-family:Marcellus;-inkscape-font-specification:Marcellus;fill:#3a5416;fill-opacity:1;fill-rule:evenodd;stroke:none;stroke-width:2.53877;stroke-linejoin:bevel;stroke-opacity:1;paint-order:stroke fill markers"
             transform="rotate(18.055612)"
             aria-label="I" /><path
             d="m 36.750166,145.69642 q -3.552376,0 -6.41234,0.33115 -2.859964,0.30105 -4.937201,0.66231 -2.408391,0.45157 -4.304998,0.99346 l 0.873041,-4.87699 q 0.361259,0.0301 1.083776,0.0602 0.722517,0.0301 1.595559,0.0602 0.903147,0.0301 1.866503,0.0602 0.993461,0 1.866503,0.0301 0.873041,0 1.535349,0.0301 0.692412,0 0.993461,0 h 17.189888 q 0.301049,0 0.963356,0 0.692412,-0.0301 1.565454,-0.0301 0.873042,-0.0301 1.836398,-0.0301 0.993461,-0.0301 1.866503,-0.0602 0.903146,-0.0301 1.625663,-0.0602 0.722518,-0.0301 1.083776,-0.0602 l 0.873042,4.87699 q -1.926713,-0.54189 -4.335103,-0.99346 -2.077237,-0.36126 -4.937201,-0.66231 -2.859964,-0.33115 -6.41234,-0.33115 v 28.75016 q 0,2.55892 0.06021,4.48563 0.09031,1.89661 0.18063,3.28143 0.120419,1.38483 0.270944,2.31808 0.180629,0.93325 0.361258,1.56545 v 0.12042 H 35.90723 v -0.12042 q 0.18063,-0.6322 0.331154,-1.56545 0.150524,-0.93325 0.270944,-2.31808 0.120419,-1.38482 0.180629,-3.28143 0.06021,-1.92671 0.06021,-4.48563 z"
             id="path108"
             style="font-size:61.6548px;font-family:Marcellus;-inkscape-font-specification:Marcellus;fill:#3a5416;fill-opacity:1;fill-rule:evenodd;stroke:none;stroke-width:2.53877;stroke-linejoin:bevel;stroke-opacity:1;paint-order:stroke fill markers"
             transform="rotate(-25.60554)"
             aria-label="T" /></g><g
           id="g110"
           style="fill:#3a5416;fill-opacity:1;stroke:none;stroke-opacity:1"
           transform="matrix(1.4113474,0,0,1.4113474,1645.0094,362.08849)"><path
             d="m 146.37399,116.87328 q 0.18063,-0.6322 0.33116,-1.56546 0.15052,-0.93325 0.27094,-2.31807 0.12042,-1.38483 0.18063,-3.28143 0.0602,-1.92672 0.0602,-4.48563 V 85.62441 q 0,-2.558915 -0.0602,-4.455523 -0.0602,-1.926712 -0.18063,-3.311537 -0.12042,-1.414929 -0.27094,-2.348181 -0.15053,-0.933251 -0.33116,-1.565454 v -0.120419 h 7.19507 v 0.120419 q -0.18063,0.632203 -0.36126,1.565454 -0.15052,0.933252 -0.27094,2.348181 -0.0903,1.384825 -0.18063,3.311537 -0.0602,1.896608 -0.0602,4.455523 v 19.59828 q 0,2.55891 0.0602,4.48563 0.0903,1.8966 0.18063,3.28143 0.12042,1.38482 0.27094,2.31807 0.18063,0.93326 0.36126,1.56546 v 0.12042 h -7.19507 z"
             id="path109"
             style="font-size:61.6548px;font-family:Marcellus;-inkscape-font-specification:Marcellus;fill:#3a5416;fill-opacity:1;fill-rule:evenodd;stroke:none;stroke-width:2.53877;stroke-linejoin:bevel;stroke-opacity:1;paint-order:stroke fill markers"
             transform="rotate(18.055612)"
             aria-label="I" /><path
             d="m 36.750166,145.69642 q -3.552376,0 -6.41234,0.33115 -2.859964,0.30105 -4.937201,0.66231 -2.408391,0.45157 -4.304998,0.99346 l 0.873041,-4.87699 q 0.361259,0.0301 1.083776,0.0602 0.722517,0.0301 1.595559,0.0602 0.903147,0.0301 1.866503,0.0602 0.993461,0 1.866503,0.0301 0.873041,0 1.535349,0.0301 0.692412,0 0.993461,0 h 17.189888 q 0.301049,0 0.963356,0 0.692412,-0.0301 1.565454,-0.0301 0.873042,-0.0301 1.836398,-0.0301 0.993461,-0.0301 1.866503,-0.0602 0.903146,-0.0301 1.625663,-0.0602 0.722518,-0.0301 1.083776,-0.0602 l 0.873042,4.87699 q -1.926713,-0.54189 -4.335103,-0.99346 -2.077237,-0.36126 -4.937201,-0.66231 -2.859964,-0.33115 -6.41234,-0.33115 v 28.75016 q 0,2.55892 0.06021,4.48563 0.09031,1.89661 0.18063,3.28143 0.120419,1.38483 0.270944,2.31808 0.180629,0.93325 0.361258,1.56545 v 0.12042 H 35.90723 v -0.12042 q 0.18063,-0.6322 0.331154,-1.56545 0.150524,-0.93325 0.270944,-2.31808 0.120419,-1.38482 0.180629,-3.28143 0.06021,-1.92671 0.06021,-4.48563 z"
             id="path110"
             style="font-size:61.6548px;font-family:Marcellus;-inkscape-font-specification:Marcellus;fill:#3a5416;fill-opacity:1;fill-rule:evenodd;stroke:none;stroke-width:2.53877;stroke-linejoin:bevel;stroke-opacity:1;paint-order:stroke fill markers"
             transform="rotate(-25.60554)"
             aria-label="T" /></g><g
           id="g112"
           style="fill:#3a5416;fill-opacity:1;stroke:none;stroke-opacity:1"
           transform="matrix(1.4113474,0,0,1.4113474,1438.9354,285.51925)"><path
             d="m 146.37399,116.87328 q 0.18063,-0.6322 0.33116,-1.56546 0.15052,-0.93325 0.27094,-2.31807 0.12042,-1.38483 0.18063,-3.28143 0.0602,-1.92672 0.0602,-4.48563 V 85.62441 q 0,-2.558915 -0.0602,-4.455523 -0.0602,-1.926712 -0.18063,-3.311537 -0.12042,-1.414929 -0.27094,-2.348181 -0.15053,-0.933251 -0.33116,-1.565454 v -0.120419 h 7.19507 v 0.120419 q -0.18063,0.632203 -0.36126,1.565454 -0.15052,0.933252 -0.27094,2.348181 -0.0903,1.384825 -0.18063,3.311537 -0.0602,1.896608 -0.0602,4.455523 v 19.59828 q 0,2.55891 0.0602,4.48563 0.0903,1.8966 0.18063,3.28143 0.12042,1.38482 0.27094,2.31807 0.18063,0.93326 0.36126,1.56546 v 0.12042 h -7.19507 z"
             id="path111"
             style="font-size:61.6548px;font-family:Marcellus;-inkscape-font-specification:Marcellus;fill:#3a5416;fill-opacity:1;fill-rule:evenodd;stroke:none;stroke-width:2.53877;stroke-linejoin:bevel;stroke-opacity:1;paint-order:stroke fill markers"
             transform="rotate(18.055612)"
             aria-label="I" /><path
             d="m 36.750166,145.69642 q -3.552376,0 -6.41234,0.33115 -2.859964,0.30105 -4.937201,0.66231 -2.408391,0.45157 -4.304998,0.99346 l 0.873041,-4.87699 q 0.361259,0.0301 1.083776,0.0602 0.722517,0.0301 1.595559,0.0602 0.903147,0.0301 1.866503,0.0602 0.993461,0 1.866503,0.0301 0.873041,0 1.535349,0.0301 0.692412,0 0.993461,0 h 17.189888 q 0.301049,0 0.963356,0 0.692412,-0.0301 1.565454,-0.0301 0.873042,-0.0301 1.836398,-0.0301 0.993461,-0.0301 1.866503,-0.0602 0.903146,-0.0301 1.625663,-0.0602 0.722518,-0.0301 1.083776,-0.0602 l 0.873042,4.87699 q -1.926713,-0.54189 -4.335103,-0.99346 -2.077237,-0.36126 -4.937201,-0.66231 -2.859964,-0.33115 -6.41234,-0.33115 v 28.75016 q 0,2.55892 0.06021,4.48563 0.09031,1.89661 0.18063,3.28143 0.120419,1.38483 0.270944,2.31808 0.180629,0.93325 0.361258,1.56545 v 0.12042 H 35.90723 v -0.12042 q 0.18063,-0.6322 0.331154,-1.56545 0.150524,-0.93325 0.270944,-2.31808 0.120419,-1.38482 0.180629,-3.28143 0.06021,-1.92671 0.06021,-4.48563 z"
             id="path112"
             style="font-size:61.6548px;font-family:Marcellus;-inkscape-font-specification:Marcellus;fill:#3a5416;fill-opacity:1;fill-rule:evenodd;stroke:none;stroke-width:2.53877;stroke-linejoin:bevel;stroke-opacity:1;paint-order:stroke fill markers"
             transform="rotate(-25.60554)"
             aria-label="T" /></g><g
           id="g114"
           style="fill:#3a5416;fill-opacity:1;stroke:none;stroke-opacity:1"
           transform="matrix(1.4113474,0,0,1.4113474,1507.5579,285.51925)"><path
             d="m 146.37399,116.87328 q 0.18063,-0.6322 0.33116,-1.56546 0.15052,-0.93325 0.27094,-2.31807 0.12042,-1.38483 0.18063,-3.28143 0.0602,-1.92672 0.0602,-4.48563 V 85.62441 q 0,-2.558915 -0.0602,-4.455523 -0.0602,-1.926712 -0.18063,-3.311537 -0.12042,-1.414929 -0.27094,-2.348181 -0.15053,-0.933251 -0.33116,-1.565454 v -0.120419 h 7.19507 v 0.120419 q -0.18063,0.632203 -0.36126,1.565454 -0.15052,0.933252 -0.27094,2.348181 -0.0903,1.384825 -0.18063,3.311537 -0.0602,1.896608 -0.0602,4.455523 v 19.59828 q 0,2.55891 0.0602,4.48563 0.0903,1.8966 0.18063,3.28143 0.12042,1.38482 0.27094,2.31807 0.18063,0.93326 0.36126,1.56546 v 0.12042 h -7.19507 z"
             id="path113"
             style="font-size:61.6548px;font-family:Marcellus;-inkscape-font-specification:Marcellus;fill:#3a5416;fill-opacity:1;fill-rule:evenodd;stroke:none;stroke-width:2.53877;stroke-linejoin:bevel;stroke-opacity:1;paint-order:stroke fill markers"
             transform="rotate(18.055612)"
             aria-label="I" /><path
             d="m 36.750166,145.69642 q -3.552376,0 -6.41234,0.33115 -2.859964,0.30105 -4.937201,0.66231 -2.408391,0.45157 -4.304998,0.99346 l 0.873041,-4.87699 q 0.361259,0.0301 1.083776,0.0602 0.722517,0.0301 1.595559,0.0602 0.903147,0.0301 1.866503,0.0602 0.993461,0 1.866503,0.0301 0.873041,0 1.535349,0.0301 0.692412,0 0.993461,0 h 17.189888 q 0.301049,0 0.963356,0 0.692412,-0.0301 1.565454,-0.0301 0.873042,-0.0301 1.836398,-0.0301 0.993461,-0.0301 1.866503,-0.0602 0.903146,-0.0301 1.625663,-0.0602 0.722518,-0.0301 1.083776,-0.0602 l 0.873042,4.87699 q -1.926713,-0.54189 -4.335103,-0.99346 -2.077237,-0.36126 -4.937201,-0.66231 -2.859964,-0.33115 -6.41234,-0.33115 v 28.75016 q 0,2.55892 0.06021,4.48563 0.09031,1.89661 0.18063,3.28143 0.120419,1.38483 0.270944,2.31808 0.180629,0.93325 0.361258,1.56545 v 0.12042 H 35.90723 v -0.12042 q 0.18063,-0.6322 0.331154,-1.56545 0.150524,-0.93325 0.270944,-2.31808 0.120419,-1.38482 0.180629,-3.28143 0.06021,-1.92671 0.06021,-4.48563 z"
             id="path114"
             style="font-size:61.6548px;font-family:Marcellus;-inkscape-font-specification:Marcellus;fill:#3a5416;fill-opacity:1;fill-rule:evenodd;stroke:none;stroke-width:2.53877;stroke-linejoin:bevel;stroke-opacity:1;paint-order:stroke fill markers"
             transform="rotate(-25.60554)"
             aria-label="T" /></g><g
           id="g116"
           style="fill:#3a5416;fill-opacity:1;stroke:none;stroke-opacity:1"
           transform="matrix(1.4113474,0,0,1.4113474,1439.751,362.08849)"><path
             d="m 146.37399,116.87328 q 0.18063,-0.6322 0.33116,-1.56546 0.15052,-0.93325 0.27094,-2.31807 0.12042,-1.38483 0.18063,-3.28143 0.0602,-1.92672 0.0602,-4.48563 V 85.62441 q 0,-2.558915 -0.0602,-4.455523 -0.0602,-1.926712 -0.18063,-3.311537 -0.12042,-1.414929 -0.27094,-2.348181 -0.15053,-0.933251 -0.33116,-1.565454 v -0.120419 h 7.19507 v 0.120419 q -0.18063,0.632203 -0.36126,1.565454 -0.15052,0.933252 -0.27094,2.348181 -0.0903,1.384825 -0.18063,3.311537 -0.0602,1.896608 -0.0602,4.455523 v 19.59828 q 0,2.55891 0.0602,4.48563 0.0903,1.8966 0.18063,3.28143 0.12042,1.38482 0.27094,2.31807 0.18063,0.93326 0.36126,1.56546 v 0.12042 h -7.19507 z"
             id="path115"
             style="font-size:61.6548px;font-family:Marcellus;-inkscape-font-specification:Marcellus;fill:#3a5416;fill-opacity:1;fill-rule:evenodd;stroke:none;stroke-width:2.53877;stroke-linejoin:bevel;stroke-opacity:1;paint-order:stroke fill markers"
             transform="rotate(18.055612)"
             aria-label="I" /><path
             d="m 36.750166,145.69642 q -3.552376,0 -6.41234,0.33115 -2.859964,0.30105 -4.937201,0.66231 -2.408391,0.45157 -4.304998,0.99346 l 0.873041,-4.87699 q 0.361259,0.0301 1.083776,0.0602 0.722517,0.0301 1.595559,0.0602 0.903147,0.0301 1.866503,0.0602 0.993461,0 1.866503,0.0301 0.873041,0 1.535349,0.0301 0.692412,0 0.993461,0 h 17.189888 q 0.301049,0 0.963356,0 0.692412,-0.0301 1.565454,-0.0301 0.873042,-0.0301 1.836398,-0.0301 0.993461,-0.0301 1.866503,-0.0602 0.903146,-0.0301 1.625663,-0.0602 0.722518,-0.0301 1.083776,-0.0602 l 0.873042,4.87699 q -1.926713,-0.54189 -4.335103,-0.99346 -2.077237,-0.36126 -4.937201,-0.66231 -2.859964,-0.33115 -6.41234,-0.33115 v 28.75016 q 0,2.55892 0.06021,4.48563 0.09031,1.89661 0.18063,3.28143 0.120419,1.38483 0.270944,2.31808 0.180629,0.93325 0.361258,1.56545 v 0.12042 H 35.90723 v -0.12042 q 0.18063,-0.6322 0.331154,-1.56545 0.150524,-0.93325 0.270944,-2.31808 0.120419,-1.38482 0.180629,-3.28143 0.06021,-1.92671 0.06021,-4.48563 z"
             id="path116"
             style="font-size:61.6548px;font-family:Marcellus;-inkscape-font-specification:Marcellus;fill:#3a5416;fill-opacity:1;fill-rule:evenodd;stroke:none;stroke-width:2.53877;stroke-linejoin:bevel;stroke-opacity:1;paint-order:stroke fill markers"
             transform="rotate(-25.60554)"
             aria-label="T" /></g><g
           id="g118"
           style="fill:#3a5416;fill-opacity:1;stroke:none;stroke-opacity:1"
           transform="matrix(1.4113474,0,0,1.4113474,1508.3735,362.08849)"><path
             d="m 146.37399,116.87328 q 0.18063,-0.6322 0.33116,-1.56546 0.15052,-0.93325 0.27094,-2.31807 0.12042,-1.38483 0.18063,-3.28143 0.0602,-1.92672 0.0602,-4.48563 V 85.62441 q 0,-2.558915 -0.0602,-4.455523 -0.0602,-1.926712 -0.18063,-3.311537 -0.12042,-1.414929 -0.27094,-2.348181 -0.15053,-0.933251 -0.33116,-1.565454 v -0.120419 h 7.19507 v 0.120419 q -0.18063,0.632203 -0.36126,1.565454 -0.15052,0.933252 -0.27094,2.348181 -0.0903,1.384825 -0.18063,3.311537 -0.0602,1.896608 -0.0602,4.455523 v 19.59828 q 0,2.55891 0.0602,4.48563 0.0903,1.8966 0.18063,3.28143 0.12042,1.38482 0.27094,2.31807 0.18063,0.93326 0.36126,1.56546 v 0.12042 h -7.19507 z"
             id="path117"
             style="font-size:61.6548px;font-family:Marcellus;-inkscape-font-specification:Marcellus;fill:#3a5416;fill-opacity:1;fill-rule:evenodd;stroke:none;stroke-width:2.53877;stroke-linejoin:bevel;stroke-opacity:1;paint-order:stroke fill markers"
             transform="rotate(18.055612)"
             aria-label="I" /><path
             d="m 36.750166,145.69642 q -3.552376,0 -6.41234,0.33115 -2.859964,0.30105 -4.937201,0.66231 -2.408391,0.45157 -4.304998,0.99346 l 0.873041,-4.87699 q 0.361259,0.0301 1.083776,0.0602 0.722517,0.0301 1.595559,0.0602 0.903147,0.0301 1.866503,0.0602 0.993461,0 1.866503,0.0301 0.873041,0 1.535349,0.0301 0.692412,0 0.993461,0 h 17.189888 q 0.301049,0 0.963356,0 0.692412,-0.0301 1.565454,-0.0301 0.873042,-0.0301 1.836398,-0.0301 0.993461,-0.0301 1.866503,-0.0602 0.903146,-0.0301 1.625663,-0.0602 0.722518,-0.0301 1.083776,-0.0602 l 0.873042,4.87699 q -1.926713,-0.54189 -4.335103,-0.99346 -2.077237,-0.36126 -4.937201,-0.66231 -2.859964,-0.33115 -6.41234,-0.33115 v 28.75016 q 0,2.55892 0.06021,4.48563 0.09031,1.89661 0.18063,3.28143 0.120419,1.38483 0.270944,2.31808 0.180629,0.93325 0.361258,1.56545 v 0.12042 H 35.90723 v -0.12042 q 0.18063,-0.6322 0.331154,-1.56545 0.150524,-0.93325 0.270944,-2.31808 0.120419,-1.38482 0.180629,-3.28143 0.06021,-1.92671 0.06021,-4.48563 z"
             id="path118"
             style="font-size:61.6548px;font-family:Marcellus;-inkscape-font-specification:Marcellus;fill:#3a5416;fill-opacity:1;fill-rule:evenodd;stroke:none;stroke-width:2.53877;stroke-linejoin:bevel;stroke-opacity:1;paint-order:stroke fill markers"
             transform="rotate(-25.60554)"
             aria-label="T" /></g><g
           id="g120"
           style="fill:#3a5416;fill-opacity:1;stroke:none;stroke-opacity:1"
           transform="matrix(1.4113474,0,0,1.4113474,1438.9354,285.51925)"><path
             d="m 146.37399,116.87328 q 0.18063,-0.6322 0.33116,-1.56546 0.15052,-0.93325 0.27094,-2.31807 0.12042,-1.38483 0.18063,-3.28143 0.0602,-1.92672 0.0602,-4.48563 V 85.62441 q 0,-2.558915 -0.0602,-4.455523 -0.0602,-1.926712 -0.18063,-3.311537 -0.12042,-1.414929 -0.27094,-2.348181 -0.15053,-0.933251 -0.33116,-1.565454 v -0.120419 h 7.19507 v 0.120419 q -0.18063,0.632203 -0.36126,1.565454 -0.15052,0.933252 -0.27094,2.348181 -0.0903,1.384825 -0.18063,3.311537 -0.0602,1.896608 -0.0602,4.455523 v 19.59828 q 0,2.55891 0.0602,4.48563 0.0903,1.8966 0.18063,3.28143 0.12042,1.38482 0.27094,2.31807 0.18063,0.93326 0.36126,1.56546 v 0.12042 h -7.19507 z"
             id="path119"
             style="font-size:61.6548px;font-family:Marcellus;-inkscape-font-specification:Marcellus;fill:#3a5416;fill-opacity:1;fill-rule:evenodd;stroke:none;stroke-width:2.53877;stroke-linejoin:bevel;stroke-opacity:1;paint-order:stroke fill markers"
             transform="rotate(18.055612)"
             aria-label="I" /><path
             d="m 36.750166,145.69642 q -3.552376,0 -6.41234,0.33115 -2.859964,0.30105 -4.937201,0.66231 -2.408391,0.45157 -4.304998,0.99346 l 0.873041,-4.87699 q 0.361259,0.0301 1.083776,0.0602 0.722517,0.0301 1.595559,0.0602 0.903147,0.0301 1.866503,0.0602 0.993461,0 1.866503,0.0301 0.873041,0 1.535349,0.0301 0.692412,0 0.993461,0 h 17.189888 q 0.301049,0 0.963356,0 0.692412,-0.0301 1.565454,-0.0301 0.873042,-0.0301 1.836398,-0.0301 0.993461,-0.0301 1.866503,-0.0602 0.903146,-0.0301 1.625663,-0.0602 0.722518,-0.0301 1.083776,-0.0602 l 0.873042,4.87699 q -1.926713,-0.54189 -4.335103,-0.99346 -2.077237,-0.36126 -4.937201,-0.66231 -2.859964,-0.33115 -6.41234,-0.33115 v 28.75016 q 0,2.55892 0.06021,4.48563 0.09031,1.89661 0.18063,3.28143 0.120419,1.38483 0.270944,2.31808 0.180629,0.93325 0.361258,1.56545 v 0.12042 H 35.90723 v -0.12042 q 0.18063,-0.6322 0.331154,-1.56545 0.150524,-0.93325 0.270944,-2.31808 0.120419,-1.38482 0.180629,-3.28143 0.06021,-1.92671 0.06021,-4.48563 z"
             id="path120"
             style="font-size:61.6548px;font-family:Marcellus;-inkscape-font-specification:Marcellus;fill:#3a5416;fill-opacity:1;fill-rule:evenodd;stroke:none;stroke-width:2.53877;stroke-linejoin:bevel;stroke-opacity:1;paint-order:stroke fill markers"
             transform="rotate(-25.60554)"
             aria-label="T" /></g><g
           id="g122"
           style="fill:#3a5416;fill-opacity:1;stroke:none;stroke-opacity:1"
           transform="matrix(1.4113474,0,0,1.4113474,1507.5579,285.51925)"><path
             d="m 146.37399,116.87328 q 0.18063,-0.6322 0.33116,-1.56546 0.15052,-0.93325 0.27094,-2.31807 0.12042,-1.38483 0.18063,-3.28143 0.0602,-1.92672 0.0602,-4.48563 V 85.62441 q 0,-2.558915 -0.0602,-4.455523 -0.0602,-1.926712 -0.18063,-3.311537 -0.12042,-1.414929 -0.27094,-2.348181 -0.15053,-0.933251 -0.33116,-1.565454 v -0.120419 h 7.19507 v 0.120419 q -0.18063,0.632203 -0.36126,1.565454 -0.15052,0.933252 -0.27094,2.348181 -0.0903,1.384825 -0.18063,3.311537 -0.0602,1.896608 -0.0602,4.455523 v 19.59828 q 0,2.55891 0.0602,4.48563 0.0903,1.8966 0.18063,3.28143 0.12042,1.38482 0.27094,2.31807 0.18063,0.93326 0.36126,1.56546 v 0.12042 h -7.19507 z"
             id="path121"
             style="font-size:61.6548px;font-family:Marcellus;-inkscape-font-specification:Marcellus;fill:#3a5416;fill-opacity:1;fill-rule:evenodd;stroke:none;stroke-width:2.53877;stroke-linejoin:bevel;stroke-opacity:1;paint-order:stroke fill markers"
             transform="rotate(18.055612)"
             aria-label="I" /><path
             d="m 36.750166,145.69642 q -3.552376,0 -6.41234,0.33115 -2.859964,0.30105 -4.937201,0.66231 -2.408391,0.45157 -4.304998,0.99346 l 0.873041,-4.87699 q 0.361259,0.0301 1.083776,0.0602 0.722517,0.0301 1.595559,0.0602 0.903147,0.0301 1.866503,0.0602 0.993461,0 1.866503,0.0301 0.873041,0 1.535349,0.0301 0.692412,0 0.993461,0 h 17.189888 q 0.301049,0 0.963356,0 0.692412,-0.0301 1.565454,-0.0301 0.873042,-0.0301 1.836398,-0.0301 0.993461,-0.0301 1.866503,-0.0602 0.903146,-0.0301 1.625663,-0.0602 0.722518,-0.0301 1.083776,-0.0602 l 0.873042,4.87699 q -1.926713,-0.54189 -4.335103,-0.99346 -2.077237,-0.36126 -4.937201,-0.66231 -2.859964,-0.33115 -6.41234,-0.33115 v 28.75016 q 0,2.55892 0.06021,4.48563 0.09031,1.89661 0.18063,3.28143 0.120419,1.38483 0.270944,2.31808 0.180629,0.93325 0.361258,1.56545 v 0.12042 H 35.90723 v -0.12042 q 0.18063,-0.6322 0.331154,-1.56545 0.150524,-0.93325 0.270944,-2.31808 0.120419,-1.38482 0.180629,-3.28143 0.06021,-1.92671 0.06021,-4.48563 z"
             id="path122"
             style="font-size:61.6548px;font-family:Marcellus;-inkscape-font-specification:Marcellus;fill:#3a5416;fill-opacity:1;fill-rule:evenodd;stroke:none;stroke-width:2.53877;stroke-linejoin:bevel;stroke-opacity:1;paint-order:stroke fill markers"
             transform="rotate(-25.60554)"
             aria-label="T" /></g><g
           id="g124"
           style="fill:#3a5416;fill-opacity:1;stroke:none;stroke-opacity:1"
           transform="matrix(1.4113474,0,0,1.4113474,1439.751,362.08849)"><path
             d="m 146.37399,116.87328 q 0.18063,-0.6322 0.33116,-1.56546 0.15052,-0.93325 0.27094,-2.31807 0.12042,-1.38483 0.18063,-3.28143 0.0602,-1.92672 0.0602,-4.48563 V 85.62441 q 0,-2.558915 -0.0602,-4.455523 -0.0602,-1.926712 -0.18063,-3.311537 -0.12042,-1.414929 -0.27094,-2.348181 -0.15053,-0.933251 -0.33116,-1.565454 v -0.120419 h 7.19507 v 0.120419 q -0.18063,0.632203 -0.36126,1.565454 -0.15052,0.933252 -0.27094,2.348181 -0.0903,1.384825 -0.18063,3.311537 -0.0602,1.896608 -0.0602,4.455523 v 19.59828 q 0,2.55891 0.0602,4.48563 0.0903,1.8966 0.18063,3.28143 0.12042,1.38482 0.27094,2.31807 0.18063,0.93326 0.36126,1.56546 v 0.12042 h -7.19507 z"
             id="path123"
             style="font-size:61.6548px;font-family:Marcellus;-inkscape-font-specification:Marcellus;fill:#3a5416;fill-opacity:1;fill-rule:evenodd;stroke:none;stroke-width:2.53877;stroke-linejoin:bevel;stroke-opacity:1;paint-order:stroke fill markers"
             transform="rotate(18.055612)"
             aria-label="I" /><path
             d="m 36.750166,145.69642 q -3.552376,0 -6.41234,0.33115 -2.859964,0.30105 -4.937201,0.66231 -2.408391,0.45157 -4.304998,0.99346 l 0.873041,-4.87699 q 0.361259,0.0301 1.083776,0.0602 0.722517,0.0301 1.595559,0.0602 0.903147,0.0301 1.866503,0.0602 0.993461,0 1.866503,0.0301 0.873041,0 1.535349,0.0301 0.692412,0 0.993461,0 h 17.189888 q 0.301049,0 0.963356,0 0.692412,-0.0301 1.565454,-0.0301 0.873042,-0.0301 1.836398,-0.0301 0.993461,-0.0301 1.866503,-0.0602 0.903146,-0.0301 1.625663,-0.0602 0.722518,-0.0301 1.083776,-0.0602 l 0.873042,4.87699 q -1.926713,-0.54189 -4.335103,-0.99346 -2.077237,-0.36126 -4.937201,-0.66231 -2.859964,-0.33115 -6.41234,-0.33115 v 28.75016 q 0,2.55892 0.06021,4.48563 0.09031,1.89661 0.18063,3.28143 0.120419,1.38483 0.270944,2.31808 0.180629,0.93325 0.361258,1.56545 v 0.12042 H 35.90723 v -0.12042 q 0.18063,-0.6322 0.331154,-1.56545 0.150524,-0.93325 0.270944,-2.31808 0.120419,-1.38482 0.180629,-3.28143 0.06021,-1.92671 0.06021,-4.48563 z"
             id="path124"
             style="font-size:61.6548px;font-family:Marcellus;-inkscape-font-specification:Marcellus;fill:#3a5416;fill-opacity:1;fill-rule:evenodd;stroke:none;stroke-width:2.53877;stroke-linejoin:bevel;stroke-opacity:1;paint-order:stroke fill markers"
             transform="rotate(-25.60554)"
             aria-label="T" /></g><g
           id="g126"
           style="fill:#3a5416;fill-opacity:1;stroke:none;stroke-opacity:1"
           transform="matrix(1.4113474,0,0,1.4113474,1508.3735,362.08849)"><path
             d="m 146.37399,116.87328 q 0.18063,-0.6322 0.33116,-1.56546 0.15052,-0.93325 0.27094,-2.31807 0.12042,-1.38483 0.18063,-3.28143 0.0602,-1.92672 0.0602,-4.48563 V 85.62441 q 0,-2.558915 -0.0602,-4.455523 -0.0602,-1.926712 -0.18063,-3.311537 -0.12042,-1.414929 -0.27094,-2.348181 -0.15053,-0.933251 -0.33116,-1.565454 v -0.120419 h 7.19507 v 0.120419 q -0.18063,0.632203 -0.36126,1.565454 -0.15052,0.933252 -0.27094,2.348181 -0.0903,1.384825 -0.18063,3.311537 -0.0602,1.896608 -0.0602,4.455523 v 19.59828 q 0,2.55891 0.0602,4.48563 0.0903,1.8966 0.18063,3.28143 0.12042,1.38482 0.27094,2.31807 0.18063,0.93326 0.36126,1.56546 v 0.12042 h -7.19507 z"
             id="path125"
             style="font-size:61.6548px;font-family:Marcellus;-inkscape-font-specification:Marcellus;fill:#3a5416;fill-opacity:1;fill-rule:evenodd;stroke:none;stroke-width:2.53877;stroke-linejoin:bevel;stroke-opacity:1;paint-order:stroke fill markers"
             transform="rotate(18.055612)"
             aria-label="I" /><path
             d="m 36.750166,145.69642 q -3.552376,0 -6.41234,0.33115 -2.859964,0.30105 -4.937201,0.66231 -2.408391,0.45157 -4.304998,0.99346 l 0.873041,-4.87699 q 0.361259,0.0301 1.083776,0.0602 0.722517,0.0301 1.595559,0.0602 0.903147,0.0301 1.866503,0.0602 0.993461,0 1.866503,0.0301 0.873041,0 1.535349,0.0301 0.692412,0 0.993461,0 h 17.189888 q 0.301049,0 0.963356,0 0.692412,-0.0301 1.565454,-0.0301 0.873042,-0.0301 1.836398,-0.0301 0.993461,-0.0301 1.866503,-0.0602 0.903146,-0.0301 1.625663,-0.0602 0.722518,-0.0301 1.083776,-0.0602 l 0.873042,4.87699 q -1.926713,-0.54189 -4.335103,-0.99346 -2.077237,-0.36126 -4.937201,-0.66231 -2.859964,-0.33115 -6.41234,-0.33115 v 28.75016 q 0,2.55892 0.06021,4.48563 0.09031,1.89661 0.18063,3.28143 0.120419,1.38483 0.270944,2.31808 0.180629,0.93325 0.361258,1.56545 v 0.12042 H 35.90723 v -0.12042 q 0.18063,-0.6322 0.331154,-1.56545 0.150524,-0.93325 0.270944,-2.31808 0.120419,-1.38482 0.180629,-3.28143 0.06021,-1.92671 0.06021,-4.48563 z"
             id="path126"
             style="font-size:61.6548px;font-family:Marcellus;-inkscape-font-specification:Marcellus;fill:#3a5416;fill-opacity:1;fill-rule:evenodd;stroke:none;stroke-width:2.53877;stroke-linejoin:bevel;stroke-opacity:1;paint-order:stroke fill markers"
             transform="rotate(-25.60554)"
             aria-label="T" /></g><g
           id="g128"
           style="fill:#3a5416;fill-opacity:1;stroke:none;stroke-opacity:1"
           transform="matrix(1.4113474,0,0,1.4113474,1575.5713,285.51925)"><path
             d="m 146.37399,116.87328 q 0.18063,-0.6322 0.33116,-1.56546 0.15052,-0.93325 0.27094,-2.31807 0.12042,-1.38483 0.18063,-3.28143 0.0602,-1.92672 0.0602,-4.48563 V 85.62441 q 0,-2.558915 -0.0602,-4.455523 -0.0602,-1.926712 -0.18063,-3.311537 -0.12042,-1.414929 -0.27094,-2.348181 -0.15053,-0.933251 -0.33116,-1.565454 v -0.120419 h 7.19507 v 0.120419 q -0.18063,0.632203 -0.36126,1.565454 -0.15052,0.933252 -0.27094,2.348181 -0.0903,1.384825 -0.18063,3.311537 -0.0602,1.896608 -0.0602,4.455523 v 19.59828 q 0,2.55891 0.0602,4.48563 0.0903,1.8966 0.18063,3.28143 0.12042,1.38482 0.27094,2.31807 0.18063,0.93326 0.36126,1.56546 v 0.12042 h -7.19507 z"
             id="path127"
             style="font-size:61.6548px;font-family:Marcellus;-inkscape-font-specification:Marcellus;fill:#3a5416;fill-opacity:1;fill-rule:evenodd;stroke:none;stroke-width:2.53877;stroke-linejoin:bevel;stroke-opacity:1;paint-order:stroke fill markers"
             transform="rotate(18.055612)"
             aria-label="I" /><path
             d="m 36.750166,145.69642 q -3.552376,0 -6.41234,0.33115 -2.859964,0.30105 -4.937201,0.66231 -2.408391,0.45157 -4.304998,0.99346 l 0.873041,-4.87699 q 0.361259,0.0301 1.083776,0.0602 0.722517,0.0301 1.595559,0.0602 0.903147,0.0301 1.866503,0.0602 0.993461,0 1.866503,0.0301 0.873041,0 1.535349,0.0301 0.692412,0 0.993461,0 h 17.189888 q 0.301049,0 0.963356,0 0.692412,-0.0301 1.565454,-0.0301 0.873042,-0.0301 1.836398,-0.0301 0.993461,-0.0301 1.866503,-0.0602 0.903146,-0.0301 1.625663,-0.0602 0.722518,-0.0301 1.083776,-0.0602 l 0.873042,4.87699 q -1.926713,-0.54189 -4.335103,-0.99346 -2.077237,-0.36126 -4.937201,-0.66231 -2.859964,-0.33115 -6.41234,-0.33115 v 28.75016 q 0,2.55892 0.06021,4.48563 0.09031,1.89661 0.18063,3.28143 0.120419,1.38483 0.270944,2.31808 0.180629,0.93325 0.361258,1.56545 v 0.12042 H 35.90723 v -0.12042 q 0.18063,-0.6322 0.331154,-1.56545 0.150524,-0.93325 0.270944,-2.31808 0.120419,-1.38482 0.180629,-3.28143 0.06021,-1.92671 0.06021,-4.48563 z"
             id="path128"
             style="font-size:61.6548px;font-family:Marcellus;-inkscape-font-specification:Marcellus;fill:#3a5416;fill-opacity:1;fill-rule:evenodd;stroke:none;stroke-width:2.53877;stroke-linejoin:bevel;stroke-opacity:1;paint-order:stroke fill markers"
             transform="rotate(-25.60554)"
             aria-label="T" /></g><g
           id="g130"
           style="fill:#3a5416;fill-opacity:1;stroke:none;stroke-opacity:1"
           transform="matrix(1.4113474,0,0,1.4113474,1644.1938,285.51925)"><path
             d="m 146.37399,116.87328 q 0.18063,-0.6322 0.33116,-1.56546 0.15052,-0.93325 0.27094,-2.31807 0.12042,-1.38483 0.18063,-3.28143 0.0602,-1.92672 0.0602,-4.48563 V 85.62441 q 0,-2.558915 -0.0602,-4.455523 -0.0602,-1.926712 -0.18063,-3.311537 -0.12042,-1.414929 -0.27094,-2.348181 -0.15053,-0.933251 -0.33116,-1.565454 v -0.120419 h 7.19507 v 0.120419 q -0.18063,0.632203 -0.36126,1.565454 -0.15052,0.933252 -0.27094,2.348181 -0.0903,1.384825 -0.18063,3.311537 -0.0602,1.896608 -0.0602,4.455523 v 19.59828 q 0,2.55891 0.0602,4.48563 0.0903,1.8966 0.18063,3.28143 0.12042,1.38482 0.27094,2.31807 0.18063,0.93326 0.36126,1.56546 v 0.12042 h -7.19507 z"
             id="path129"
             style="font-size:61.6548px;font-family:Marcellus;-inkscape-font-specification:Marcellus;fill:#3a5416;fill-opacity:1;fill-rule:evenodd;stroke:none;stroke-width:2.53877;stroke-linejoin:bevel;stroke-opacity:1;paint-order:stroke fill markers"
             transform="rotate(18.055612)"
             aria-label="I" /><path
             d="m 36.750166,145.69642 q -3.552376,0 -6.41234,0.33115 -2.859964,0.30105 -4.937201,0.66231 -2.408391,0.45157 -4.304998,0.99346 l 0.873041,-4.87699 q 0.361259,0.0301 1.083776,0.0602 0.722517,0.0301 1.595559,0.0602 0.903147,0.0301 1.866503,0.0602 0.993461,0 1.866503,0.0301 0.873041,0 1.535349,0.0301 0.692412,0 0.993461,0 h 17.189888 q 0.301049,0 0.963356,0 0.692412,-0.0301 1.565454,-0.0301 0.873042,-0.0301 1.836398,-0.0301 0.993461,-0.0301 1.866503,-0.0602 0.903146,-0.0301 1.625663,-0.0602 0.722518,-0.0301 1.083776,-0.0602 l 0.873042,4.87699 q -1.926713,-0.54189 -4.335103,-0.99346 -2.077237,-0.36126 -4.937201,-0.66231 -2.859964,-0.33115 -6.41234,-0.33115 v 28.75016 q 0,2.55892 0.06021,4.48563 0.09031,1.89661 0.18063,3.28143 0.120419,1.38483 0.270944,2.31808 0.180629,0.93325 0.361258,1.56545 v 0.12042 H 35.90723 v -0.12042 q 0.18063,-0.6322 0.331154,-1.56545 0.150524,-0.93325 0.270944,-2.31808 0.120419,-1.38482 0.180629,-3.28143 0.06021,-1.92671 0.06021,-4.48563 z"
             id="path130"
             style="font-size:61.6548px;font-family:Marcellus;-inkscape-font-specification:Marcellus;fill:#3a5416;fill-opacity:1;fill-rule:evenodd;stroke:none;stroke-width:2.53877;stroke-linejoin:bevel;stroke-opacity:1;paint-order:stroke fill markers"
             transform="rotate(-25.60554)"
             aria-label="T" /></g><g
           id="g132"
           style="fill:#3a5416;fill-opacity:1;stroke:none;stroke-opacity:1"
           transform="matrix(1.4113474,0,0,1.4113474,1576.3869,362.08849)"><path
             d="m 146.37399,116.87328 q 0.18063,-0.6322 0.33116,-1.56546 0.15052,-0.93325 0.27094,-2.31807 0.12042,-1.38483 0.18063,-3.28143 0.0602,-1.92672 0.0602,-4.48563 V 85.62441 q 0,-2.558915 -0.0602,-4.455523 -0.0602,-1.926712 -0.18063,-3.311537 -0.12042,-1.414929 -0.27094,-2.348181 -0.15053,-0.933251 -0.33116,-1.565454 v -0.120419 h 7.19507 v 0.120419 q -0.18063,0.632203 -0.36126,1.565454 -0.15052,0.933252 -0.27094,2.348181 -0.0903,1.384825 -0.18063,3.311537 -0.0602,1.896608 -0.0602,4.455523 v 19.59828 q 0,2.55891 0.0602,4.48563 0.0903,1.8966 0.18063,3.28143 0.12042,1.38482 0.27094,2.31807 0.18063,0.93326 0.36126,1.56546 v 0.12042 h -7.19507 z"
             id="path131"
             style="font-size:61.6548px;font-family:Marcellus;-inkscape-font-specification:Marcellus;fill:#3a5416;fill-opacity:1;fill-rule:evenodd;stroke:none;stroke-width:2.53877;stroke-linejoin:bevel;stroke-opacity:1;paint-order:stroke fill markers"
             transform="rotate(18.055612)"
             aria-label="I" /><path
             d="m 36.750166,145.69642 q -3.552376,0 -6.41234,0.33115 -2.859964,0.30105 -4.937201,0.66231 -2.408391,0.45157 -4.304998,0.99346 l 0.873041,-4.87699 q 0.361259,0.0301 1.083776,0.0602 0.722517,0.0301 1.595559,0.0602 0.903147,0.0301 1.866503,0.0602 0.993461,0 1.866503,0.0301 0.873041,0 1.535349,0.0301 0.692412,0 0.993461,0 h 17.189888 q 0.301049,0 0.963356,0 0.692412,-0.0301 1.565454,-0.0301 0.873042,-0.0301 1.836398,-0.0301 0.993461,-0.0301 1.866503,-0.0602 0.903146,-0.0301 1.625663,-0.0602 0.722518,-0.0301 1.083776,-0.0602 l 0.873042,4.87699 q -1.926713,-0.54189 -4.335103,-0.99346 -2.077237,-0.36126 -4.937201,-0.66231 -2.859964,-0.33115 -6.41234,-0.33115 v 28.75016 q 0,2.55892 0.06021,4.48563 0.09031,1.89661 0.18063,3.28143 0.120419,1.38483 0.270944,2.31808 0.180629,0.93325 0.361258,1.56545 v 0.12042 H 35.90723 v -0.12042 q 0.18063,-0.6322 0.331154,-1.56545 0.150524,-0.93325 0.270944,-2.31808 0.120419,-1.38482 0.180629,-3.28143 0.06021,-1.92671 0.06021,-4.48563 z"
             id="path132"
             style="font-size:61.6548px;font-family:Marcellus;-inkscape-font-specification:Marcellus;fill:#3a5416;fill-opacity:1;fill-rule:evenodd;stroke:none;stroke-width:2.53877;stroke-linejoin:bevel;stroke-opacity:1;paint-order:stroke fill markers"
             transform="rotate(-25.60554)"
             aria-label="T" /></g><g
           id="g134"
           style="fill:#3a5416;fill-opacity:1;stroke:none;stroke-opacity:1"
           transform="matrix(1.4113474,0,0,1.4113474,1645.0094,362.08849)"><path
             d="m 146.37399,116.87328 q 0.18063,-0.6322 0.33116,-1.56546 0.15052,-0.93325 0.27094,-2.31807 0.12042,-1.38483 0.18063,-3.28143 0.0602,-1.92672 0.0602,-4.48563 V 85.62441 q 0,-2.558915 -0.0602,-4.455523 -0.0602,-1.926712 -0.18063,-3.311537 -0.12042,-1.414929 -0.27094,-2.348181 -0.15053,-0.933251 -0.33116,-1.565454 v -0.120419 h 7.19507 v 0.120419 q -0.18063,0.632203 -0.36126,1.565454 -0.15052,0.933252 -0.27094,2.348181 -0.0903,1.384825 -0.18063,3.311537 -0.0602,1.896608 -0.0602,4.455523 v 19.59828 q 0,2.55891 0.0602,4.48563 0.0903,1.8966 0.18063,3.28143 0.12042,1.38482 0.27094,2.31807 0.18063,0.93326 0.36126,1.56546 v 0.12042 h -7.19507 z"
             id="path133"
             style="font-size:61.6548px;font-family:Marcellus;-inkscape-font-specification:Marcellus;fill:#3a5416;fill-opacity:1;fill-rule:evenodd;stroke:none;stroke-width:2.53877;stroke-linejoin:bevel;stroke-opacity:1;paint-order:stroke fill markers"
             transform="rotate(18.055612)"
             aria-label="I" /><path
             d="m 36.750166,145.69642 q -3.552376,0 -6.41234,0.33115 -2.859964,0.30105 -4.937201,0.66231 -2.408391,0.45157 -4.304998,0.99346 l 0.873041,-4.87699 q 0.361259,0.0301 1.083776,0.0602 0.722517,0.0301 1.595559,0.0602 0.903147,0.0301 1.866503,0.0602 0.993461,0 1.866503,0.0301 0.873041,0 1.535349,0.0301 0.692412,0 0.993461,0 h 17.189888 q 0.301049,0 0.963356,0 0.692412,-0.0301 1.565454,-0.0301 0.873042,-0.0301 1.836398,-0.0301 0.993461,-0.0301 1.866503,-0.0602 0.903146,-0.0301 1.625663,-0.0602 0.722518,-0.0301 1.083776,-0.0602 l 0.873042,4.87699 q -1.926713,-0.54189 -4.335103,-0.99346 -2.077237,-0.36126 -4.937201,-0.66231 -2.859964,-0.33115 -6.41234,-0.33115 v 28.75016 q 0,2.55892 0.06021,4.48563 0.09031,1.89661 0.18063,3.28143 0.120419,1.38483 0.270944,2.31808 0.180629,0.93325 0.361258,1.56545 v 0.12042 H 35.90723 v -0.12042 q 0.18063,-0.6322 0.331154,-1.56545 0.150524,-0.93325 0.270944,-2.31808 0.120419,-1.38482 0.180629,-3.28143 0.06021,-1.92671 0.06021,-4.48563 z"
             id="path134"
             style="font-size:61.6548px;font-family:Marcellus;-inkscape-font-specification:Marcellus;fill:#3a5416;fill-opacity:1;fill-rule:evenodd;stroke:none;stroke-width:2.53877;stroke-linejoin:bevel;stroke-opacity:1;paint-order:stroke fill markers"
             transform="rotate(-25.60554)"
             aria-label="T" /></g><g
           id="g137"
           style="fill:#3a5416;fill-opacity:1;stroke:none;stroke-opacity:1"
           transform="matrix(1.4113474,0,0,1.4113474,1575.5713,285.51925)"><path
             d="m 146.37399,116.87328 q 0.18063,-0.6322 0.33116,-1.56546 0.15052,-0.93325 0.27094,-2.31807 0.12042,-1.38483 0.18063,-3.28143 0.0602,-1.92672 0.0602,-4.48563 V 85.62441 q 0,-2.558915 -0.0602,-4.455523 -0.0602,-1.926712 -0.18063,-3.311537 -0.12042,-1.414929 -0.27094,-2.348181 -0.15053,-0.933251 -0.33116,-1.565454 v -0.120419 h 7.19507 v 0.120419 q -0.18063,0.632203 -0.36126,1.565454 -0.15052,0.933252 -0.27094,2.348181 -0.0903,1.384825 -0.18063,3.311537 -0.0602,1.896608 -0.0602,4.455523 v 19.59828 q 0,2.55891 0.0602,4.48563 0.0903,1.8966 0.18063,3.28143 0.12042,1.38482 0.27094,2.31807 0.18063,0.93326 0.36126,1.56546 v 0.12042 h -7.19507 z"
             id="path135"
             style="font-size:61.6548px;font-family:Marcellus;-inkscape-font-specification:Marcellus;fill:#3a5416;fill-opacity:1;fill-rule:evenodd;stroke:none;stroke-width:2.53877;stroke-linejoin:bevel;stroke-opacity:1;paint-order:stroke fill markers"
             transform="rotate(18.055612)"
             aria-label="I" /><path
             d="m 36.750166,145.69642 q -3.552376,0 -6.41234,0.33115 -2.859964,0.30105 -4.937201,0.66231 -2.408391,0.45157 -4.304998,0.99346 l 0.873041,-4.87699 q 0.361259,0.0301 1.083776,0.0602 0.722517,0.0301 1.595559,0.0602 0.903147,0.0301 1.866503,0.0602 0.993461,0 1.866503,0.0301 0.873041,0 1.535349,0.0301 0.692412,0 0.993461,0 h 17.189888 q 0.301049,0 0.963356,0 0.692412,-0.0301 1.565454,-0.0301 0.873042,-0.0301 1.836398,-0.0301 0.993461,-0.0301 1.866503,-0.0602 0.903146,-0.0301 1.625663,-0.0602 0.722518,-0.0301 1.083776,-0.0602 l 0.873042,4.87699 q -1.926713,-0.54189 -4.335103,-0.99346 -2.077237,-0.36126 -4.937201,-0.66231 -2.859964,-0.33115 -6.41234,-0.33115 v 28.75016 q 0,2.55892 0.06021,4.48563 0.09031,1.89661 0.18063,3.28143 0.120419,1.38483 0.270944,2.31808 0.180629,0.93325 0.361258,1.56545 v 0.12042 H 35.90723 v -0.12042 q 0.18063,-0.6322 0.331154,-1.56545 0.150524,-0.93325 0.270944,-2.31808 0.120419,-1.38482 0.180629,-3.28143 0.06021,-1.92671 0.06021,-4.48563 z"
             id="path136"
             style="font-size:61.6548px;font-family:Marcellus;-inkscape-font-specification:Marcellus;fill:#3a5416;fill-opacity:1;fill-rule:evenodd;stroke:none;stroke-width:2.53877;stroke-linejoin:bevel;stroke-opacity:1;paint-order:stroke fill markers"
             transform="rotate(-25.60554)"
             aria-label="T" /></g><g
           id="g138"
           style="fill:#3a5416;fill-opacity:1;stroke:none;stroke-opacity:1"
           transform="matrix(1.4113474,0,0,1.4113474,1644.1938,285.51925)"><path
             d="m 146.37399,116.87328 q 0.18063,-0.6322 0.33116,-1.56546 0.15052,-0.93325 0.27094,-2.31807 0.12042,-1.38483 0.18063,-3.28143 0.0602,-1.92672 0.0602,-4.48563 V 85.62441 q 0,-2.558915 -0.0602,-4.455523 -0.0602,-1.926712 -0.18063,-3.311537 -0.12042,-1.414929 -0.27094,-2.348181 -0.15053,-0.933251 -0.33116,-1.565454 v -0.120419 h 7.19507 v 0.120419 q -0.18063,0.632203 -0.36126,1.565454 -0.15052,0.933252 -0.27094,2.348181 -0.0903,1.384825 -0.18063,3.311537 -0.0602,1.896608 -0.0602,4.455523 v 19.59828 q 0,2.55891 0.0602,4.48563 0.0903,1.8966 0.18063,3.28143 0.12042,1.38482 0.27094,2.31807 0.18063,0.93326 0.36126,1.56546 v 0.12042 h -7.19507 z"
             id="path137"
             style="font-size:61.6548px;font-family:Marcellus;-inkscape-font-specification:Marcellus;fill:#3a5416;fill-opacity:1;fill-rule:evenodd;stroke:none;stroke-width:2.53877;stroke-linejoin:bevel;stroke-opacity:1;paint-order:stroke fill markers"
             transform="rotate(18.055612)"
             aria-label="I" /><path
             d="m 36.750166,145.69642 q -3.552376,0 -6.41234,0.33115 -2.859964,0.30105 -4.937201,0.66231 -2.408391,0.45157 -4.304998,0.99346 l 0.873041,-4.87699 q 0.361259,0.0301 1.083776,0.0602 0.722517,0.0301 1.595559,0.0602 0.903147,0.0301 1.866503,0.0602 0.993461,0 1.866503,0.0301 0.873041,0 1.535349,0.0301 0.692412,0 0.993461,0 h 17.189888 q 0.301049,0 0.963356,0 0.692412,-0.0301 1.565454,-0.0301 0.873042,-0.0301 1.836398,-0.0301 0.993461,-0.0301 1.866503,-0.0602 0.903146,-0.0301 1.625663,-0.0602 0.722518,-0.0301 1.083776,-0.0602 l 0.873042,4.87699 q -1.926713,-0.54189 -4.335103,-0.99346 -2.077237,-0.36126 -4.937201,-0.66231 -2.859964,-0.33115 -6.41234,-0.33115 v 28.75016 q 0,2.55892 0.06021,4.48563 0.09031,1.89661 0.18063,3.28143 0.120419,1.38483 0.270944,2.31808 0.180629,0.93325 0.361258,1.56545 v 0.12042 H 35.90723 v -0.12042 q 0.18063,-0.6322 0.331154,-1.56545 0.150524,-0.93325 0.270944,-2.31808 0.120419,-1.38482 0.180629,-3.28143 0.06021,-1.92671 0.06021,-4.48563 z"
             id="path138"
             style="font-size:61.6548px;font-family:Marcellus;-inkscape-font-specification:Marcellus;fill:#3a5416;fill-opacity:1;fill-rule:evenodd;stroke:none;stroke-width:2.53877;stroke-linejoin:bevel;stroke-opacity:1;paint-order:stroke fill markers"
             transform="rotate(-25.60554)"
             aria-label="T" /></g><g
           id="g140"
           style="fill:#3a5416;fill-opacity:1;stroke:none;stroke-opacity:1"
           transform="matrix(1.4113474,0,0,1.4113474,1576.3869,362.08849)"><path
             d="m 146.37399,116.87328 q 0.18063,-0.6322 0.33116,-1.56546 0.15052,-0.93325 0.27094,-2.31807 0.12042,-1.38483 0.18063,-3.28143 0.0602,-1.92672 0.0602,-4.48563 V 85.62441 q 0,-2.558915 -0.0602,-4.455523 -0.0602,-1.926712 -0.18063,-3.311537 -0.12042,-1.414929 -0.27094,-2.348181 -0.15053,-0.933251 -0.33116,-1.565454 v -0.120419 h 7.19507 v 0.120419 q -0.18063,0.632203 -0.36126,1.565454 -0.15052,0.933252 -0.27094,2.348181 -0.0903,1.384825 -0.18063,3.311537 -0.0602,1.896608 -0.0602,4.455523 v 19.59828 q 0,2.55891 0.0602,4.48563 0.0903,1.8966 0.18063,3.28143 0.12042,1.38482 0.27094,2.31807 0.18063,0.93326 0.36126,1.56546 v 0.12042 h -7.19507 z"
             id="path139"
             style="font-size:61.6548px;font-family:Marcellus;-inkscape-font-specification:Marcellus;fill:#3a5416;fill-opacity:1;fill-rule:evenodd;stroke:none;stroke-width:2.53877;stroke-linejoin:bevel;stroke-opacity:1;paint-order:stroke fill markers"
             transform="rotate(18.055612)"
             aria-label="I" /><path
             d="m 36.750166,145.69642 q -3.552376,0 -6.41234,0.33115 -2.859964,0.30105 -4.937201,0.66231 -2.408391,0.45157 -4.304998,0.99346 l 0.873041,-4.87699 q 0.361259,0.0301 1.083776,0.0602 0.722517,0.0301 1.595559,0.0602 0.903147,0.0301 1.866503,0.0602 0.993461,0 1.866503,0.0301 0.873041,0 1.535349,0.0301 0.692412,0 0.993461,0 h 17.189888 q 0.301049,0 0.963356,0 0.692412,-0.0301 1.565454,-0.0301 0.873042,-0.0301 1.836398,-0.0301 0.993461,-0.0301 1.866503,-0.0602 0.903146,-0.0301 1.625663,-0.0602 0.722518,-0.0301 1.083776,-0.0602 l 0.873042,4.87699 q -1.926713,-0.54189 -4.335103,-0.99346 -2.077237,-0.36126 -4.937201,-0.66231 -2.859964,-0.33115 -6.41234,-0.33115 v 28.75016 q 0,2.55892 0.06021,4.48563 0.09031,1.89661 0.18063,3.28143 0.120419,1.38483 0.270944,2.31808 0.180629,0.93325 0.361258,1.56545 v 0.12042 H 35.90723 v -0.12042 q 0.18063,-0.6322 0.331154,-1.56545 0.150524,-0.93325 0.270944,-2.31808 0.120419,-1.38482 0.180629,-3.28143 0.06021,-1.92671 0.06021,-4.48563 z"
             id="path140"
             style="font-size:61.6548px;font-family:Marcellus;-inkscape-font-specification:Marcellus;fill:#3a5416;fill-opacity:1;fill-rule:evenodd;stroke:none;stroke-width:2.53877;stroke-linejoin:bevel;stroke-opacity:1;paint-order:stroke fill markers"
             transform="rotate(-25.60554)"
             aria-label="T" /></g><g
           id="g142"
           style="fill:#3a5416;fill-opacity:1;stroke:none;stroke-opacity:1"
           transform="matrix(1.4113474,0,0,1.4113474,1645.0094,362.08849)"><path
             d="m 146.37399,116.87328 q 0.18063,-0.6322 0.33116,-1.56546 0.15052,-0.93325 0.27094,-2.31807 0.12042,-1.38483 0.18063,-3.28143 0.0602,-1.92672 0.0602,-4.48563 V 85.62441 q 0,-2.558915 -0.0602,-4.455523 -0.0602,-1.926712 -0.18063,-3.311537 -0.12042,-1.414929 -0.27094,-2.348181 -0.15053,-0.933251 -0.33116,-1.565454 v -0.120419 h 7.19507 v 0.120419 q -0.18063,0.632203 -0.36126,1.565454 -0.15052,0.933252 -0.27094,2.348181 -0.0903,1.384825 -0.18063,3.311537 -0.0602,1.896608 -0.0602,4.455523 v 19.59828 q 0,2.55891 0.0602,4.48563 0.0903,1.8966 0.18063,3.28143 0.12042,1.38482 0.27094,2.31807 0.18063,0.93326 0.36126,1.56546 v 0.12042 h -7.19507 z"
             id="path141"
             style="font-size:61.6548px;font-family:Marcellus;-inkscape-font-specification:Marcellus;fill:#3a5416;fill-opacity:1;fill-rule:evenodd;stroke:none;stroke-width:2.53877;stroke-linejoin:bevel;stroke-opacity:1;paint-order:stroke fill markers"
             transform="rotate(18.055612)"
             aria-label="I" /><path
             d="m 36.750166,145.69642 q -3.552376,0 -6.41234,0.33115 -2.859964,0.30105 -4.937201,0.66231 -2.408391,0.45157 -4.304998,0.99346 l 0.873041,-4.87699 q 0.361259,0.0301 1.083776,0.0602 0.722517,0.0301 1.595559,0.0602 0.903147,0.0301 1.866503,0.0602 0.993461,0 1.866503,0.0301 0.873041,0 1.535349,0.0301 0.692412,0 0.993461,0 h 17.189888 q 0.301049,0 0.963356,0 0.692412,-0.0301 1.565454,-0.0301 0.873042,-0.0301 1.836398,-0.0301 0.993461,-0.0301 1.866503,-0.0602 0.903146,-0.0301 1.625663,-0.0602 0.722518,-0.0301 1.083776,-0.0602 l 0.873042,4.87699 q -1.926713,-0.54189 -4.335103,-0.99346 -2.077237,-0.36126 -4.937201,-0.66231 -2.859964,-0.33115 -6.41234,-0.33115 v 28.75016 q 0,2.55892 0.06021,4.48563 0.09031,1.89661 0.18063,3.28143 0.120419,1.38483 0.270944,2.31808 0.180629,0.93325 0.361258,1.56545 v 0.12042 H 35.90723 v -0.12042 q 0.18063,-0.6322 0.331154,-1.56545 0.150524,-0.93325 0.270944,-2.31808 0.120419,-1.38482 0.180629,-3.28143 0.06021,-1.92671 0.06021,-4.48563 z"
             id="path142"
             style="font-size:61.6548px;font-family:Marcellus;-inkscape-font-specification:Marcellus;fill:#3a5416;fill-opacity:1;fill-rule:evenodd;stroke:none;stroke-width:2.53877;stroke-linejoin:bevel;stroke-opacity:1;paint-order:stroke fill markers"
             transform="rotate(-25.60554)"
             aria-label="T" /></g><g
           id="g144"
           style="fill:#3a5416;fill-opacity:1;stroke:none;stroke-opacity:1"
           transform="matrix(1.4113474,0,0,1.4113474,1438.9354,285.51925)"><path
             d="m 146.37399,116.87328 q 0.18063,-0.6322 0.33116,-1.56546 0.15052,-0.93325 0.27094,-2.31807 0.12042,-1.38483 0.18063,-3.28143 0.0602,-1.92672 0.0602,-4.48563 V 85.62441 q 0,-2.558915 -0.0602,-4.455523 -0.0602,-1.926712 -0.18063,-3.311537 -0.12042,-1.414929 -0.27094,-2.348181 -0.15053,-0.933251 -0.33116,-1.565454 v -0.120419 h 7.19507 v 0.120419 q -0.18063,0.632203 -0.36126,1.565454 -0.15052,0.933252 -0.27094,2.348181 -0.0903,1.384825 -0.18063,3.311537 -0.0602,1.896608 -0.0602,4.455523 v 19.59828 q 0,2.55891 0.0602,4.48563 0.0903,1.8966 0.18063,3.28143 0.12042,1.38482 0.27094,2.31807 0.18063,0.93326 0.36126,1.56546 v 0.12042 h -7.19507 z"
             id="path143"
             style="font-size:61.6548px;font-family:Marcellus;-inkscape-font-specification:Marcellus;fill:#3a5416;fill-opacity:1;fill-rule:evenodd;stroke:none;stroke-width:2.53877;stroke-linejoin:bevel;stroke-opacity:1;paint-order:stroke fill markers"
             transform="rotate(18.055612)"
             aria-label="I" /><path
             d="m 36.750166,145.69642 q -3.552376,0 -6.41234,0.33115 -2.859964,0.30105 -4.937201,0.66231 -2.408391,0.45157 -4.304998,0.99346 l 0.873041,-4.87699 q 0.361259,0.0301 1.083776,0.0602 0.722517,0.0301 1.595559,0.0602 0.903147,0.0301 1.866503,0.0602 0.993461,0 1.866503,0.0301 0.873041,0 1.535349,0.0301 0.692412,0 0.993461,0 h 17.189888 q 0.301049,0 0.963356,0 0.692412,-0.0301 1.565454,-0.0301 0.873042,-0.0301 1.836398,-0.0301 0.993461,-0.0301 1.866503,-0.0602 0.903146,-0.0301 1.625663,-0.0602 0.722518,-0.0301 1.083776,-0.0602 l 0.873042,4.87699 q -1.926713,-0.54189 -4.335103,-0.99346 -2.077237,-0.36126 -4.937201,-0.66231 -2.859964,-0.33115 -6.41234,-0.33115 v 28.75016 q 0,2.55892 0.06021,4.48563 0.09031,1.89661 0.18063,3.28143 0.120419,1.38483 0.270944,2.31808 0.180629,0.93325 0.361258,1.56545 v 0.12042 H 35.90723 v -0.12042 q 0.18063,-0.6322 0.331154,-1.56545 0.150524,-0.93325 0.270944,-2.31808 0.120419,-1.38482 0.180629,-3.28143 0.06021,-1.92671 0.06021,-4.48563 z"
             id="path144"
             style="font-size:61.6548px;font-family:Marcellus;-inkscape-font-specification:Marcellus;fill:#3a5416;fill-opacity:1;fill-rule:evenodd;stroke:none;stroke-width:2.53877;stroke-linejoin:bevel;stroke-opacity:1;paint-order:stroke fill markers"
             transform="rotate(-25.60554)"
             aria-label="T" /></g><g
           id="g146"
           style="fill:#3a5416;fill-opacity:1;stroke:none;stroke-opacity:1"
           transform="matrix(1.4113474,0,0,1.4113474,1507.5579,285.51925)"><path
             d="m 146.37399,116.87328 q 0.18063,-0.6322 0.33116,-1.56546 0.15052,-0.93325 0.27094,-2.31807 0.12042,-1.38483 0.18063,-3.28143 0.0602,-1.92672 0.0602,-4.48563 V 85.62441 q 0,-2.558915 -0.0602,-4.455523 -0.0602,-1.926712 -0.18063,-3.311537 -0.12042,-1.414929 -0.27094,-2.348181 -0.15053,-0.933251 -0.33116,-1.565454 v -0.120419 h 7.19507 v 0.120419 q -0.18063,0.632203 -0.36126,1.565454 -0.15052,0.933252 -0.27094,2.348181 -0.0903,1.384825 -0.18063,3.311537 -0.0602,1.896608 -0.0602,4.455523 v 19.59828 q 0,2.55891 0.0602,4.48563 0.0903,1.8966 0.18063,3.28143 0.12042,1.38482 0.27094,2.31807 0.18063,0.93326 0.36126,1.56546 v 0.12042 h -7.19507 z"
             id="path145"
             style="font-size:61.6548px;font-family:Marcellus;-inkscape-font-specification:Marcellus;fill:#3a5416;fill-opacity:1;fill-rule:evenodd;stroke:none;stroke-width:2.53877;stroke-linejoin:bevel;stroke-opacity:1;paint-order:stroke fill markers"
             transform="rotate(18.055612)"
             aria-label="I" /><path
             d="m 36.750166,145.69642 q -3.552376,0 -6.41234,0.33115 -2.859964,0.30105 -4.937201,0.66231 -2.408391,0.45157 -4.304998,0.99346 l 0.873041,-4.87699 q 0.361259,0.0301 1.083776,0.0602 0.722517,0.0301 1.595559,0.0602 0.903147,0.0301 1.866503,0.0602 0.993461,0 1.866503,0.0301 0.873041,0 1.535349,0.0301 0.692412,0 0.993461,0 h 17.189888 q 0.301049,0 0.963356,0 0.692412,-0.0301 1.565454,-0.0301 0.873042,-0.0301 1.836398,-0.0301 0.993461,-0.0301 1.866503,-0.0602 0.903146,-0.0301 1.625663,-0.0602 0.722518,-0.0301 1.083776,-0.0602 l 0.873042,4.87699 q -1.926713,-0.54189 -4.335103,-0.99346 -2.077237,-0.36126 -4.937201,-0.66231 -2.859964,-0.33115 -6.41234,-0.33115 v 28.75016 q 0,2.55892 0.06021,4.48563 0.09031,1.89661 0.18063,3.28143 0.120419,1.38483 0.270944,2.31808 0.180629,0.93325 0.361258,1.56545 v 0.12042 H 35.90723 v -0.12042 q 0.18063,-0.6322 0.331154,-1.56545 0.150524,-0.93325 0.270944,-2.31808 0.120419,-1.38482 0.180629,-3.28143 0.06021,-1.92671 0.06021,-4.48563 z"
             id="path146"
             style="font-size:61.6548px;font-family:Marcellus;-inkscape-font-specification:Marcellus;fill:#3a5416;fill-opacity:1;fill-rule:evenodd;stroke:none;stroke-width:2.53877;stroke-linejoin:bevel;stroke-opacity:1;paint-order:stroke fill markers"
             transform="rotate(-25.60554)"
             aria-label="T" /></g><g
           id="g149"
           style="fill:#3a5416;fill-opacity:1;stroke:none;stroke-opacity:1"
           transform="matrix(1.4113474,0,0,1.4113474,1439.751,362.08849)"><path
             d="m 146.37399,116.87328 q 0.18063,-0.6322 0.33116,-1.56546 0.15052,-0.93325 0.27094,-2.31807 0.12042,-1.38483 0.18063,-3.28143 0.0602,-1.92672 0.0602,-4.48563 V 85.62441 q 0,-2.558915 -0.0602,-4.455523 -0.0602,-1.926712 -0.18063,-3.311537 -0.12042,-1.414929 -0.27094,-2.348181 -0.15053,-0.933251 -0.33116,-1.565454 v -0.120419 h 7.19507 v 0.120419 q -0.18063,0.632203 -0.36126,1.565454 -0.15052,0.933252 -0.27094,2.348181 -0.0903,1.384825 -0.18063,3.311537 -0.0602,1.896608 -0.0602,4.455523 v 19.59828 q 0,2.55891 0.0602,4.48563 0.0903,1.8966 0.18063,3.28143 0.12042,1.38482 0.27094,2.31807 0.18063,0.93326 0.36126,1.56546 v 0.12042 h -7.19507 z"
             id="path148"
             style="font-size:61.6548px;font-family:Marcellus;-inkscape-font-specification:Marcellus;fill:#3a5416;fill-opacity:1;fill-rule:evenodd;stroke:none;stroke-width:2.53877;stroke-linejoin:bevel;stroke-opacity:1;paint-order:stroke fill markers"
             transform="rotate(18.055612)"
             aria-label="I" /><path
             d="m 36.750166,145.69642 q -3.552376,0 -6.41234,0.33115 -2.859964,0.30105 -4.937201,0.66231 -2.408391,0.45157 -4.304998,0.99346 l 0.873041,-4.87699 q 0.361259,0.0301 1.083776,0.0602 0.722517,0.0301 1.595559,0.0602 0.903147,0.0301 1.866503,0.0602 0.993461,0 1.866503,0.0301 0.873041,0 1.535349,0.0301 0.692412,0 0.993461,0 h 17.189888 q 0.301049,0 0.963356,0 0.692412,-0.0301 1.565454,-0.0301 0.873042,-0.0301 1.836398,-0.0301 0.993461,-0.0301 1.866503,-0.0602 0.903146,-0.0301 1.625663,-0.0602 0.722518,-0.0301 1.083776,-0.0602 l 0.873042,4.87699 q -1.926713,-0.54189 -4.335103,-0.99346 -2.077237,-0.36126 -4.937201,-0.66231 -2.859964,-0.33115 -6.41234,-0.33115 v 28.75016 q 0,2.55892 0.06021,4.48563 0.09031,1.89661 0.18063,3.28143 0.120419,1.38483 0.270944,2.31808 0.180629,0.93325 0.361258,1.56545 v 0.12042 H 35.90723 v -0.12042 q 0.18063,-0.6322 0.331154,-1.56545 0.150524,-0.93325 0.270944,-2.31808 0.120419,-1.38482 0.180629,-3.28143 0.06021,-1.92671 0.06021,-4.48563 z"
             id="path149"
             style="font-size:61.6548px;font-family:Marcellus;-inkscape-font-specification:Marcellus;fill:#3a5416;fill-opacity:1;fill-rule:evenodd;stroke:none;stroke-width:2.53877;stroke-linejoin:bevel;stroke-opacity:1;paint-order:stroke fill markers"
             transform="rotate(-25.60554)"
             aria-label="T" /></g><g
           id="g151"
           style="fill:#3a5416;fill-opacity:1;stroke:none;stroke-opacity:1"
           transform="matrix(1.4113474,0,0,1.4113474,1508.3735,362.08849)"><path
             d="m 146.37399,116.87328 q 0.18063,-0.6322 0.33116,-1.56546 0.15052,-0.93325 0.27094,-2.31807 0.12042,-1.38483 0.18063,-3.28143 0.0602,-1.92672 0.0602,-4.48563 V 85.62441 q 0,-2.558915 -0.0602,-4.455523 -0.0602,-1.926712 -0.18063,-3.311537 -0.12042,-1.414929 -0.27094,-2.348181 -0.15053,-0.933251 -0.33116,-1.565454 v -0.120419 h 7.19507 v 0.120419 q -0.18063,0.632203 -0.36126,1.565454 -0.15052,0.933252 -0.27094,2.348181 -0.0903,1.384825 -0.18063,3.311537 -0.0602,1.896608 -0.0602,4.455523 v 19.59828 q 0,2.55891 0.0602,4.48563 0.0903,1.8966 0.18063,3.28143 0.12042,1.38482 0.27094,2.31807 0.18063,0.93326 0.36126,1.56546 v 0.12042 h -7.19507 z"
             id="path150"
             style="font-size:61.6548px;font-family:Marcellus;-inkscape-font-specification:Marcellus;fill:#3a5416;fill-opacity:1;fill-rule:evenodd;stroke:none;stroke-width:2.53877;stroke-linejoin:bevel;stroke-opacity:1;paint-order:stroke fill markers"
             transform="rotate(18.055612)"
             aria-label="I" /><path
             d="m 36.750166,145.69642 q -3.552376,0 -6.41234,0.33115 -2.859964,0.30105 -4.937201,0.66231 -2.408391,0.45157 -4.304998,0.99346 l 0.873041,-4.87699 q 0.361259,0.0301 1.083776,0.0602 0.722517,0.0301 1.595559,0.0602 0.903147,0.0301 1.866503,0.0602 0.993461,0 1.866503,0.0301 0.873041,0 1.535349,0.0301 0.692412,0 0.993461,0 h 17.189888 q 0.301049,0 0.963356,0 0.692412,-0.0301 1.565454,-0.0301 0.873042,-0.0301 1.836398,-0.0301 0.993461,-0.0301 1.866503,-0.0602 0.903146,-0.0301 1.625663,-0.0602 0.722518,-0.0301 1.083776,-0.0602 l 0.873042,4.87699 q -1.926713,-0.54189 -4.335103,-0.99346 -2.077237,-0.36126 -4.937201,-0.66231 -2.859964,-0.33115 -6.41234,-0.33115 v 28.75016 q 0,2.55892 0.06021,4.48563 0.09031,1.89661 0.18063,3.28143 0.120419,1.38483 0.270944,2.31808 0.180629,0.93325 0.361258,1.56545 v 0.12042 H 35.90723 v -0.12042 q 0.18063,-0.6322 0.331154,-1.56545 0.150524,-0.93325 0.270944,-2.31808 0.120419,-1.38482 0.180629,-3.28143 0.06021,-1.92671 0.06021,-4.48563 z"
             id="path151"
             style="font-size:61.6548px;font-family:Marcellus;-inkscape-font-specification:Marcellus;fill:#3a5416;fill-opacity:1;fill-rule:evenodd;stroke:none;stroke-width:2.53877;stroke-linejoin:bevel;stroke-opacity:1;paint-order:stroke fill markers"
             transform="rotate(-25.60554)"
             aria-label="T" /></g><g
           id="g153"
           style="fill:#3a5416;fill-opacity:1;stroke:none;stroke-opacity:1"
           transform="matrix(1.4113474,0,0,1.4113474,1438.9354,285.51925)"><path
             d="m 146.37399,116.87328 q 0.18063,-0.6322 0.33116,-1.56546 0.15052,-0.93325 0.27094,-2.31807 0.12042,-1.38483 0.18063,-3.28143 0.0602,-1.92672 0.0602,-4.48563 V 85.62441 q 0,-2.558915 -0.0602,-4.455523 -0.0602,-1.926712 -0.18063,-3.311537 -0.12042,-1.414929 -0.27094,-2.348181 -0.15053,-0.933251 -0.33116,-1.565454 v -0.120419 h 7.19507 v 0.120419 q -0.18063,0.632203 -0.36126,1.565454 -0.15052,0.933252 -0.27094,2.348181 -0.0903,1.384825 -0.18063,3.311537 -0.0602,1.896608 -0.0602,4.455523 v 19.59828 q 0,2.55891 0.0602,4.48563 0.0903,1.8966 0.18063,3.28143 0.12042,1.38482 0.27094,2.31807 0.18063,0.93326 0.36126,1.56546 v 0.12042 h -7.19507 z"
             id="path152"
             style="font-size:61.6548px;font-family:Marcellus;-inkscape-font-specification:Marcellus;fill:#3a5416;fill-opacity:1;fill-rule:evenodd;stroke:none;stroke-width:2.53877;stroke-linejoin:bevel;stroke-opacity:1;paint-order:stroke fill markers"
             transform="rotate(18.055612)"
             aria-label="I" /><path
             d="m 36.750166,145.69642 q -3.552376,0 -6.41234,0.33115 -2.859964,0.30105 -4.937201,0.66231 -2.408391,0.45157 -4.304998,0.99346 l 0.873041,-4.87699 q 0.361259,0.0301 1.083776,0.0602 0.722517,0.0301 1.595559,0.0602 0.903147,0.0301 1.866503,0.0602 0.993461,0 1.866503,0.0301 0.873041,0 1.535349,0.0301 0.692412,0 0.993461,0 h 17.189888 q 0.301049,0 0.963356,0 0.692412,-0.0301 1.565454,-0.0301 0.873042,-0.0301 1.836398,-0.0301 0.993461,-0.0301 1.866503,-0.0602 0.903146,-0.0301 1.625663,-0.0602 0.722518,-0.0301 1.083776,-0.0602 l 0.873042,4.87699 q -1.926713,-0.54189 -4.335103,-0.99346 -2.077237,-0.36126 -4.937201,-0.66231 -2.859964,-0.33115 -6.41234,-0.33115 v 28.75016 q 0,2.55892 0.06021,4.48563 0.09031,1.89661 0.18063,3.28143 0.120419,1.38483 0.270944,2.31808 0.180629,0.93325 0.361258,1.56545 v 0.12042 H 35.90723 v -0.12042 q 0.18063,-0.6322 0.331154,-1.56545 0.150524,-0.93325 0.270944,-2.31808 0.120419,-1.38482 0.180629,-3.28143 0.06021,-1.92671 0.06021,-4.48563 z"
             id="path153"
             style="font-size:61.6548px;font-family:Marcellus;-inkscape-font-specification:Marcellus;fill:#3a5416;fill-opacity:1;fill-rule:evenodd;stroke:none;stroke-width:2.53877;stroke-linejoin:bevel;stroke-opacity:1;paint-order:stroke fill markers"
             transform="rotate(-25.60554)"
             aria-label="T" /></g><g
           id="g155"
           style="fill:#3a5416;fill-opacity:1;stroke:none;stroke-opacity:1"
           transform="matrix(1.4113474,0,0,1.4113474,1507.5579,285.51925)"><path
             d="m 146.37399,116.87328 q 0.18063,-0.6322 0.33116,-1.56546 0.15052,-0.93325 0.27094,-2.31807 0.12042,-1.38483 0.18063,-3.28143 0.0602,-1.92672 0.0602,-4.48563 V 85.62441 q 0,-2.558915 -0.0602,-4.455523 -0.0602,-1.926712 -0.18063,-3.311537 -0.12042,-1.414929 -0.27094,-2.348181 -0.15053,-0.933251 -0.33116,-1.565454 v -0.120419 h 7.19507 v 0.120419 q -0.18063,0.632203 -0.36126,1.565454 -0.15052,0.933252 -0.27094,2.348181 -0.0903,1.384825 -0.18063,3.311537 -0.0602,1.896608 -0.0602,4.455523 v 19.59828 q 0,2.55891 0.0602,4.48563 0.0903,1.8966 0.18063,3.28143 0.12042,1.38482 0.27094,2.31807 0.18063,0.93326 0.36126,1.56546 v 0.12042 h -7.19507 z"
             id="path154"
             style="font-size:61.6548px;font-family:Marcellus;-inkscape-font-specification:Marcellus;fill:#3a5416;fill-opacity:1;fill-rule:evenodd;stroke:none;stroke-width:2.53877;stroke-linejoin:bevel;stroke-opacity:1;paint-order:stroke fill markers"
             transform="rotate(18.055612)"
             aria-label="I" /><path
             d="m 36.750166,145.69642 q -3.552376,0 -6.41234,0.33115 -2.859964,0.30105 -4.937201,0.66231 -2.408391,0.45157 -4.304998,0.99346 l 0.873041,-4.87699 q 0.361259,0.0301 1.083776,0.0602 0.722517,0.0301 1.595559,0.0602 0.903147,0.0301 1.866503,0.0602 0.993461,0 1.866503,0.0301 0.873041,0 1.535349,0.0301 0.692412,0 0.993461,0 h 17.189888 q 0.301049,0 0.963356,0 0.692412,-0.0301 1.565454,-0.0301 0.873042,-0.0301 1.836398,-0.0301 0.993461,-0.0301 1.866503,-0.0602 0.903146,-0.0301 1.625663,-0.0602 0.722518,-0.0301 1.083776,-0.0602 l 0.873042,4.87699 q -1.926713,-0.54189 -4.335103,-0.99346 -2.077237,-0.36126 -4.937201,-0.66231 -2.859964,-0.33115 -6.41234,-0.33115 v 28.75016 q 0,2.55892 0.06021,4.48563 0.09031,1.89661 0.18063,3.28143 0.120419,1.38483 0.270944,2.31808 0.180629,0.93325 0.361258,1.56545 v 0.12042 H 35.90723 v -0.12042 q 0.18063,-0.6322 0.331154,-1.56545 0.150524,-0.93325 0.270944,-2.31808 0.120419,-1.38482 0.180629,-3.28143 0.06021,-1.92671 0.06021,-4.48563 z"
             id="path155"
             style="font-size:61.6548px;font-family:Marcellus;-inkscape-font-specification:Marcellus;fill:#3a5416;fill-opacity:1;fill-rule:evenodd;stroke:none;stroke-width:2.53877;stroke-linejoin:bevel;stroke-opacity:1;paint-order:stroke fill markers"
             transform="rotate(-25.60554)"
             aria-label="T" /></g><g
           id="g157"
           style="fill:#3a5416;fill-opacity:1;stroke:none;stroke-opacity:1"
           transform="matrix(1.4113474,0,0,1.4113474,1439.751,362.08849)"><path
             d="m 146.37399,116.87328 q 0.18063,-0.6322 0.33116,-1.56546 0.15052,-0.93325 0.27094,-2.31807 0.12042,-1.38483 0.18063,-3.28143 0.0602,-1.92672 0.0602,-4.48563 V 85.62441 q 0,-2.558915 -0.0602,-4.455523 -0.0602,-1.926712 -0.18063,-3.311537 -0.12042,-1.414929 -0.27094,-2.348181 -0.15053,-0.933251 -0.33116,-1.565454 v -0.120419 h 7.19507 v 0.120419 q -0.18063,0.632203 -0.36126,1.565454 -0.15052,0.933252 -0.27094,2.348181 -0.0903,1.384825 -0.18063,3.311537 -0.0602,1.896608 -0.0602,4.455523 v 19.59828 q 0,2.55891 0.0602,4.48563 0.0903,1.8966 0.18063,3.28143 0.12042,1.38482 0.27094,2.31807 0.18063,0.93326 0.36126,1.56546 v 0.12042 h -7.19507 z"
             id="path156"
             style="font-size:61.6548px;font-family:Marcellus;-inkscape-font-specification:Marcellus;fill:#3a5416;fill-opacity:1;fill-rule:evenodd;stroke:none;stroke-width:2.53877;stroke-linejoin:bevel;stroke-opacity:1;paint-order:stroke fill markers"
             transform="rotate(18.055612)"
             aria-label="I" /><path
             d="m 36.750166,145.69642 q -3.552376,0 -6.41234,0.33115 -2.859964,0.30105 -4.937201,0.66231 -2.408391,0.45157 -4.304998,0.99346 l 0.873041,-4.87699 q 0.361259,0.0301 1.083776,0.0602 0.722517,0.0301 1.595559,0.0602 0.903147,0.0301 1.866503,0.0602 0.993461,0 1.866503,0.0301 0.873041,0 1.535349,0.0301 0.692412,0 0.993461,0 h 17.189888 q 0.301049,0 0.963356,0 0.692412,-0.0301 1.565454,-0.0301 0.873042,-0.0301 1.836398,-0.0301 0.993461,-0.0301 1.866503,-0.0602 0.903146,-0.0301 1.625663,-0.0602 0.722518,-0.0301 1.083776,-0.0602 l 0.873042,4.87699 q -1.926713,-0.54189 -4.335103,-0.99346 -2.077237,-0.36126 -4.937201,-0.66231 -2.859964,-0.33115 -6.41234,-0.33115 v 28.75016 q 0,2.55892 0.06021,4.48563 0.09031,1.89661 0.18063,3.28143 0.120419,1.38483 0.270944,2.31808 0.180629,0.93325 0.361258,1.56545 v 0.12042 H 35.90723 v -0.12042 q 0.18063,-0.6322 0.331154,-1.56545 0.150524,-0.93325 0.270944,-2.31808 0.120419,-1.38482 0.180629,-3.28143 0.06021,-1.92671 0.06021,-4.48563 z"
             id="path157"
             style="font-size:61.6548px;font-family:Marcellus;-inkscape-font-specification:Marcellus;fill:#3a5416;fill-opacity:1;fill-rule:evenodd;stroke:none;stroke-width:2.53877;stroke-linejoin:bevel;stroke-opacity:1;paint-order:stroke fill markers"
             transform="rotate(-25.60554)"
             aria-label="T" /></g><g
           id="g159"
           style="fill:#3a5416;fill-opacity:1;stroke:none;stroke-opacity:1"
           transform="matrix(1.4113474,0,0,1.4113474,1508.3735,362.08849)"><path
             d="m 146.37399,116.87328 q 0.18063,-0.6322 0.33116,-1.56546 0.15052,-0.93325 0.27094,-2.31807 0.12042,-1.38483 0.18063,-3.28143 0.0602,-1.92672 0.0602,-4.48563 V 85.62441 q 0,-2.558915 -0.0602,-4.455523 -0.0602,-1.926712 -0.18063,-3.311537 -0.12042,-1.414929 -0.27094,-2.348181 -0.15053,-0.933251 -0.33116,-1.565454 v -0.120419 h 7.19507 v 0.120419 q -0.18063,0.632203 -0.36126,1.565454 -0.15052,0.933252 -0.27094,2.348181 -0.0903,1.384825 -0.18063,3.311537 -0.0602,1.896608 -0.0602,4.455523 v 19.59828 q 0,2.55891 0.0602,4.48563 0.0903,1.8966 0.18063,3.28143 0.12042,1.38482 0.27094,2.31807 0.18063,0.93326 0.36126,1.56546 v 0.12042 h -7.19507 z"
             id="path158"
             style="font-size:61.6548px;font-family:Marcellus;-inkscape-font-specification:Marcellus;fill:#3a5416;fill-opacity:1;fill-rule:evenodd;stroke:none;stroke-width:2.53877;stroke-linejoin:bevel;stroke-opacity:1;paint-order:stroke fill markers"
             transform="rotate(18.055612)"
             aria-label="I" /><path
             d="m 36.750166,145.69642 q -3.552376,0 -6.41234,0.33115 -2.859964,0.30105 -4.937201,0.66231 -2.408391,0.45157 -4.304998,0.99346 l 0.873041,-4.87699 q 0.361259,0.0301 1.083776,0.0602 0.722517,0.0301 1.595559,0.0602 0.903147,0.0301 1.866503,0.0602 0.993461,0 1.866503,0.0301 0.873041,0 1.535349,0.0301 0.692412,0 0.993461,0 h 17.189888 q 0.301049,0 0.963356,0 0.692412,-0.0301 1.565454,-0.0301 0.873042,-0.0301 1.836398,-0.0301 0.993461,-0.0301 1.866503,-0.0602 0.903146,-0.0301 1.625663,-0.0602 0.722518,-0.0301 1.083776,-0.0602 l 0.873042,4.87699 q -1.926713,-0.54189 -4.335103,-0.99346 -2.077237,-0.36126 -4.937201,-0.66231 -2.859964,-0.33115 -6.41234,-0.33115 v 28.75016 q 0,2.55892 0.06021,4.48563 0.09031,1.89661 0.18063,3.28143 0.120419,1.38483 0.270944,2.31808 0.180629,0.93325 0.361258,1.56545 v 0.12042 H 35.90723 v -0.12042 q 0.18063,-0.6322 0.331154,-1.56545 0.150524,-0.93325 0.270944,-2.31808 0.120419,-1.38482 0.180629,-3.28143 0.06021,-1.92671 0.06021,-4.48563 z"
             id="path159"
             style="font-size:61.6548px;font-family:Marcellus;-inkscape-font-specification:Marcellus;fill:#3a5416;fill-opacity:1;fill-rule:evenodd;stroke:none;stroke-width:2.53877;stroke-linejoin:bevel;stroke-opacity:1;paint-order:stroke fill markers"
             transform="rotate(-25.60554)"
             aria-label="T" /></g><g
           id="g161"
           style="fill:#3a5416;fill-opacity:1;stroke:none;stroke-opacity:1"
           transform="matrix(1.4113474,0,0,1.4113474,1575.5713,285.51925)"><path
             d="m 146.37399,116.87328 q 0.18063,-0.6322 0.33116,-1.56546 0.15052,-0.93325 0.27094,-2.31807 0.12042,-1.38483 0.18063,-3.28143 0.0602,-1.92672 0.0602,-4.48563 V 85.62441 q 0,-2.558915 -0.0602,-4.455523 -0.0602,-1.926712 -0.18063,-3.311537 -0.12042,-1.414929 -0.27094,-2.348181 -0.15053,-0.933251 -0.33116,-1.565454 v -0.120419 h 7.19507 v 0.120419 q -0.18063,0.632203 -0.36126,1.565454 -0.15052,0.933252 -0.27094,2.348181 -0.0903,1.384825 -0.18063,3.311537 -0.0602,1.896608 -0.0602,4.455523 v 19.59828 q 0,2.55891 0.0602,4.48563 0.0903,1.8966 0.18063,3.28143 0.12042,1.38482 0.27094,2.31807 0.18063,0.93326 0.36126,1.56546 v 0.12042 h -7.19507 z"
             id="path160"
             style="font-size:61.6548px;font-family:Marcellus;-inkscape-font-specification:Marcellus;fill:#3a5416;fill-opacity:1;fill-rule:evenodd;stroke:none;stroke-width:2.53877;stroke-linejoin:bevel;stroke-opacity:1;paint-order:stroke fill markers"
             transform="rotate(18.055612)"
             aria-label="I" /><path
             d="m 36.750166,145.69642 q -3.552376,0 -6.41234,0.33115 -2.859964,0.30105 -4.937201,0.66231 -2.408391,0.45157 -4.304998,0.99346 l 0.873041,-4.87699 q 0.361259,0.0301 1.083776,0.0602 0.722517,0.0301 1.595559,0.0602 0.903147,0.0301 1.866503,0.0602 0.993461,0 1.866503,0.0301 0.873041,0 1.535349,0.0301 0.692412,0 0.993461,0 h 17.189888 q 0.301049,0 0.963356,0 0.692412,-0.0301 1.565454,-0.0301 0.873042,-0.0301 1.836398,-0.0301 0.993461,-0.0301 1.866503,-0.0602 0.903146,-0.0301 1.625663,-0.0602 0.722518,-0.0301 1.083776,-0.0602 l 0.873042,4.87699 q -1.926713,-0.54189 -4.335103,-0.99346 -2.077237,-0.36126 -4.937201,-0.66231 -2.859964,-0.33115 -6.41234,-0.33115 v 28.75016 q 0,2.55892 0.06021,4.48563 0.09031,1.89661 0.18063,3.28143 0.120419,1.38483 0.270944,2.31808 0.180629,0.93325 0.361258,1.56545 v 0.12042 H 35.90723 v -0.12042 q 0.18063,-0.6322 0.331154,-1.56545 0.150524,-0.93325 0.270944,-2.31808 0.120419,-1.38482 0.180629,-3.28143 0.06021,-1.92671 0.06021,-4.48563 z"
             id="path161"
             style="font-size:61.6548px;font-family:Marcellus;-inkscape-font-specification:Marcellus;fill:#3a5416;fill-opacity:1;fill-rule:evenodd;stroke:none;stroke-width:2.53877;stroke-linejoin:bevel;stroke-opacity:1;paint-order:stroke fill markers"
             transform="rotate(-25.60554)"
             aria-label="T" /></g><g
           id="g163"
           style="fill:#3a5416;fill-opacity:1;stroke:none;stroke-opacity:1"
           transform="matrix(1.4113474,0,0,1.4113474,1644.1938,285.51925)"><path
             d="m 146.37399,116.87328 q 0.18063,-0.6322 0.33116,-1.56546 0.15052,-0.93325 0.27094,-2.31807 0.12042,-1.38483 0.18063,-3.28143 0.0602,-1.92672 0.0602,-4.48563 V 85.62441 q 0,-2.558915 -0.0602,-4.455523 -0.0602,-1.926712 -0.18063,-3.311537 -0.12042,-1.414929 -0.27094,-2.348181 -0.15053,-0.933251 -0.33116,-1.565454 v -0.120419 h 7.19507 v 0.120419 q -0.18063,0.632203 -0.36126,1.565454 -0.15052,0.933252 -0.27094,2.348181 -0.0903,1.384825 -0.18063,3.311537 -0.0602,1.896608 -0.0602,4.455523 v 19.59828 q 0,2.55891 0.0602,4.48563 0.0903,1.8966 0.18063,3.28143 0.12042,1.38482 0.27094,2.31807 0.18063,0.93326 0.36126,1.56546 v 0.12042 h -7.19507 z"
             id="path162"
             style="font-size:61.6548px;font-family:Marcellus;-inkscape-font-specification:Marcellus;fill:#3a5416;fill-opacity:1;fill-rule:evenodd;stroke:none;stroke-width:2.53877;stroke-linejoin:bevel;stroke-opacity:1;paint-order:stroke fill markers"
             transform="rotate(18.055612)"
             aria-label="I" /><path
             d="m 36.750166,145.69642 q -3.552376,0 -6.41234,0.33115 -2.859964,0.30105 -4.937201,0.66231 -2.408391,0.45157 -4.304998,0.99346 l 0.873041,-4.87699 q 0.361259,0.0301 1.083776,0.0602 0.722517,0.0301 1.595559,0.0602 0.903147,0.0301 1.866503,0.0602 0.993461,0 1.866503,0.0301 0.873041,0 1.535349,0.0301 0.692412,0 0.993461,0 h 17.189888 q 0.301049,0 0.963356,0 0.692412,-0.0301 1.565454,-0.0301 0.873042,-0.0301 1.836398,-0.0301 0.993461,-0.0301 1.866503,-0.0602 0.903146,-0.0301 1.625663,-0.0602 0.722518,-0.0301 1.083776,-0.0602 l 0.873042,4.87699 q -1.926713,-0.54189 -4.335103,-0.99346 -2.077237,-0.36126 -4.937201,-0.66231 -2.859964,-0.33115 -6.41234,-0.33115 v 28.75016 q 0,2.55892 0.06021,4.48563 0.09031,1.89661 0.18063,3.28143 0.120419,1.38483 0.270944,2.31808 0.180629,0.93325 0.361258,1.56545 v 0.12042 H 35.90723 v -0.12042 q 0.18063,-0.6322 0.331154,-1.56545 0.150524,-0.93325 0.270944,-2.31808 0.120419,-1.38482 0.180629,-3.28143 0.06021,-1.92671 0.06021,-4.48563 z"
             id="path163"
             style="font-size:61.6548px;font-family:Marcellus;-inkscape-font-specification:Marcellus;fill:#3a5416;fill-opacity:1;fill-rule:evenodd;stroke:none;stroke-width:2.53877;stroke-linejoin:bevel;stroke-opacity:1;paint-order:stroke fill markers"
             transform="rotate(-25.60554)"
             aria-label="T" /></g><g
           id="g165"
           style="fill:#3a5416;fill-opacity:1;stroke:none;stroke-opacity:1"
           transform="matrix(1.4113474,0,0,1.4113474,1576.3869,362.08849)"><path
             d="m 146.37399,116.87328 q 0.18063,-0.6322 0.33116,-1.56546 0.15052,-0.93325 0.27094,-2.31807 0.12042,-1.38483 0.18063,-3.28143 0.0602,-1.92672 0.0602,-4.48563 V 85.62441 q 0,-2.558915 -0.0602,-4.455523 -0.0602,-1.926712 -0.18063,-3.311537 -0.12042,-1.414929 -0.27094,-2.348181 -0.15053,-0.933251 -0.33116,-1.565454 v -0.120419 h 7.19507 v 0.120419 q -0.18063,0.632203 -0.36126,1.565454 -0.15052,0.933252 -0.27094,2.348181 -0.0903,1.384825 -0.18063,3.311537 -0.0602,1.896608 -0.0602,4.455523 v 19.59828 q 0,2.55891 0.0602,4.48563 0.0903,1.8966 0.18063,3.28143 0.12042,1.38482 0.27094,2.31807 0.18063,0.93326 0.36126,1.56546 v 0.12042 h -7.19507 z"
             id="path164"
             style="font-size:61.6548px;font-family:Marcellus;-inkscape-font-specification:Marcellus;fill:#3a5416;fill-opacity:1;fill-rule:evenodd;stroke:none;stroke-width:2.53877;stroke-linejoin:bevel;stroke-opacity:1;paint-order:stroke fill markers"
             transform="rotate(18.055612)"
             aria-label="I" /><path
             d="m 36.750166,145.69642 q -3.552376,0 -6.41234,0.33115 -2.859964,0.30105 -4.937201,0.66231 -2.408391,0.45157 -4.304998,0.99346 l 0.873041,-4.87699 q 0.361259,0.0301 1.083776,0.0602 0.722517,0.0301 1.595559,0.0602 0.903147,0.0301 1.866503,0.0602 0.993461,0 1.866503,0.0301 0.873041,0 1.535349,0.0301 0.692412,0 0.993461,0 h 17.189888 q 0.301049,0 0.963356,0 0.692412,-0.0301 1.565454,-0.0301 0.873042,-0.0301 1.836398,-0.0301 0.993461,-0.0301 1.866503,-0.0602 0.903146,-0.0301 1.625663,-0.0602 0.722518,-0.0301 1.083776,-0.0602 l 0.873042,4.87699 q -1.926713,-0.54189 -4.335103,-0.99346 -2.077237,-0.36126 -4.937201,-0.66231 -2.859964,-0.33115 -6.41234,-0.33115 v 28.75016 q 0,2.55892 0.06021,4.48563 0.09031,1.89661 0.18063,3.28143 0.120419,1.38483 0.270944,2.31808 0.180629,0.93325 0.361258,1.56545 v 0.12042 H 35.90723 v -0.12042 q 0.18063,-0.6322 0.331154,-1.56545 0.150524,-0.93325 0.270944,-2.31808 0.120419,-1.38482 0.180629,-3.28143 0.06021,-1.92671 0.06021,-4.48563 z"
             id="path165"
             style="font-size:61.6548px;font-family:Marcellus;-inkscape-font-specification:Marcellus;fill:#3a5416;fill-opacity:1;fill-rule:evenodd;stroke:none;stroke-width:2.53877;stroke-linejoin:bevel;stroke-opacity:1;paint-order:stroke fill markers"
             transform="rotate(-25.60554)"
             aria-label="T" /></g><g
           id="g167"
           style="fill:#3a5416;fill-opacity:1;stroke:none;stroke-opacity:1"
           transform="matrix(1.4113474,0,0,1.4113474,1645.0094,362.08849)"><path
             d="m 146.37399,116.87328 q 0.18063,-0.6322 0.33116,-1.56546 0.15052,-0.93325 0.27094,-2.31807 0.12042,-1.38483 0.18063,-3.28143 0.0602,-1.92672 0.0602,-4.48563 V 85.62441 q 0,-2.558915 -0.0602,-4.455523 -0.0602,-1.926712 -0.18063,-3.311537 -0.12042,-1.414929 -0.27094,-2.348181 -0.15053,-0.933251 -0.33116,-1.565454 v -0.120419 h 7.19507 v 0.120419 q -0.18063,0.632203 -0.36126,1.565454 -0.15052,0.933252 -0.27094,2.348181 -0.0903,1.384825 -0.18063,3.311537 -0.0602,1.896608 -0.0602,4.455523 v 19.59828 q 0,2.55891 0.0602,4.48563 0.0903,1.8966 0.18063,3.28143 0.12042,1.38482 0.27094,2.31807 0.18063,0.93326 0.36126,1.56546 v 0.12042 h -7.19507 z"
             id="path166"
             style="font-size:61.6548px;font-family:Marcellus;-inkscape-font-specification:Marcellus;fill:#3a5416;fill-opacity:1;fill-rule:evenodd;stroke:none;stroke-width:2.53877;stroke-linejoin:bevel;stroke-opacity:1;paint-order:stroke fill markers"
             transform="rotate(18.055612)"
             aria-label="I" /><path
             d="m 36.750166,145.69642 q -3.552376,0 -6.41234,0.33115 -2.859964,0.30105 -4.937201,0.66231 -2.408391,0.45157 -4.304998,0.99346 l 0.873041,-4.87699 q 0.361259,0.0301 1.083776,0.0602 0.722517,0.0301 1.595559,0.0602 0.903147,0.0301 1.866503,0.0602 0.993461,0 1.866503,0.0301 0.873041,0 1.535349,0.0301 0.692412,0 0.993461,0 h 17.189888 q 0.301049,0 0.963356,0 0.692412,-0.0301 1.565454,-0.0301 0.873042,-0.0301 1.836398,-0.0301 0.993461,-0.0301 1.866503,-0.0602 0.903146,-0.0301 1.625663,-0.0602 0.722518,-0.0301 1.083776,-0.0602 l 0.873042,4.87699 q -1.926713,-0.54189 -4.335103,-0.99346 -2.077237,-0.36126 -4.937201,-0.66231 -2.859964,-0.33115 -6.41234,-0.33115 v 28.75016 q 0,2.55892 0.06021,4.48563 0.09031,1.89661 0.18063,3.28143 0.120419,1.38483 0.270944,2.31808 0.180629,0.93325 0.361258,1.56545 v 0.12042 H 35.90723 v -0.12042 q 0.18063,-0.6322 0.331154,-1.56545 0.150524,-0.93325 0.270944,-2.31808 0.120419,-1.38482 0.180629,-3.28143 0.06021,-1.92671 0.06021,-4.48563 z"
             id="path167"
             style="font-size:61.6548px;font-family:Marcellus;-inkscape-font-specification:Marcellus;fill:#3a5416;fill-opacity:1;fill-rule:evenodd;stroke:none;stroke-width:2.53877;stroke-linejoin:bevel;stroke-opacity:1;paint-order:stroke fill markers"
             transform="rotate(-25.60554)"
             aria-label="T" /></g><g
           id="g169"
           style="fill:#3a5416;fill-opacity:1;stroke:none;stroke-opacity:1"
           transform="matrix(1.4113474,0,0,1.4113474,1575.5713,285.51925)"><path
             d="m 146.37399,116.87328 q 0.18063,-0.6322 0.33116,-1.56546 0.15052,-0.93325 0.27094,-2.31807 0.12042,-1.38483 0.18063,-3.28143 0.0602,-1.92672 0.0602,-4.48563 V 85.62441 q 0,-2.558915 -0.0602,-4.455523 -0.0602,-1.926712 -0.18063,-3.311537 -0.12042,-1.414929 -0.27094,-2.348181 -0.15053,-0.933251 -0.33116,-1.565454 v -0.120419 h 7.19507 v 0.120419 q -0.18063,0.632203 -0.36126,1.565454 -0.15052,0.933252 -0.27094,2.348181 -0.0903,1.384825 -0.18063,3.311537 -0.0602,1.896608 -0.0602,4.455523 v 19.59828 q 0,2.55891 0.0602,4.48563 0.0903,1.8966 0.18063,3.28143 0.12042,1.38482 0.27094,2.31807 0.18063,0.93326 0.36126,1.56546 v 0.12042 h -7.19507 z"
             id="path168"
             style="font-size:61.6548px;font-family:Marcellus;-inkscape-font-specification:Marcellus;fill:#3a5416;fill-opacity:1;fill-rule:evenodd;stroke:none;stroke-width:2.53877;stroke-linejoin:bevel;stroke-opacity:1;paint-order:stroke fill markers"
             transform="rotate(18.055612)"
             aria-label="I" /><path
             d="m 36.750166,145.69642 q -3.552376,0 -6.41234,0.33115 -2.859964,0.30105 -4.937201,0.66231 -2.408391,0.45157 -4.304998,0.99346 l 0.873041,-4.87699 q 0.361259,0.0301 1.083776,0.0602 0.722517,0.0301 1.595559,0.0602 0.903147,0.0301 1.866503,0.0602 0.993461,0 1.866503,0.0301 0.873041,0 1.535349,0.0301 0.692412,0 0.993461,0 h 17.189888 q 0.301049,0 0.963356,0 0.692412,-0.0301 1.565454,-0.0301 0.873042,-0.0301 1.836398,-0.0301 0.993461,-0.0301 1.866503,-0.0602 0.903146,-0.0301 1.625663,-0.0602 0.722518,-0.0301 1.083776,-0.0602 l 0.873042,4.87699 q -1.926713,-0.54189 -4.335103,-0.99346 -2.077237,-0.36126 -4.937201,-0.66231 -2.859964,-0.33115 -6.41234,-0.33115 v 28.75016 q 0,2.55892 0.06021,4.48563 0.09031,1.89661 0.18063,3.28143 0.120419,1.38483 0.270944,2.31808 0.180629,0.93325 0.361258,1.56545 v 0.12042 H 35.90723 v -0.12042 q 0.18063,-0.6322 0.331154,-1.56545 0.150524,-0.93325 0.270944,-2.31808 0.120419,-1.38482 0.180629,-3.28143 0.06021,-1.92671 0.06021,-4.48563 z"
             id="path169"
             style="font-size:61.6548px;font-family:Marcellus;-inkscape-font-specification:Marcellus;fill:#3a5416;fill-opacity:1;fill-rule:evenodd;stroke:none;stroke-width:2.53877;stroke-linejoin:bevel;stroke-opacity:1;paint-order:stroke fill markers"
             transform="rotate(-25.60554)"
             aria-label="T" /></g><g
           id="g171"
           style="fill:#3a5416;fill-opacity:1;stroke:none;stroke-opacity:1"
           transform="matrix(1.4113474,0,0,1.4113474,1644.1938,285.51925)"><path
             d="m 146.37399,116.87328 q 0.18063,-0.6322 0.33116,-1.56546 0.15052,-0.93325 0.27094,-2.31807 0.12042,-1.38483 0.18063,-3.28143 0.0602,-1.92672 0.0602,-4.48563 V 85.62441 q 0,-2.558915 -0.0602,-4.455523 -0.0602,-1.926712 -0.18063,-3.311537 -0.12042,-1.414929 -0.27094,-2.348181 -0.15053,-0.933251 -0.33116,-1.565454 v -0.120419 h 7.19507 v 0.120419 q -0.18063,0.632203 -0.36126,1.565454 -0.15052,0.933252 -0.27094,2.348181 -0.0903,1.384825 -0.18063,3.311537 -0.0602,1.896608 -0.0602,4.455523 v 19.59828 q 0,2.55891 0.0602,4.48563 0.0903,1.8966 0.18063,3.28143 0.12042,1.38482 0.27094,2.31807 0.18063,0.93326 0.36126,1.56546 v 0.12042 h -7.19507 z"
             id="path170"
             style="font-size:61.6548px;font-family:Marcellus;-inkscape-font-specification:Marcellus;fill:#3a5416;fill-opacity:1;fill-rule:evenodd;stroke:none;stroke-width:2.53877;stroke-linejoin:bevel;stroke-opacity:1;paint-order:stroke fill markers"
             transform="rotate(18.055612)"
             aria-label="I" /><path
             d="m 36.750166,145.69642 q -3.552376,0 -6.41234,0.33115 -2.859964,0.30105 -4.937201,0.66231 -2.408391,0.45157 -4.304998,0.99346 l 0.873041,-4.87699 q 0.361259,0.0301 1.083776,0.0602 0.722517,0.0301 1.595559,0.0602 0.903147,0.0301 1.866503,0.0602 0.993461,0 1.866503,0.0301 0.873041,0 1.535349,0.0301 0.692412,0 0.993461,0 h 17.189888 q 0.301049,0 0.963356,0 0.692412,-0.0301 1.565454,-0.0301 0.873042,-0.0301 1.836398,-0.0301 0.993461,-0.0301 1.866503,-0.0602 0.903146,-0.0301 1.625663,-0.0602 0.722518,-0.0301 1.083776,-0.0602 l 0.873042,4.87699 q -1.926713,-0.54189 -4.335103,-0.99346 -2.077237,-0.36126 -4.937201,-0.66231 -2.859964,-0.33115 -6.41234,-0.33115 v 28.75016 q 0,2.55892 0.06021,4.48563 0.09031,1.89661 0.18063,3.28143 0.120419,1.38483 0.270944,2.31808 0.180629,0.93325 0.361258,1.56545 v 0.12042 H 35.90723 v -0.12042 q 0.18063,-0.6322 0.331154,-1.56545 0.150524,-0.93325 0.270944,-2.31808 0.120419,-1.38482 0.180629,-3.28143 0.06021,-1.92671 0.06021,-4.48563 z"
             id="path171"
             style="font-size:61.6548px;font-family:Marcellus;-inkscape-font-specification:Marcellus;fill:#3a5416;fill-opacity:1;fill-rule:evenodd;stroke:none;stroke-width:2.53877;stroke-linejoin:bevel;stroke-opacity:1;paint-order:stroke fill markers"
             transform="rotate(-25.60554)"
             aria-label="T" /></g><g
           id="g173"
           style="fill:#3a5416;fill-opacity:1;stroke:none;stroke-opacity:1"
           transform="matrix(1.4113474,0,0,1.4113474,1576.3869,362.08849)"><path
             d="m 146.37399,116.87328 q 0.18063,-0.6322 0.33116,-1.56546 0.15052,-0.93325 0.27094,-2.31807 0.12042,-1.38483 0.18063,-3.28143 0.0602,-1.92672 0.0602,-4.48563 V 85.62441 q 0,-2.558915 -0.0602,-4.455523 -0.0602,-1.926712 -0.18063,-3.311537 -0.12042,-1.414929 -0.27094,-2.348181 -0.15053,-0.933251 -0.33116,-1.565454 v -0.120419 h 7.19507 v 0.120419 q -0.18063,0.632203 -0.36126,1.565454 -0.15052,0.933252 -0.27094,2.348181 -0.0903,1.384825 -0.18063,3.311537 -0.0602,1.896608 -0.0602,4.455523 v 19.59828 q 0,2.55891 0.0602,4.48563 0.0903,1.8966 0.18063,3.28143 0.12042,1.38482 0.27094,2.31807 0.18063,0.93326 0.36126,1.56546 v 0.12042 h -7.19507 z"
             id="path172"
             style="font-size:61.6548px;font-family:Marcellus;-inkscape-font-specification:Marcellus;fill:#3a5416;fill-opacity:1;fill-rule:evenodd;stroke:none;stroke-width:2.53877;stroke-linejoin:bevel;stroke-opacity:1;paint-order:stroke fill markers"
             transform="rotate(18.055612)"
             aria-label="I" /><path
             d="m 36.750166,145.69642 q -3.552376,0 -6.41234,0.33115 -2.859964,0.30105 -4.937201,0.66231 -2.408391,0.45157 -4.304998,0.99346 l 0.873041,-4.87699 q 0.361259,0.0301 1.083776,0.0602 0.722517,0.0301 1.595559,0.0602 0.903147,0.0301 1.866503,0.0602 0.993461,0 1.866503,0.0301 0.873041,0 1.535349,0.0301 0.692412,0 0.993461,0 h 17.189888 q 0.301049,0 0.963356,0 0.692412,-0.0301 1.565454,-0.0301 0.873042,-0.0301 1.836398,-0.0301 0.993461,-0.0301 1.866503,-0.0602 0.903146,-0.0301 1.625663,-0.0602 0.722518,-0.0301 1.083776,-0.0602 l 0.873042,4.87699 q -1.926713,-0.54189 -4.335103,-0.99346 -2.077237,-0.36126 -4.937201,-0.66231 -2.859964,-0.33115 -6.41234,-0.33115 v 28.75016 q 0,2.55892 0.06021,4.48563 0.09031,1.89661 0.18063,3.28143 0.120419,1.38483 0.270944,2.31808 0.180629,0.93325 0.361258,1.56545 v 0.12042 H 35.90723 v -0.12042 q 0.18063,-0.6322 0.331154,-1.56545 0.150524,-0.93325 0.270944,-2.31808 0.120419,-1.38482 0.180629,-3.28143 0.06021,-1.92671 0.06021,-4.48563 z"
             id="path173"
             style="font-size:61.6548px;font-family:Marcellus;-inkscape-font-specification:Marcellus;fill:#3a5416;fill-opacity:1;fill-rule:evenodd;stroke:none;stroke-width:2.53877;stroke-linejoin:bevel;stroke-opacity:1;paint-order:stroke fill markers"
             transform="rotate(-25.60554)"
             aria-label="T" /></g><g
           id="g175"
           style="fill:#3a5416;fill-opacity:1;stroke:none;stroke-opacity:1"
           transform="matrix(1.4113474,0,0,1.4113474,1645.0094,362.08849)"><path
             d="m 146.37399,116.87328 q 0.18063,-0.6322 0.33116,-1.56546 0.15052,-0.93325 0.27094,-2.31807 0.12042,-1.38483 0.18063,-3.28143 0.0602,-1.92672 0.0602,-4.48563 V 85.62441 q 0,-2.558915 -0.0602,-4.455523 -0.0602,-1.926712 -0.18063,-3.311537 -0.12042,-1.414929 -0.27094,-2.348181 -0.15053,-0.933251 -0.33116,-1.565454 v -0.120419 h 7.19507 v 0.120419 q -0.18063,0.632203 -0.36126,1.565454 -0.15052,0.933252 -0.27094,2.348181 -0.0903,1.384825 -0.18063,3.311537 -0.0602,1.896608 -0.0602,4.455523 v 19.59828 q 0,2.55891 0.0602,4.48563 0.0903,1.8966 0.18063,3.28143 0.12042,1.38482 0.27094,2.31807 0.18063,0.93326 0.36126,1.56546 v 0.12042 h -7.19507 z"
             id="path174"
             style="font-size:61.6548px;font-family:Marcellus;-inkscape-font-specification:Marcellus;fill:#3a5416;fill-opacity:1;fill-rule:evenodd;stroke:none;stroke-width:2.53877;stroke-linejoin:bevel;stroke-opacity:1;paint-order:stroke fill markers"
             transform="rotate(18.055612)"
             aria-label="I" /><path
             d="m 36.750166,145.69642 q -3.552376,0 -6.41234,0.33115 -2.859964,0.30105 -4.937201,0.66231 -2.408391,0.45157 -4.304998,0.99346 l 0.873041,-4.87699 q 0.361259,0.0301 1.083776,0.0602 0.722517,0.0301 1.595559,0.0602 0.903147,0.0301 1.866503,0.0602 0.993461,0 1.866503,0.0301 0.873041,0 1.535349,0.0301 0.692412,0 0.993461,0 h 17.189888 q 0.301049,0 0.963356,0 0.692412,-0.0301 1.565454,-0.0301 0.873042,-0.0301 1.836398,-0.0301 0.993461,-0.0301 1.866503,-0.0602 0.903146,-0.0301 1.625663,-0.0602 0.722518,-0.0301 1.083776,-0.0602 l 0.873042,4.87699 q -1.926713,-0.54189 -4.335103,-0.99346 -2.077237,-0.36126 -4.937201,-0.66231 -2.859964,-0.33115 -6.41234,-0.33115 v 28.75016 q 0,2.55892 0.06021,4.48563 0.09031,1.89661 0.18063,3.28143 0.120419,1.38483 0.270944,2.31808 0.180629,0.93325 0.361258,1.56545 v 0.12042 H 35.90723 v -0.12042 q 0.18063,-0.6322 0.331154,-1.56545 0.150524,-0.93325 0.270944,-2.31808 0.120419,-1.38482 0.180629,-3.28143 0.06021,-1.92671 0.06021,-4.48563 z"
             id="path175"
             style="font-size:61.6548px;font-family:Marcellus;-inkscape-font-specification:Marcellus;fill:#3a5416;fill-opacity:1;fill-rule:evenodd;stroke:none;stroke-width:2.53877;stroke-linejoin:bevel;stroke-opacity:1;paint-order:stroke fill markers"
             transform="rotate(-25.60554)"
             aria-label="T" /></g><g
           id="g177"
           style="fill:#3a5416;fill-opacity:1;stroke:none;stroke-opacity:1"
           transform="matrix(1.4113474,0,0,1.4113474,1438.9354,285.51925)"><path
             d="m 146.37399,116.87328 q 0.18063,-0.6322 0.33116,-1.56546 0.15052,-0.93325 0.27094,-2.31807 0.12042,-1.38483 0.18063,-3.28143 0.0602,-1.92672 0.0602,-4.48563 V 85.62441 q 0,-2.558915 -0.0602,-4.455523 -0.0602,-1.926712 -0.18063,-3.311537 -0.12042,-1.414929 -0.27094,-2.348181 -0.15053,-0.933251 -0.33116,-1.565454 v -0.120419 h 7.19507 v 0.120419 q -0.18063,0.632203 -0.36126,1.565454 -0.15052,0.933252 -0.27094,2.348181 -0.0903,1.384825 -0.18063,3.311537 -0.0602,1.896608 -0.0602,4.455523 v 19.59828 q 0,2.55891 0.0602,4.48563 0.0903,1.8966 0.18063,3.28143 0.12042,1.38482 0.27094,2.31807 0.18063,0.93326 0.36126,1.56546 v 0.12042 h -7.19507 z"
             id="path176"
             style="font-size:61.6548px;font-family:Marcellus;-inkscape-font-specification:Marcellus;fill:#3a5416;fill-opacity:1;fill-rule:evenodd;stroke:none;stroke-width:2.53877;stroke-linejoin:bevel;stroke-opacity:1;paint-order:stroke fill markers"
             transform="rotate(18.055612)"
             aria-label="I" /><path
             d="m 36.750166,145.69642 q -3.552376,0 -6.41234,0.33115 -2.859964,0.30105 -4.937201,0.66231 -2.408391,0.45157 -4.304998,0.99346 l 0.873041,-4.87699 q 0.361259,0.0301 1.083776,0.0602 0.722517,0.0301 1.595559,0.0602 0.903147,0.0301 1.866503,0.0602 0.993461,0 1.866503,0.0301 0.873041,0 1.535349,0.0301 0.692412,0 0.993461,0 h 17.189888 q 0.301049,0 0.963356,0 0.692412,-0.0301 1.565454,-0.0301 0.873042,-0.0301 1.836398,-0.0301 0.993461,-0.0301 1.866503,-0.0602 0.903146,-0.0301 1.625663,-0.0602 0.722518,-0.0301 1.083776,-0.0602 l 0.873042,4.87699 q -1.926713,-0.54189 -4.335103,-0.99346 -2.077237,-0.36126 -4.937201,-0.66231 -2.859964,-0.33115 -6.41234,-0.33115 v 28.75016 q 0,2.55892 0.06021,4.48563 0.09031,1.89661 0.18063,3.28143 0.120419,1.38483 0.270944,2.31808 0.180629,0.93325 0.361258,1.56545 v 0.12042 H 35.90723 v -0.12042 q 0.18063,-0.6322 0.331154,-1.56545 0.150524,-0.93325 0.270944,-2.31808 0.120419,-1.38482 0.180629,-3.28143 0.06021,-1.92671 0.06021,-4.48563 z"
             id="path177"
             style="font-size:61.6548px;font-family:Marcellus;-inkscape-font-specification:Marcellus;fill:#3a5416;fill-opacity:1;fill-rule:evenodd;stroke:none;stroke-width:2.53877;stroke-linejoin:bevel;stroke-opacity:1;paint-order:stroke fill markers"
             transform="rotate(-25.60554)"
             aria-label="T" /></g><g
           id="g179"
           style="fill:#3a5416;fill-opacity:1;stroke:none;stroke-opacity:1"
           transform="matrix(1.4113474,0,0,1.4113474,1507.5579,285.51925)"><path
             d="m 146.37399,116.87328 q 0.18063,-0.6322 0.33116,-1.56546 0.15052,-0.93325 0.27094,-2.31807 0.12042,-1.38483 0.18063,-3.28143 0.0602,-1.92672 0.0602,-4.48563 V 85.62441 q 0,-2.558915 -0.0602,-4.455523 -0.0602,-1.926712 -0.18063,-3.311537 -0.12042,-1.414929 -0.27094,-2.348181 -0.15053,-0.933251 -0.33116,-1.565454 v -0.120419 h 7.19507 v 0.120419 q -0.18063,0.632203 -0.36126,1.565454 -0.15052,0.933252 -0.27094,2.348181 -0.0903,1.384825 -0.18063,3.311537 -0.0602,1.896608 -0.0602,4.455523 v 19.59828 q 0,2.55891 0.0602,4.48563 0.0903,1.8966 0.18063,3.28143 0.12042,1.38482 0.27094,2.31807 0.18063,0.93326 0.36126,1.56546 v 0.12042 h -7.19507 z"
             id="path178"
             style="font-size:61.6548px;font-family:Marcellus;-inkscape-font-specification:Marcellus;fill:#3a5416;fill-opacity:1;fill-rule:evenodd;stroke:none;stroke-width:2.53877;stroke-linejoin:bevel;stroke-opacity:1;paint-order:stroke fill markers"
             transform="rotate(18.055612)"
             aria-label="I" /><path
             d="m 36.750166,145.69642 q -3.552376,0 -6.41234,0.33115 -2.859964,0.30105 -4.937201,0.66231 -2.408391,0.45157 -4.304998,0.99346 l 0.873041,-4.87699 q 0.361259,0.0301 1.083776,0.0602 0.722517,0.0301 1.595559,0.0602 0.903147,0.0301 1.866503,0.0602 0.993461,0 1.866503,0.0301 0.873041,0 1.535349,0.0301 0.692412,0 0.993461,0 h 17.189888 q 0.301049,0 0.963356,0 0.692412,-0.0301 1.565454,-0.0301 0.873042,-0.0301 1.836398,-0.0301 0.993461,-0.0301 1.866503,-0.0602 0.903146,-0.0301 1.625663,-0.0602 0.722518,-0.0301 1.083776,-0.0602 l 0.873042,4.87699 q -1.926713,-0.54189 -4.335103,-0.99346 -2.077237,-0.36126 -4.937201,-0.66231 -2.859964,-0.33115 -6.41234,-0.33115 v 28.75016 q 0,2.55892 0.06021,4.48563 0.09031,1.89661 0.18063,3.28143 0.120419,1.38483 0.270944,2.31808 0.180629,0.93325 0.361258,1.56545 v 0.12042 H 35.90723 v -0.12042 q 0.18063,-0.6322 0.331154,-1.56545 0.150524,-0.93325 0.270944,-2.31808 0.120419,-1.38482 0.180629,-3.28143 0.06021,-1.92671 0.06021,-4.48563 z"
             id="path179"
             style="font-size:61.6548px;font-family:Marcellus;-inkscape-font-specification:Marcellus;fill:#3a5416;fill-opacity:1;fill-rule:evenodd;stroke:none;stroke-width:2.53877;stroke-linejoin:bevel;stroke-opacity:1;paint-order:stroke fill markers"
             transform="rotate(-25.60554)"
             aria-label="T" /></g><g
           id="g181"
           style="fill:#3a5416;fill-opacity:1;stroke:none;stroke-opacity:1"
           transform="matrix(1.4113474,0,0,1.4113474,1439.751,362.08849)"><path
             d="m 146.37399,116.87328 q 0.18063,-0.6322 0.33116,-1.56546 0.15052,-0.93325 0.27094,-2.31807 0.12042,-1.38483 0.18063,-3.28143 0.0602,-1.92672 0.0602,-4.48563 V 85.62441 q 0,-2.558915 -0.0602,-4.455523 -0.0602,-1.926712 -0.18063,-3.311537 -0.12042,-1.414929 -0.27094,-2.348181 -0.15053,-0.933251 -0.33116,-1.565454 v -0.120419 h 7.19507 v 0.120419 q -0.18063,0.632203 -0.36126,1.565454 -0.15052,0.933252 -0.27094,2.348181 -0.0903,1.384825 -0.18063,3.311537 -0.0602,1.896608 -0.0602,4.455523 v 19.59828 q 0,2.55891 0.0602,4.48563 0.0903,1.8966 0.18063,3.28143 0.12042,1.38482 0.27094,2.31807 0.18063,0.93326 0.36126,1.56546 v 0.12042 h -7.19507 z"
             id="path180"
             style="font-size:61.6548px;font-family:Marcellus;-inkscape-font-specification:Marcellus;fill:#3a5416;fill-opacity:1;fill-rule:evenodd;stroke:none;stroke-width:2.53877;stroke-linejoin:bevel;stroke-opacity:1;paint-order:stroke fill markers"
             transform="rotate(18.055612)"
             aria-label="I" /><path
             d="m 36.750166,145.69642 q -3.552376,0 -6.41234,0.33115 -2.859964,0.30105 -4.937201,0.66231 -2.408391,0.45157 -4.304998,0.99346 l 0.873041,-4.87699 q 0.361259,0.0301 1.083776,0.0602 0.722517,0.0301 1.595559,0.0602 0.903147,0.0301 1.866503,0.0602 0.993461,0 1.866503,0.0301 0.873041,0 1.535349,0.0301 0.692412,0 0.993461,0 h 17.189888 q 0.301049,0 0.963356,0 0.692412,-0.0301 1.565454,-0.0301 0.873042,-0.0301 1.836398,-0.0301 0.993461,-0.0301 1.866503,-0.0602 0.903146,-0.0301 1.625663,-0.0602 0.722518,-0.0301 1.083776,-0.0602 l 0.873042,4.87699 q -1.926713,-0.54189 -4.335103,-0.99346 -2.077237,-0.36126 -4.937201,-0.66231 -2.859964,-0.33115 -6.41234,-0.33115 v 28.75016 q 0,2.55892 0.06021,4.48563 0.09031,1.89661 0.18063,3.28143 0.120419,1.38483 0.270944,2.31808 0.180629,0.93325 0.361258,1.56545 v 0.12042 H 35.90723 v -0.12042 q 0.18063,-0.6322 0.331154,-1.56545 0.150524,-0.93325 0.270944,-2.31808 0.120419,-1.38482 0.180629,-3.28143 0.06021,-1.92671 0.06021,-4.48563 z"
             id="path181"
             style="font-size:61.6548px;font-family:Marcellus;-inkscape-font-specification:Marcellus;fill:#3a5416;fill-opacity:1;fill-rule:evenodd;stroke:none;stroke-width:2.53877;stroke-linejoin:bevel;stroke-opacity:1;paint-order:stroke fill markers"
             transform="rotate(-25.60554)"
             aria-label="T" /></g><g
           id="g183"
           style="fill:#3a5416;fill-opacity:1;stroke:none;stroke-opacity:1"
           transform="matrix(1.4113474,0,0,1.4113474,1508.3735,362.08849)"><path
             d="m 146.37399,116.87328 q 0.18063,-0.6322 0.33116,-1.56546 0.15052,-0.93325 0.27094,-2.31807 0.12042,-1.38483 0.18063,-3.28143 0.0602,-1.92672 0.0602,-4.48563 V 85.62441 q 0,-2.558915 -0.0602,-4.455523 -0.0602,-1.926712 -0.18063,-3.311537 -0.12042,-1.414929 -0.27094,-2.348181 -0.15053,-0.933251 -0.33116,-1.565454 v -0.120419 h 7.19507 v 0.120419 q -0.18063,0.632203 -0.36126,1.565454 -0.15052,0.933252 -0.27094,2.348181 -0.0903,1.384825 -0.18063,3.311537 -0.0602,1.896608 -0.0602,4.455523 v 19.59828 q 0,2.55891 0.0602,4.48563 0.0903,1.8966 0.18063,3.28143 0.12042,1.38482 0.27094,2.31807 0.18063,0.93326 0.36126,1.56546 v 0.12042 h -7.19507 z"
             id="path182"
             style="font-size:61.6548px;font-family:Marcellus;-inkscape-font-specification:Marcellus;fill:#3a5416;fill-opacity:1;fill-rule:evenodd;stroke:none;stroke-width:2.53877;stroke-linejoin:bevel;stroke-opacity:1;paint-order:stroke fill markers"
             transform="rotate(18.055612)"
             aria-label="I" /><path
             d="m 36.750166,145.69642 q -3.552376,0 -6.41234,0.33115 -2.859964,0.30105 -4.937201,0.66231 -2.408391,0.45157 -4.304998,0.99346 l 0.873041,-4.87699 q 0.361259,0.0301 1.083776,0.0602 0.722517,0.0301 1.595559,0.0602 0.903147,0.0301 1.866503,0.0602 0.993461,0 1.866503,0.0301 0.873041,0 1.535349,0.0301 0.692412,0 0.993461,0 h 17.189888 q 0.301049,0 0.963356,0 0.692412,-0.0301 1.565454,-0.0301 0.873042,-0.0301 1.836398,-0.0301 0.993461,-0.0301 1.866503,-0.0602 0.903146,-0.0301 1.625663,-0.0602 0.722518,-0.0301 1.083776,-0.0602 l 0.873042,4.87699 q -1.926713,-0.54189 -4.335103,-0.99346 -2.077237,-0.36126 -4.937201,-0.66231 -2.859964,-0.33115 -6.41234,-0.33115 v 28.75016 q 0,2.55892 0.06021,4.48563 0.09031,1.89661 0.18063,3.28143 0.120419,1.38483 0.270944,2.31808 0.180629,0.93325 0.361258,1.56545 v 0.12042 H 35.90723 v -0.12042 q 0.18063,-0.6322 0.331154,-1.56545 0.150524,-0.93325 0.270944,-2.31808 0.120419,-1.38482 0.180629,-3.28143 0.06021,-1.92671 0.06021,-4.48563 z"
             id="path183"
             style="font-size:61.6548px;font-family:Marcellus;-inkscape-font-specification:Marcellus;fill:#3a5416;fill-opacity:1;fill-rule:evenodd;stroke:none;stroke-width:2.53877;stroke-linejoin:bevel;stroke-opacity:1;paint-order:stroke fill markers"
             transform="rotate(-25.60554)"
             aria-label="T" /></g><g
           id="g185"
           style="fill:#3a5416;fill-opacity:1;stroke:none;stroke-opacity:1"
           transform="matrix(1.4113474,0,0,1.4113474,1438.9354,285.51925)"><path
             d="m 146.37399,116.87328 q 0.18063,-0.6322 0.33116,-1.56546 0.15052,-0.93325 0.27094,-2.31807 0.12042,-1.38483 0.18063,-3.28143 0.0602,-1.92672 0.0602,-4.48563 V 85.62441 q 0,-2.558915 -0.0602,-4.455523 -0.0602,-1.926712 -0.18063,-3.311537 -0.12042,-1.414929 -0.27094,-2.348181 -0.15053,-0.933251 -0.33116,-1.565454 v -0.120419 h 7.19507 v 0.120419 q -0.18063,0.632203 -0.36126,1.565454 -0.15052,0.933252 -0.27094,2.348181 -0.0903,1.384825 -0.18063,3.311537 -0.0602,1.896608 -0.0602,4.455523 v 19.59828 q 0,2.55891 0.0602,4.48563 0.0903,1.8966 0.18063,3.28143 0.12042,1.38482 0.27094,2.31807 0.18063,0.93326 0.36126,1.56546 v 0.12042 h -7.19507 z"
             id="path184"
             style="font-size:61.6548px;font-family:Marcellus;-inkscape-font-specification:Marcellus;fill:#3a5416;fill-opacity:1;fill-rule:evenodd;stroke:none;stroke-width:2.53877;stroke-linejoin:bevel;stroke-opacity:1;paint-order:stroke fill markers"
             transform="rotate(18.055612)"
             aria-label="I" /><path
             d="m 36.750166,145.69642 q -3.552376,0 -6.41234,0.33115 -2.859964,0.30105 -4.937201,0.66231 -2.408391,0.45157 -4.304998,0.99346 l 0.873041,-4.87699 q 0.361259,0.0301 1.083776,0.0602 0.722517,0.0301 1.595559,0.0602 0.903147,0.0301 1.866503,0.0602 0.993461,0 1.866503,0.0301 0.873041,0 1.535349,0.0301 0.692412,0 0.993461,0 h 17.189888 q 0.301049,0 0.963356,0 0.692412,-0.0301 1.565454,-0.0301 0.873042,-0.0301 1.836398,-0.0301 0.993461,-0.0301 1.866503,-0.0602 0.903146,-0.0301 1.625663,-0.0602 0.722518,-0.0301 1.083776,-0.0602 l 0.873042,4.87699 q -1.926713,-0.54189 -4.335103,-0.99346 -2.077237,-0.36126 -4.937201,-0.66231 -2.859964,-0.33115 -6.41234,-0.33115 v 28.75016 q 0,2.55892 0.06021,4.48563 0.09031,1.89661 0.18063,3.28143 0.120419,1.38483 0.270944,2.31808 0.180629,0.93325 0.361258,1.56545 v 0.12042 H 35.90723 v -0.12042 q 0.18063,-0.6322 0.331154,-1.56545 0.150524,-0.93325 0.270944,-2.31808 0.120419,-1.38482 0.180629,-3.28143 0.06021,-1.92671 0.06021,-4.48563 z"
             id="path185"
             style="font-size:61.6548px;font-family:Marcellus;-inkscape-font-specification:Marcellus;fill:#3a5416;fill-opacity:1;fill-rule:evenodd;stroke:none;stroke-width:2.53877;stroke-linejoin:bevel;stroke-opacity:1;paint-order:stroke fill markers"
             transform="rotate(-25.60554)"
             aria-label="T" /></g><g
           id="g187"
           style="fill:#3a5416;fill-opacity:1;stroke:none;stroke-opacity:1"
           transform="matrix(1.4113474,0,0,1.4113474,1507.5579,285.51925)"><path
             d="m 146.37399,116.87328 q 0.18063,-0.6322 0.33116,-1.56546 0.15052,-0.93325 0.27094,-2.31807 0.12042,-1.38483 0.18063,-3.28143 0.0602,-1.92672 0.0602,-4.48563 V 85.62441 q 0,-2.558915 -0.0602,-4.455523 -0.0602,-1.926712 -0.18063,-3.311537 -0.12042,-1.414929 -0.27094,-2.348181 -0.15053,-0.933251 -0.33116,-1.565454 v -0.120419 h 7.19507 v 0.120419 q -0.18063,0.632203 -0.36126,1.565454 -0.15052,0.933252 -0.27094,2.348181 -0.0903,1.384825 -0.18063,3.311537 -0.0602,1.896608 -0.0602,4.455523 v 19.59828 q 0,2.55891 0.0602,4.48563 0.0903,1.8966 0.18063,3.28143 0.12042,1.38482 0.27094,2.31807 0.18063,0.93326 0.36126,1.56546 v 0.12042 h -7.19507 z"
             id="path186"
             style="font-size:61.6548px;font-family:Marcellus;-inkscape-font-specification:Marcellus;fill:#3a5416;fill-opacity:1;fill-rule:evenodd;stroke:none;stroke-width:2.53877;stroke-linejoin:bevel;stroke-opacity:1;paint-order:stroke fill markers"
             transform="rotate(18.055612)"
             aria-label="I" /><path
             d="m 36.750166,145.69642 q -3.552376,0 -6.41234,0.33115 -2.859964,0.30105 -4.937201,0.66231 -2.408391,0.45157 -4.304998,0.99346 l 0.873041,-4.87699 q 0.361259,0.0301 1.083776,0.0602 0.722517,0.0301 1.595559,0.0602 0.903147,0.0301 1.866503,0.0602 0.993461,0 1.866503,0.0301 0.873041,0 1.535349,0.0301 0.692412,0 0.993461,0 h 17.189888 q 0.301049,0 0.963356,0 0.692412,-0.0301 1.565454,-0.0301 0.873042,-0.0301 1.836398,-0.0301 0.993461,-0.0301 1.866503,-0.0602 0.903146,-0.0301 1.625663,-0.0602 0.722518,-0.0301 1.083776,-0.0602 l 0.873042,4.87699 q -1.926713,-0.54189 -4.335103,-0.99346 -2.077237,-0.36126 -4.937201,-0.66231 -2.859964,-0.33115 -6.41234,-0.33115 v 28.75016 q 0,2.55892 0.06021,4.48563 0.09031,1.89661 0.18063,3.28143 0.120419,1.38483 0.270944,2.31808 0.180629,0.93325 0.361258,1.56545 v 0.12042 H 35.90723 v -0.12042 q 0.18063,-0.6322 0.331154,-1.56545 0.150524,-0.93325 0.270944,-2.31808 0.120419,-1.38482 0.180629,-3.28143 0.06021,-1.92671 0.06021,-4.48563 z"
             id="path187"
             style="font-size:61.6548px;font-family:Marcellus;-inkscape-font-specification:Marcellus;fill:#3a5416;fill-opacity:1;fill-rule:evenodd;stroke:none;stroke-width:2.53877;stroke-linejoin:bevel;stroke-opacity:1;paint-order:stroke fill markers"
             transform="rotate(-25.60554)"
             aria-label="T" /></g><g
           id="g189"
           style="fill:#3a5416;fill-opacity:1;stroke:none;stroke-opacity:1"
           transform="matrix(1.4113474,0,0,1.4113474,1439.751,362.08849)"><path
             d="m 146.37399,116.87328 q 0.18063,-0.6322 0.33116,-1.56546 0.15052,-0.93325 0.27094,-2.31807 0.12042,-1.38483 0.18063,-3.28143 0.0602,-1.92672 0.0602,-4.48563 V 85.62441 q 0,-2.558915 -0.0602,-4.455523 -0.0602,-1.926712 -0.18063,-3.311537 -0.12042,-1.414929 -0.27094,-2.348181 -0.15053,-0.933251 -0.33116,-1.565454 v -0.120419 h 7.19507 v 0.120419 q -0.18063,0.632203 -0.36126,1.565454 -0.15052,0.933252 -0.27094,2.348181 -0.0903,1.384825 -0.18063,3.311537 -0.0602,1.896608 -0.0602,4.455523 v 19.59828 q 0,2.55891 0.0602,4.48563 0.0903,1.8966 0.18063,3.28143 0.12042,1.38482 0.27094,2.31807 0.18063,0.93326 0.36126,1.56546 v 0.12042 h -7.19507 z"
             id="path188"
             style="font-size:61.6548px;font-family:Marcellus;-inkscape-font-specification:Marcellus;fill:#3a5416;fill-opacity:1;fill-rule:evenodd;stroke:none;stroke-width:2.53877;stroke-linejoin:bevel;stroke-opacity:1;paint-order:stroke fill markers"
             transform="rotate(18.055612)"
             aria-label="I" /><path
             d="m 36.750166,145.69642 q -3.552376,0 -6.41234,0.33115 -2.859964,0.30105 -4.937201,0.66231 -2.408391,0.45157 -4.304998,0.99346 l 0.873041,-4.87699 q 0.361259,0.0301 1.083776,0.0602 0.722517,0.0301 1.595559,0.0602 0.903147,0.0301 1.866503,0.0602 0.993461,0 1.866503,0.0301 0.873041,0 1.535349,0.0301 0.692412,0 0.993461,0 h 17.189888 q 0.301049,0 0.963356,0 0.692412,-0.0301 1.565454,-0.0301 0.873042,-0.0301 1.836398,-0.0301 0.993461,-0.0301 1.866503,-0.0602 0.903146,-0.0301 1.625663,-0.0602 0.722518,-0.0301 1.083776,-0.0602 l 0.873042,4.87699 q -1.926713,-0.54189 -4.335103,-0.99346 -2.077237,-0.36126 -4.937201,-0.66231 -2.859964,-0.33115 -6.41234,-0.33115 v 28.75016 q 0,2.55892 0.06021,4.48563 0.09031,1.89661 0.18063,3.28143 0.120419,1.38483 0.270944,2.31808 0.180629,0.93325 0.361258,1.56545 v 0.12042 H 35.90723 v -0.12042 q 0.18063,-0.6322 0.331154,-1.56545 0.150524,-0.93325 0.270944,-2.31808 0.120419,-1.38482 0.180629,-3.28143 0.06021,-1.92671 0.06021,-4.48563 z"
             id="path189"
             style="font-size:61.6548px;font-family:Marcellus;-inkscape-font-specification:Marcellus;fill:#3a5416;fill-opacity:1;fill-rule:evenodd;stroke:none;stroke-width:2.53877;stroke-linejoin:bevel;stroke-opacity:1;paint-order:stroke fill markers"
             transform="rotate(-25.60554)"
             aria-label="T" /></g><g
           id="g191"
           style="fill:#3a5416;fill-opacity:1;stroke:none;stroke-opacity:1"
           transform="matrix(1.4113474,0,0,1.4113474,1508.3735,362.08849)"><path
             d="m 146.37399,116.87328 q 0.18063,-0.6322 0.33116,-1.56546 0.15052,-0.93325 0.27094,-2.31807 0.12042,-1.38483 0.18063,-3.28143 0.0602,-1.92672 0.0602,-4.48563 V 85.62441 q 0,-2.558915 -0.0602,-4.455523 -0.0602,-1.926712 -0.18063,-3.311537 -0.12042,-1.414929 -0.27094,-2.348181 -0.15053,-0.933251 -0.33116,-1.565454 v -0.120419 h 7.19507 v 0.120419 q -0.18063,0.632203 -0.36126,1.565454 -0.15052,0.933252 -0.27094,2.348181 -0.0903,1.384825 -0.18063,3.311537 -0.0602,1.896608 -0.0602,4.455523 v 19.59828 q 0,2.55891 0.0602,4.48563 0.0903,1.8966 0.18063,3.28143 0.12042,1.38482 0.27094,2.31807 0.18063,0.93326 0.36126,1.56546 v 0.12042 h -7.19507 z"
             id="path190"
             style="font-size:61.6548px;font-family:Marcellus;-inkscape-font-specification:Marcellus;fill:#3a5416;fill-opacity:1;fill-rule:evenodd;stroke:none;stroke-width:2.53877;stroke-linejoin:bevel;stroke-opacity:1;paint-order:stroke fill markers"
             transform="rotate(18.055612)"
             aria-label="I" /><path
             d="m 36.750166,145.69642 q -3.552376,0 -6.41234,0.33115 -2.859964,0.30105 -4.937201,0.66231 -2.408391,0.45157 -4.304998,0.99346 l 0.873041,-4.87699 q 0.361259,0.0301 1.083776,0.0602 0.722517,0.0301 1.595559,0.0602 0.903147,0.0301 1.866503,0.0602 0.993461,0 1.866503,0.0301 0.873041,0 1.535349,0.0301 0.692412,0 0.993461,0 h 17.189888 q 0.301049,0 0.963356,0 0.692412,-0.0301 1.565454,-0.0301 0.873042,-0.0301 1.836398,-0.0301 0.993461,-0.0301 1.866503,-0.0602 0.903146,-0.0301 1.625663,-0.0602 0.722518,-0.0301 1.083776,-0.0602 l 0.873042,4.87699 q -1.926713,-0.54189 -4.335103,-0.99346 -2.077237,-0.36126 -4.937201,-0.66231 -2.859964,-0.33115 -6.41234,-0.33115 v 28.75016 q 0,2.55892 0.06021,4.48563 0.09031,1.89661 0.18063,3.28143 0.120419,1.38483 0.270944,2.31808 0.180629,0.93325 0.361258,1.56545 v 0.12042 H 35.90723 v -0.12042 q 0.18063,-0.6322 0.331154,-1.56545 0.150524,-0.93325 0.270944,-2.31808 0.120419,-1.38482 0.180629,-3.28143 0.06021,-1.92671 0.06021,-4.48563 z"
             id="path191"
             style="font-size:61.6548px;font-family:Marcellus;-inkscape-font-specification:Marcellus;fill:#3a5416;fill-opacity:1;fill-rule:evenodd;stroke:none;stroke-width:2.53877;stroke-linejoin:bevel;stroke-opacity:1;paint-order:stroke fill markers"
             transform="rotate(-25.60554)"
             aria-label="T" /></g><g
           id="g193"
           style="fill:#3a5416;fill-opacity:1;stroke:none;stroke-opacity:1"
           transform="matrix(1.4113474,0,0,1.4113474,1575.5713,285.51925)"><path
             d="m 146.37399,116.87328 q 0.18063,-0.6322 0.33116,-1.56546 0.15052,-0.93325 0.27094,-2.31807 0.12042,-1.38483 0.18063,-3.28143 0.0602,-1.92672 0.0602,-4.48563 V 85.62441 q 0,-2.558915 -0.0602,-4.455523 -0.0602,-1.926712 -0.18063,-3.311537 -0.12042,-1.414929 -0.27094,-2.348181 -0.15053,-0.933251 -0.33116,-1.565454 v -0.120419 h 7.19507 v 0.120419 q -0.18063,0.632203 -0.36126,1.565454 -0.15052,0.933252 -0.27094,2.348181 -0.0903,1.384825 -0.18063,3.311537 -0.0602,1.896608 -0.0602,4.455523 v 19.59828 q 0,2.55891 0.0602,4.48563 0.0903,1.8966 0.18063,3.28143 0.12042,1.38482 0.27094,2.31807 0.18063,0.93326 0.36126,1.56546 v 0.12042 h -7.19507 z"
             id="path192"
             style="font-size:61.6548px;font-family:Marcellus;-inkscape-font-specification:Marcellus;fill:#3a5416;fill-opacity:1;fill-rule:evenodd;stroke:none;stroke-width:2.53877;stroke-linejoin:bevel;stroke-opacity:1;paint-order:stroke fill markers"
             transform="rotate(18.055612)"
             aria-label="I" /><path
             d="m 36.750166,145.69642 q -3.552376,0 -6.41234,0.33115 -2.859964,0.30105 -4.937201,0.66231 -2.408391,0.45157 -4.304998,0.99346 l 0.873041,-4.87699 q 0.361259,0.0301 1.083776,0.0602 0.722517,0.0301 1.595559,0.0602 0.903147,0.0301 1.866503,0.0602 0.993461,0 1.866503,0.0301 0.873041,0 1.535349,0.0301 0.692412,0 0.993461,0 h 17.189888 q 0.301049,0 0.963356,0 0.692412,-0.0301 1.565454,-0.0301 0.873042,-0.0301 1.836398,-0.0301 0.993461,-0.0301 1.866503,-0.0602 0.903146,-0.0301 1.625663,-0.0602 0.722518,-0.0301 1.083776,-0.0602 l 0.873042,4.87699 q -1.926713,-0.54189 -4.335103,-0.99346 -2.077237,-0.36126 -4.937201,-0.66231 -2.859964,-0.33115 -6.41234,-0.33115 v 28.75016 q 0,2.55892 0.06021,4.48563 0.09031,1.89661 0.18063,3.28143 0.120419,1.38483 0.270944,2.31808 0.180629,0.93325 0.361258,1.56545 v 0.12042 H 35.90723 v -0.12042 q 0.18063,-0.6322 0.331154,-1.56545 0.150524,-0.93325 0.270944,-2.31808 0.120419,-1.38482 0.180629,-3.28143 0.06021,-1.92671 0.06021,-4.48563 z"
             id="path193"
             style="font-size:61.6548px;font-family:Marcellus;-inkscape-font-specification:Marcellus;fill:#3a5416;fill-opacity:1;fill-rule:evenodd;stroke:none;stroke-width:2.53877;stroke-linejoin:bevel;stroke-opacity:1;paint-order:stroke fill markers"
             transform="rotate(-25.60554)"
             aria-label="T" /></g><g
           id="g195"
           style="fill:#3a5416;fill-opacity:1;stroke:none;stroke-opacity:1"
           transform="matrix(1.4113474,0,0,1.4113474,1644.1938,285.51925)"><path
             d="m 146.37399,116.87328 q 0.18063,-0.6322 0.33116,-1.56546 0.15052,-0.93325 0.27094,-2.31807 0.12042,-1.38483 0.18063,-3.28143 0.0602,-1.92672 0.0602,-4.48563 V 85.62441 q 0,-2.558915 -0.0602,-4.455523 -0.0602,-1.926712 -0.18063,-3.311537 -0.12042,-1.414929 -0.27094,-2.348181 -0.15053,-0.933251 -0.33116,-1.565454 v -0.120419 h 7.19507 v 0.120419 q -0.18063,0.632203 -0.36126,1.565454 -0.15052,0.933252 -0.27094,2.348181 -0.0903,1.384825 -0.18063,3.311537 -0.0602,1.896608 -0.0602,4.455523 v 19.59828 q 0,2.55891 0.0602,4.48563 0.0903,1.8966 0.18063,3.28143 0.12042,1.38482 0.27094,2.31807 0.18063,0.93326 0.36126,1.56546 v 0.12042 h -7.19507 z"
             id="path194"
             style="font-size:61.6548px;font-family:Marcellus;-inkscape-font-specification:Marcellus;fill:#3a5416;fill-opacity:1;fill-rule:evenodd;stroke:none;stroke-width:2.53877;stroke-linejoin:bevel;stroke-opacity:1;paint-order:stroke fill markers"
             transform="rotate(18.055612)"
             aria-label="I" /><path
             d="m 36.750166,145.69642 q -3.552376,0 -6.41234,0.33115 -2.859964,0.30105 -4.937201,0.66231 -2.408391,0.45157 -4.304998,0.99346 l 0.873041,-4.87699 q 0.361259,0.0301 1.083776,0.0602 0.722517,0.0301 1.595559,0.0602 0.903147,0.0301 1.866503,0.0602 0.993461,0 1.866503,0.0301 0.873041,0 1.535349,0.0301 0.692412,0 0.993461,0 h 17.189888 q 0.301049,0 0.963356,0 0.692412,-0.0301 1.565454,-0.0301 0.873042,-0.0301 1.836398,-0.0301 0.993461,-0.0301 1.866503,-0.0602 0.903146,-0.0301 1.625663,-0.0602 0.722518,-0.0301 1.083776,-0.0602 l 0.873042,4.87699 q -1.926713,-0.54189 -4.335103,-0.99346 -2.077237,-0.36126 -4.937201,-0.66231 -2.859964,-0.33115 -6.41234,-0.33115 v 28.75016 q 0,2.55892 0.06021,4.48563 0.09031,1.89661 0.18063,3.28143 0.120419,1.38483 0.270944,2.31808 0.180629,0.93325 0.361258,1.56545 v 0.12042 H 35.90723 v -0.12042 q 0.18063,-0.6322 0.331154,-1.56545 0.150524,-0.93325 0.270944,-2.31808 0.120419,-1.38482 0.180629,-3.28143 0.06021,-1.92671 0.06021,-4.48563 z"
             id="path195"
             style="font-size:61.6548px;font-family:Marcellus;-inkscape-font-specification:Marcellus;fill:#3a5416;fill-opacity:1;fill-rule:evenodd;stroke:none;stroke-width:2.53877;stroke-linejoin:bevel;stroke-opacity:1;paint-order:stroke fill markers"
             transform="rotate(-25.60554)"
             aria-label="T" /></g><g
           id="g197"
           style="fill:#3a5416;fill-opacity:1;stroke:none;stroke-opacity:1"
           transform="matrix(1.4113474,0,0,1.4113474,1576.3869,362.08849)"><path
             d="m 146.37399,116.87328 q 0.18063,-0.6322 0.33116,-1.56546 0.15052,-0.93325 0.27094,-2.31807 0.12042,-1.38483 0.18063,-3.28143 0.0602,-1.92672 0.0602,-4.48563 V 85.62441 q 0,-2.558915 -0.0602,-4.455523 -0.0602,-1.926712 -0.18063,-3.311537 -0.12042,-1.414929 -0.27094,-2.348181 -0.15053,-0.933251 -0.33116,-1.565454 v -0.120419 h 7.19507 v 0.120419 q -0.18063,0.632203 -0.36126,1.565454 -0.15052,0.933252 -0.27094,2.348181 -0.0903,1.384825 -0.18063,3.311537 -0.0602,1.896608 -0.0602,4.455523 v 19.59828 q 0,2.55891 0.0602,4.48563 0.0903,1.8966 0.18063,3.28143 0.12042,1.38482 0.27094,2.31807 0.18063,0.93326 0.36126,1.56546 v 0.12042 h -7.19507 z"
             id="path196"
             style="font-size:61.6548px;font-family:Marcellus;-inkscape-font-specification:Marcellus;fill:#3a5416;fill-opacity:1;fill-rule:evenodd;stroke:none;stroke-width:2.53877;stroke-linejoin:bevel;stroke-opacity:1;paint-order:stroke fill markers"
             transform="rotate(18.055612)"
             aria-label="I" /><path
             d="m 36.750166,145.69642 q -3.552376,0 -6.41234,0.33115 -2.859964,0.30105 -4.937201,0.66231 -2.408391,0.45157 -4.304998,0.99346 l 0.873041,-4.87699 q 0.361259,0.0301 1.083776,0.0602 0.722517,0.0301 1.595559,0.0602 0.903147,0.0301 1.866503,0.0602 0.993461,0 1.866503,0.0301 0.873041,0 1.535349,0.0301 0.692412,0 0.993461,0 h 17.189888 q 0.301049,0 0.963356,0 0.692412,-0.0301 1.565454,-0.0301 0.873042,-0.0301 1.836398,-0.0301 0.993461,-0.0301 1.866503,-0.0602 0.903146,-0.0301 1.625663,-0.0602 0.722518,-0.0301 1.083776,-0.0602 l 0.873042,4.87699 q -1.926713,-0.54189 -4.335103,-0.99346 -2.077237,-0.36126 -4.937201,-0.66231 -2.859964,-0.33115 -6.41234,-0.33115 v 28.75016 q 0,2.55892 0.06021,4.48563 0.09031,1.89661 0.18063,3.28143 0.120419,1.38483 0.270944,2.31808 0.180629,0.93325 0.361258,1.56545 v 0.12042 H 35.90723 v -0.12042 q 0.18063,-0.6322 0.331154,-1.56545 0.150524,-0.93325 0.270944,-2.31808 0.120419,-1.38482 0.180629,-3.28143 0.06021,-1.92671 0.06021,-4.48563 z"
             id="path197"
             style="font-size:61.6548px;font-family:Marcellus;-inkscape-font-specification:Marcellus;fill:#3a5416;fill-opacity:1;fill-rule:evenodd;stroke:none;stroke-width:2.53877;stroke-linejoin:bevel;stroke-opacity:1;paint-order:stroke fill markers"
             transform="rotate(-25.60554)"
             aria-label="T" /></g><g
           id="g199"
           style="fill:#3a5416;fill-opacity:1;stroke:none;stroke-opacity:1"
           transform="matrix(1.4113474,0,0,1.4113474,1645.0094,362.08849)"><path
             d="m 146.37399,116.87328 q 0.18063,-0.6322 0.33116,-1.56546 0.15052,-0.93325 0.27094,-2.31807 0.12042,-1.38483 0.18063,-3.28143 0.0602,-1.92672 0.0602,-4.48563 V 85.62441 q 0,-2.558915 -0.0602,-4.455523 -0.0602,-1.926712 -0.18063,-3.311537 -0.12042,-1.414929 -0.27094,-2.348181 -0.15053,-0.933251 -0.33116,-1.565454 v -0.120419 h 7.19507 v 0.120419 q -0.18063,0.632203 -0.36126,1.565454 -0.15052,0.933252 -0.27094,2.348181 -0.0903,1.384825 -0.18063,3.311537 -0.0602,1.896608 -0.0602,4.455523 v 19.59828 q 0,2.55891 0.0602,4.48563 0.0903,1.8966 0.18063,3.28143 0.12042,1.38482 0.27094,2.31807 0.18063,0.93326 0.36126,1.56546 v 0.12042 h -7.19507 z"
             id="path198"
             style="font-size:61.6548px;font-family:Marcellus;-inkscape-font-specification:Marcellus;fill:#3a5416;fill-opacity:1;fill-rule:evenodd;stroke:none;stroke-width:2.53877;stroke-linejoin:bevel;stroke-opacity:1;paint-order:stroke fill markers"
             transform="rotate(18.055612)"
             aria-label="I" /><path
             d="m 36.750166,145.69642 q -3.552376,0 -6.41234,0.33115 -2.859964,0.30105 -4.937201,0.66231 -2.408391,0.45157 -4.304998,0.99346 l 0.873041,-4.87699 q 0.361259,0.0301 1.083776,0.0602 0.722517,0.0301 1.595559,0.0602 0.903147,0.0301 1.866503,0.0602 0.993461,0 1.866503,0.0301 0.873041,0 1.535349,0.0301 0.692412,0 0.993461,0 h 17.189888 q 0.301049,0 0.963356,0 0.692412,-0.0301 1.565454,-0.0301 0.873042,-0.0301 1.836398,-0.0301 0.993461,-0.0301 1.866503,-0.0602 0.903146,-0.0301 1.625663,-0.0602 0.722518,-0.0301 1.083776,-0.0602 l 0.873042,4.87699 q -1.926713,-0.54189 -4.335103,-0.99346 -2.077237,-0.36126 -4.937201,-0.66231 -2.859964,-0.33115 -6.41234,-0.33115 v 28.75016 q 0,2.55892 0.06021,4.48563 0.09031,1.89661 0.18063,3.28143 0.120419,1.38483 0.270944,2.31808 0.180629,0.93325 0.361258,1.56545 v 0.12042 H 35.90723 v -0.12042 q 0.18063,-0.6322 0.331154,-1.56545 0.150524,-0.93325 0.270944,-2.31808 0.120419,-1.38482 0.180629,-3.28143 0.06021,-1.92671 0.06021,-4.48563 z"
             id="path199"
             style="font-size:61.6548px;font-family:Marcellus;-inkscape-font-specification:Marcellus;fill:#3a5416;fill-opacity:1;fill-rule:evenodd;stroke:none;stroke-width:2.53877;stroke-linejoin:bevel;stroke-opacity:1;paint-order:stroke fill markers"
             transform="rotate(-25.60554)"
             aria-label="T" /></g><g
           id="g201"
           style="fill:#3a5416;fill-opacity:1;stroke:none;stroke-opacity:1"
           transform="matrix(1.4113474,0,0,1.4113474,1575.5713,285.51925)"><path
             d="m 146.37399,116.87328 q 0.18063,-0.6322 0.33116,-1.56546 0.15052,-0.93325 0.27094,-2.31807 0.12042,-1.38483 0.18063,-3.28143 0.0602,-1.92672 0.0602,-4.48563 V 85.62441 q 0,-2.558915 -0.0602,-4.455523 -0.0602,-1.926712 -0.18063,-3.311537 -0.12042,-1.414929 -0.27094,-2.348181 -0.15053,-0.933251 -0.33116,-1.565454 v -0.120419 h 7.19507 v 0.120419 q -0.18063,0.632203 -0.36126,1.565454 -0.15052,0.933252 -0.27094,2.348181 -0.0903,1.384825 -0.18063,3.311537 -0.0602,1.896608 -0.0602,4.455523 v 19.59828 q 0,2.55891 0.0602,4.48563 0.0903,1.8966 0.18063,3.28143 0.12042,1.38482 0.27094,2.31807 0.18063,0.93326 0.36126,1.56546 v 0.12042 h -7.19507 z"
             id="path200"
             style="font-size:61.6548px;font-family:Marcellus;-inkscape-font-specification:Marcellus;fill:#3a5416;fill-opacity:1;fill-rule:evenodd;stroke:none;stroke-width:2.53877;stroke-linejoin:bevel;stroke-opacity:1;paint-order:stroke fill markers"
             transform="rotate(18.055612)"
             aria-label="I" /><path
             d="m 36.750166,145.69642 q -3.552376,0 -6.41234,0.33115 -2.859964,0.30105 -4.937201,0.66231 -2.408391,0.45157 -4.304998,0.99346 l 0.873041,-4.87699 q 0.361259,0.0301 1.083776,0.0602 0.722517,0.0301 1.595559,0.0602 0.903147,0.0301 1.866503,0.0602 0.993461,0 1.866503,0.0301 0.873041,0 1.535349,0.0301 0.692412,0 0.993461,0 h 17.189888 q 0.301049,0 0.963356,0 0.692412,-0.0301 1.565454,-0.0301 0.873042,-0.0301 1.836398,-0.0301 0.993461,-0.0301 1.866503,-0.0602 0.903146,-0.0301 1.625663,-0.0602 0.722518,-0.0301 1.083776,-0.0602 l 0.873042,4.87699 q -1.926713,-0.54189 -4.335103,-0.99346 -2.077237,-0.36126 -4.937201,-0.66231 -2.859964,-0.33115 -6.41234,-0.33115 v 28.75016 q 0,2.55892 0.06021,4.48563 0.09031,1.89661 0.18063,3.28143 0.120419,1.38483 0.270944,2.31808 0.180629,0.93325 0.361258,1.56545 v 0.12042 H 35.90723 v -0.12042 q 0.18063,-0.6322 0.331154,-1.56545 0.150524,-0.93325 0.270944,-2.31808 0.120419,-1.38482 0.180629,-3.28143 0.06021,-1.92671 0.06021,-4.48563 z"
             id="path201"
             style="font-size:61.6548px;font-family:Marcellus;-inkscape-font-specification:Marcellus;fill:#3a5416;fill-opacity:1;fill-rule:evenodd;stroke:none;stroke-width:2.53877;stroke-linejoin:bevel;stroke-opacity:1;paint-order:stroke fill markers"
             transform="rotate(-25.60554)"
             aria-label="T" /></g><g
           id="g203"
           style="fill:#3a5416;fill-opacity:1;stroke:none;stroke-opacity:1"
           transform="matrix(1.4113474,0,0,1.4113474,1644.1938,285.51925)"><path
             d="m 146.37399,116.87328 q 0.18063,-0.6322 0.33116,-1.56546 0.15052,-0.93325 0.27094,-2.31807 0.12042,-1.38483 0.18063,-3.28143 0.0602,-1.92672 0.0602,-4.48563 V 85.62441 q 0,-2.558915 -0.0602,-4.455523 -0.0602,-1.926712 -0.18063,-3.311537 -0.12042,-1.414929 -0.27094,-2.348181 -0.15053,-0.933251 -0.33116,-1.565454 v -0.120419 h 7.19507 v 0.120419 q -0.18063,0.632203 -0.36126,1.565454 -0.15052,0.933252 -0.27094,2.348181 -0.0903,1.384825 -0.18063,3.311537 -0.0602,1.896608 -0.0602,4.455523 v 19.59828 q 0,2.55891 0.0602,4.48563 0.0903,1.8966 0.18063,3.28143 0.12042,1.38482 0.27094,2.31807 0.18063,0.93326 0.36126,1.56546 v 0.12042 h -7.19507 z"
             id="path202"
             style="font-size:61.6548px;font-family:Marcellus;-inkscape-font-specification:Marcellus;fill:#3a5416;fill-opacity:1;fill-rule:evenodd;stroke:none;stroke-width:2.53877;stroke-linejoin:bevel;stroke-opacity:1;paint-order:stroke fill markers"
             transform="rotate(18.055612)"
             aria-label="I" /><path
             d="m 36.750166,145.69642 q -3.552376,0 -6.41234,0.33115 -2.859964,0.30105 -4.937201,0.66231 -2.408391,0.45157 -4.304998,0.99346 l 0.873041,-4.87699 q 0.361259,0.0301 1.083776,0.0602 0.722517,0.0301 1.595559,0.0602 0.903147,0.0301 1.866503,0.0602 0.993461,0 1.866503,0.0301 0.873041,0 1.535349,0.0301 0.692412,0 0.993461,0 h 17.189888 q 0.301049,0 0.963356,0 0.692412,-0.0301 1.565454,-0.0301 0.873042,-0.0301 1.836398,-0.0301 0.993461,-0.0301 1.866503,-0.0602 0.903146,-0.0301 1.625663,-0.0602 0.722518,-0.0301 1.083776,-0.0602 l 0.873042,4.87699 q -1.926713,-0.54189 -4.335103,-0.99346 -2.077237,-0.36126 -4.937201,-0.66231 -2.859964,-0.33115 -6.41234,-0.33115 v 28.75016 q 0,2.55892 0.06021,4.48563 0.09031,1.89661 0.18063,3.28143 0.120419,1.38483 0.270944,2.31808 0.180629,0.93325 0.361258,1.56545 v 0.12042 H 35.90723 v -0.12042 q 0.18063,-0.6322 0.331154,-1.56545 0.150524,-0.93325 0.270944,-2.31808 0.120419,-1.38482 0.180629,-3.28143 0.06021,-1.92671 0.06021,-4.48563 z"
             id="path203"
             style="font-size:61.6548px;font-family:Marcellus;-inkscape-font-specification:Marcellus;fill:#3a5416;fill-opacity:1;fill-rule:evenodd;stroke:none;stroke-width:2.53877;stroke-linejoin:bevel;stroke-opacity:1;paint-order:stroke fill markers"
             transform="rotate(-25.60554)"
             aria-label="T" /></g><g
           id="g205"
           style="fill:#3a5416;fill-opacity:1;stroke:none;stroke-opacity:1"
           transform="matrix(1.4113474,0,0,1.4113474,1576.3869,362.08849)"><path
             d="m 146.37399,116.87328 q 0.18063,-0.6322 0.33116,-1.56546 0.15052,-0.93325 0.27094,-2.31807 0.12042,-1.38483 0.18063,-3.28143 0.0602,-1.92672 0.0602,-4.48563 V 85.62441 q 0,-2.558915 -0.0602,-4.455523 -0.0602,-1.926712 -0.18063,-3.311537 -0.12042,-1.414929 -0.27094,-2.348181 -0.15053,-0.933251 -0.33116,-1.565454 v -0.120419 h 7.19507 v 0.120419 q -0.18063,0.632203 -0.36126,1.565454 -0.15052,0.933252 -0.27094,2.348181 -0.0903,1.384825 -0.18063,3.311537 -0.0602,1.896608 -0.0602,4.455523 v 19.59828 q 0,2.55891 0.0602,4.48563 0.0903,1.8966 0.18063,3.28143 0.12042,1.38482 0.27094,2.31807 0.18063,0.93326 0.36126,1.56546 v 0.12042 h -7.19507 z"
             id="path204"
             style="font-size:61.6548px;font-family:Marcellus;-inkscape-font-specification:Marcellus;fill:#3a5416;fill-opacity:1;fill-rule:evenodd;stroke:none;stroke-width:2.53877;stroke-linejoin:bevel;stroke-opacity:1;paint-order:stroke fill markers"
             transform="rotate(18.055612)"
             aria-label="I" /><path
             d="m 36.750166,145.69642 q -3.552376,0 -6.41234,0.33115 -2.859964,0.30105 -4.937201,0.66231 -2.408391,0.45157 -4.304998,0.99346 l 0.873041,-4.87699 q 0.361259,0.0301 1.083776,0.0602 0.722517,0.0301 1.595559,0.0602 0.903147,0.0301 1.866503,0.0602 0.993461,0 1.866503,0.0301 0.873041,0 1.535349,0.0301 0.692412,0 0.993461,0 h 17.189888 q 0.301049,0 0.963356,0 0.692412,-0.0301 1.565454,-0.0301 0.873042,-0.0301 1.836398,-0.0301 0.993461,-0.0301 1.866503,-0.0602 0.903146,-0.0301 1.625663,-0.0602 0.722518,-0.0301 1.083776,-0.0602 l 0.873042,4.87699 q -1.926713,-0.54189 -4.335103,-0.99346 -2.077237,-0.36126 -4.937201,-0.66231 -2.859964,-0.33115 -6.41234,-0.33115 v 28.75016 q 0,2.55892 0.06021,4.48563 0.09031,1.89661 0.18063,3.28143 0.120419,1.38483 0.270944,2.31808 0.180629,0.93325 0.361258,1.56545 v 0.12042 H 35.90723 v -0.12042 q 0.18063,-0.6322 0.331154,-1.56545 0.150524,-0.93325 0.270944,-2.31808 0.120419,-1.38482 0.180629,-3.28143 0.06021,-1.92671 0.06021,-4.48563 z"
             id="path205"
             style="font-size:61.6548px;font-family:Marcellus;-inkscape-font-specification:Marcellus;fill:#3a5416;fill-opacity:1;fill-rule:evenodd;stroke:none;stroke-width:2.53877;stroke-linejoin:bevel;stroke-opacity:1;paint-order:stroke fill markers"
             transform="rotate(-25.60554)"
             aria-label="T" /></g><g
           id="g207"
           style="fill:#3a5416;fill-opacity:1;stroke:none;stroke-opacity:1"
           transform="matrix(1.4113474,0,0,1.4113474,1645.0094,362.08849)"><path
             d="m 146.37399,116.87328 q 0.18063,-0.6322 0.33116,-1.56546 0.15052,-0.93325 0.27094,-2.31807 0.12042,-1.38483 0.18063,-3.28143 0.0602,-1.92672 0.0602,-4.48563 V 85.62441 q 0,-2.558915 -0.0602,-4.455523 -0.0602,-1.926712 -0.18063,-3.311537 -0.12042,-1.414929 -0.27094,-2.348181 -0.15053,-0.933251 -0.33116,-1.565454 v -0.120419 h 7.19507 v 0.120419 q -0.18063,0.632203 -0.36126,1.565454 -0.15052,0.933252 -0.27094,2.348181 -0.0903,1.384825 -0.18063,3.311537 -0.0602,1.896608 -0.0602,4.455523 v 19.59828 q 0,2.55891 0.0602,4.48563 0.0903,1.8966 0.18063,3.28143 0.12042,1.38482 0.27094,2.31807 0.18063,0.93326 0.36126,1.56546 v 0.12042 h -7.19507 z"
             id="path206"
             style="font-size:61.6548px;font-family:Marcellus;-inkscape-font-specification:Marcellus;fill:#3a5416;fill-opacity:1;fill-rule:evenodd;stroke:none;stroke-width:2.53877;stroke-linejoin:bevel;stroke-opacity:1;paint-order:stroke fill markers"
             transform="rotate(18.055612)"
             aria-label="I" /><path
             d="m 36.750166,145.69642 q -3.552376,0 -6.41234,0.33115 -2.859964,0.30105 -4.937201,0.66231 -2.408391,0.45157 -4.304998,0.99346 l 0.873041,-4.87699 q 0.361259,0.0301 1.083776,0.0602 0.722517,0.0301 1.595559,0.0602 0.903147,0.0301 1.866503,0.0602 0.993461,0 1.866503,0.0301 0.873041,0 1.535349,0.0301 0.692412,0 0.993461,0 h 17.189888 q 0.301049,0 0.963356,0 0.692412,-0.0301 1.565454,-0.0301 0.873042,-0.0301 1.836398,-0.0301 0.993461,-0.0301 1.866503,-0.0602 0.903146,-0.0301 1.625663,-0.0602 0.722518,-0.0301 1.083776,-0.0602 l 0.873042,4.87699 q -1.926713,-0.54189 -4.335103,-0.99346 -2.077237,-0.36126 -4.937201,-0.66231 -2.859964,-0.33115 -6.41234,-0.33115 v 28.75016 q 0,2.55892 0.06021,4.48563 0.09031,1.89661 0.18063,3.28143 0.120419,1.38483 0.270944,2.31808 0.180629,0.93325 0.361258,1.56545 v 0.12042 H 35.90723 v -0.12042 q 0.18063,-0.6322 0.331154,-1.56545 0.150524,-0.93325 0.270944,-2.31808 0.120419,-1.38482 0.180629,-3.28143 0.06021,-1.92671 0.06021,-4.48563 z"
             id="path207"
             style="font-size:61.6548px;font-family:Marcellus;-inkscape-font-specification:Marcellus;fill:#3a5416;fill-opacity:1;fill-rule:evenodd;stroke:none;stroke-width:2.53877;stroke-linejoin:bevel;stroke-opacity:1;paint-order:stroke fill markers"
             transform="rotate(-25.60554)"
             aria-label="T" /></g></g><g
         id="g278"
         transform="translate(0,153.76957)"
         style="fill:#3a5416;fill-opacity:1;stroke:none;stroke-opacity:1"><g
           id="g10"
           style="fill:#3a5416;fill-opacity:1;stroke:none;stroke-opacity:1"
           transform="matrix(1.4113474,0,0,1.4113474,1438.9354,285.51925)"><path
             d="m 146.37399,116.87328 q 0.18063,-0.6322 0.33116,-1.56546 0.15052,-0.93325 0.27094,-2.31807 0.12042,-1.38483 0.18063,-3.28143 0.0602,-1.92672 0.0602,-4.48563 V 85.62441 q 0,-2.558915 -0.0602,-4.455523 -0.0602,-1.926712 -0.18063,-3.311537 -0.12042,-1.414929 -0.27094,-2.348181 -0.15053,-0.933251 -0.33116,-1.565454 v -0.120419 h 7.19507 v 0.120419 q -0.18063,0.632203 -0.36126,1.565454 -0.15052,0.933252 -0.27094,2.348181 -0.0903,1.384825 -0.18063,3.311537 -0.0602,1.896608 -0.0602,4.455523 v 19.59828 q 0,2.55891 0.0602,4.48563 0.0903,1.8966 0.18063,3.28143 0.12042,1.38482 0.27094,2.31807 0.18063,0.93326 0.36126,1.56546 v 0.12042 h -7.19507 z"
             id="path9"
             style="font-size:61.6548px;font-family:Marcellus;-inkscape-font-specification:Marcellus;fill:#3a5416;fill-opacity:1;fill-rule:evenodd;stroke:none;stroke-width:2.53877;stroke-linejoin:bevel;stroke-opacity:1;paint-order:stroke fill markers"
             transform="rotate(18.055612)"
             aria-label="I" /><path
             d="m 36.750166,145.69642 q -3.552376,0 -6.41234,0.33115 -2.859964,0.30105 -4.937201,0.66231 -2.408391,0.45157 -4.304998,0.99346 l 0.873041,-4.87699 q 0.361259,0.0301 1.083776,0.0602 0.722517,0.0301 1.595559,0.0602 0.903147,0.0301 1.866503,0.0602 0.993461,0 1.866503,0.0301 0.873041,0 1.535349,0.0301 0.692412,0 0.993461,0 h 17.189888 q 0.301049,0 0.963356,0 0.692412,-0.0301 1.565454,-0.0301 0.873042,-0.0301 1.836398,-0.0301 0.993461,-0.0301 1.866503,-0.0602 0.903146,-0.0301 1.625663,-0.0602 0.722518,-0.0301 1.083776,-0.0602 l 0.873042,4.87699 q -1.926713,-0.54189 -4.335103,-0.99346 -2.077237,-0.36126 -4.937201,-0.66231 -2.859964,-0.33115 -6.41234,-0.33115 v 28.75016 q 0,2.55892 0.06021,4.48563 0.09031,1.89661 0.18063,3.28143 0.120419,1.38483 0.270944,2.31808 0.180629,0.93325 0.361258,1.56545 v 0.12042 H 35.90723 v -0.12042 q 0.18063,-0.6322 0.331154,-1.56545 0.150524,-0.93325 0.270944,-2.31808 0.120419,-1.38482 0.180629,-3.28143 0.06021,-1.92671 0.06021,-4.48563 z"
             id="path10"
             style="font-size:61.6548px;font-family:Marcellus;-inkscape-font-specification:Marcellus;fill:#3a5416;fill-opacity:1;fill-rule:evenodd;stroke:none;stroke-width:2.53877;stroke-linejoin:bevel;stroke-opacity:1;paint-order:stroke fill markers"
             transform="rotate(-25.60554)"
             aria-label="T" /></g><g
           id="g17"
           style="fill:#3a5416;fill-opacity:1;stroke:none;stroke-opacity:1"
           transform="matrix(1.4113474,0,0,1.4113474,1507.5579,285.51925)"><path
             d="m 146.37399,116.87328 q 0.18063,-0.6322 0.33116,-1.56546 0.15052,-0.93325 0.27094,-2.31807 0.12042,-1.38483 0.18063,-3.28143 0.0602,-1.92672 0.0602,-4.48563 V 85.62441 q 0,-2.558915 -0.0602,-4.455523 -0.0602,-1.926712 -0.18063,-3.311537 -0.12042,-1.414929 -0.27094,-2.348181 -0.15053,-0.933251 -0.33116,-1.565454 v -0.120419 h 7.19507 v 0.120419 q -0.18063,0.632203 -0.36126,1.565454 -0.15052,0.933252 -0.27094,2.348181 -0.0903,1.384825 -0.18063,3.311537 -0.0602,1.896608 -0.0602,4.455523 v 19.59828 q 0,2.55891 0.0602,4.48563 0.0903,1.8966 0.18063,3.28143 0.12042,1.38482 0.27094,2.31807 0.18063,0.93326 0.36126,1.56546 v 0.12042 h -7.19507 z"
             id="path11"
             style="font-size:61.6548px;font-family:Marcellus;-inkscape-font-specification:Marcellus;fill:#3a5416;fill-opacity:1;fill-rule:evenodd;stroke:none;stroke-width:2.53877;stroke-linejoin:bevel;stroke-opacity:1;paint-order:stroke fill markers"
             transform="rotate(18.055612)"
             aria-label="I" /><path
             d="m 36.750166,145.69642 q -3.552376,0 -6.41234,0.33115 -2.859964,0.30105 -4.937201,0.66231 -2.408391,0.45157 -4.304998,0.99346 l 0.873041,-4.87699 q 0.361259,0.0301 1.083776,0.0602 0.722517,0.0301 1.595559,0.0602 0.903147,0.0301 1.866503,0.0602 0.993461,0 1.866503,0.0301 0.873041,0 1.535349,0.0301 0.692412,0 0.993461,0 h 17.189888 q 0.301049,0 0.963356,0 0.692412,-0.0301 1.565454,-0.0301 0.873042,-0.0301 1.836398,-0.0301 0.993461,-0.0301 1.866503,-0.0602 0.903146,-0.0301 1.625663,-0.0602 0.722518,-0.0301 1.083776,-0.0602 l 0.873042,4.87699 q -1.926713,-0.54189 -4.335103,-0.99346 -2.077237,-0.36126 -4.937201,-0.66231 -2.859964,-0.33115 -6.41234,-0.33115 v 28.75016 q 0,2.55892 0.06021,4.48563 0.09031,1.89661 0.18063,3.28143 0.120419,1.38483 0.270944,2.31808 0.180629,0.93325 0.361258,1.56545 v 0.12042 H 35.90723 v -0.12042 q 0.18063,-0.6322 0.331154,-1.56545 0.150524,-0.93325 0.270944,-2.31808 0.120419,-1.38482 0.180629,-3.28143 0.06021,-1.92671 0.06021,-4.48563 z"
             id="path17"
             style="font-size:61.6548px;font-family:Marcellus;-inkscape-font-specification:Marcellus;fill:#3a5416;fill-opacity:1;fill-rule:evenodd;stroke:none;stroke-width:2.53877;stroke-linejoin:bevel;stroke-opacity:1;paint-order:stroke fill markers"
             transform="rotate(-25.60554)"
             aria-label="T" /></g><g
           id="g32"
           style="fill:#3a5416;fill-opacity:1;stroke:none;stroke-opacity:1"
           transform="matrix(1.4113474,0,0,1.4113474,1439.751,362.08849)"><path
             d="m 146.37399,116.87328 q 0.18063,-0.6322 0.33116,-1.56546 0.15052,-0.93325 0.27094,-2.31807 0.12042,-1.38483 0.18063,-3.28143 0.0602,-1.92672 0.0602,-4.48563 V 85.62441 q 0,-2.558915 -0.0602,-4.455523 -0.0602,-1.926712 -0.18063,-3.311537 -0.12042,-1.414929 -0.27094,-2.348181 -0.15053,-0.933251 -0.33116,-1.565454 v -0.120419 h 7.19507 v 0.120419 q -0.18063,0.632203 -0.36126,1.565454 -0.15052,0.933252 -0.27094,2.348181 -0.0903,1.384825 -0.18063,3.311537 -0.0602,1.896608 -0.0602,4.455523 v 19.59828 q 0,2.55891 0.0602,4.48563 0.0903,1.8966 0.18063,3.28143 0.12042,1.38482 0.27094,2.31807 0.18063,0.93326 0.36126,1.56546 v 0.12042 h -7.19507 z"
             id="path31"
             style="font-size:61.6548px;font-family:Marcellus;-inkscape-font-specification:Marcellus;fill:#3a5416;fill-opacity:1;fill-rule:evenodd;stroke:none;stroke-width:2.53877;stroke-linejoin:bevel;stroke-opacity:1;paint-order:stroke fill markers"
             transform="rotate(18.055612)"
             aria-label="I" /><path
             d="m 36.750166,145.69642 q -3.552376,0 -6.41234,0.33115 -2.859964,0.30105 -4.937201,0.66231 -2.408391,0.45157 -4.304998,0.99346 l 0.873041,-4.87699 q 0.361259,0.0301 1.083776,0.0602 0.722517,0.0301 1.595559,0.0602 0.903147,0.0301 1.866503,0.0602 0.993461,0 1.866503,0.0301 0.873041,0 1.535349,0.0301 0.692412,0 0.993461,0 h 17.189888 q 0.301049,0 0.963356,0 0.692412,-0.0301 1.565454,-0.0301 0.873042,-0.0301 1.836398,-0.0301 0.993461,-0.0301 1.866503,-0.0602 0.903146,-0.0301 1.625663,-0.0602 0.722518,-0.0301 1.083776,-0.0602 l 0.873042,4.87699 q -1.926713,-0.54189 -4.335103,-0.99346 -2.077237,-0.36126 -4.937201,-0.66231 -2.859964,-0.33115 -6.41234,-0.33115 v 28.75016 q 0,2.55892 0.06021,4.48563 0.09031,1.89661 0.18063,3.28143 0.120419,1.38483 0.270944,2.31808 0.180629,0.93325 0.361258,1.56545 v 0.12042 H 35.90723 v -0.12042 q 0.18063,-0.6322 0.331154,-1.56545 0.150524,-0.93325 0.270944,-2.31808 0.120419,-1.38482 0.180629,-3.28143 0.06021,-1.92671 0.06021,-4.48563 z"
             id="path32"
             style="font-size:61.6548px;font-family:Marcellus;-inkscape-font-specification:Marcellus;fill:#3a5416;fill-opacity:1;fill-rule:evenodd;stroke:none;stroke-width:2.53877;stroke-linejoin:bevel;stroke-opacity:1;paint-order:stroke fill markers"
             transform="rotate(-25.60554)"
             aria-label="T" /></g><g
           id="g34"
           style="fill:#3a5416;fill-opacity:1;stroke:none;stroke-opacity:1"
           transform="matrix(1.4113474,0,0,1.4113474,1508.3735,362.08849)"><path
             d="m 146.37399,116.87328 q 0.18063,-0.6322 0.33116,-1.56546 0.15052,-0.93325 0.27094,-2.31807 0.12042,-1.38483 0.18063,-3.28143 0.0602,-1.92672 0.0602,-4.48563 V 85.62441 q 0,-2.558915 -0.0602,-4.455523 -0.0602,-1.926712 -0.18063,-3.311537 -0.12042,-1.414929 -0.27094,-2.348181 -0.15053,-0.933251 -0.33116,-1.565454 v -0.120419 h 7.19507 v 0.120419 q -0.18063,0.632203 -0.36126,1.565454 -0.15052,0.933252 -0.27094,2.348181 -0.0903,1.384825 -0.18063,3.311537 -0.0602,1.896608 -0.0602,4.455523 v 19.59828 q 0,2.55891 0.0602,4.48563 0.0903,1.8966 0.18063,3.28143 0.12042,1.38482 0.27094,2.31807 0.18063,0.93326 0.36126,1.56546 v 0.12042 h -7.19507 z"
             id="path33"
             style="font-size:61.6548px;font-family:Marcellus;-inkscape-font-specification:Marcellus;fill:#3a5416;fill-opacity:1;fill-rule:evenodd;stroke:none;stroke-width:2.53877;stroke-linejoin:bevel;stroke-opacity:1;paint-order:stroke fill markers"
             transform="rotate(18.055612)"
             aria-label="I" /><path
             d="m 36.750166,145.69642 q -3.552376,0 -6.41234,0.33115 -2.859964,0.30105 -4.937201,0.66231 -2.408391,0.45157 -4.304998,0.99346 l 0.873041,-4.87699 q 0.361259,0.0301 1.083776,0.0602 0.722517,0.0301 1.595559,0.0602 0.903147,0.0301 1.866503,0.0602 0.993461,0 1.866503,0.0301 0.873041,0 1.535349,0.0301 0.692412,0 0.993461,0 h 17.189888 q 0.301049,0 0.963356,0 0.692412,-0.0301 1.565454,-0.0301 0.873042,-0.0301 1.836398,-0.0301 0.993461,-0.0301 1.866503,-0.0602 0.903146,-0.0301 1.625663,-0.0602 0.722518,-0.0301 1.083776,-0.0602 l 0.873042,4.87699 q -1.926713,-0.54189 -4.335103,-0.99346 -2.077237,-0.36126 -4.937201,-0.66231 -2.859964,-0.33115 -6.41234,-0.33115 v 28.75016 q 0,2.55892 0.06021,4.48563 0.09031,1.89661 0.18063,3.28143 0.120419,1.38483 0.270944,2.31808 0.180629,0.93325 0.361258,1.56545 v 0.12042 H 35.90723 v -0.12042 q 0.18063,-0.6322 0.331154,-1.56545 0.150524,-0.93325 0.270944,-2.31808 0.120419,-1.38482 0.180629,-3.28143 0.06021,-1.92671 0.06021,-4.48563 z"
             id="path34"
             style="font-size:61.6548px;font-family:Marcellus;-inkscape-font-specification:Marcellus;fill:#3a5416;fill-opacity:1;fill-rule:evenodd;stroke:none;stroke-width:2.53877;stroke-linejoin:bevel;stroke-opacity:1;paint-order:stroke fill markers"
             transform="rotate(-25.60554)"
             aria-label="T" /></g><g
           id="g36"
           style="fill:#3a5416;fill-opacity:1;stroke:none;stroke-opacity:1"
           transform="matrix(1.4113474,0,0,1.4113474,1438.9354,285.51925)"><path
             d="m 146.37399,116.87328 q 0.18063,-0.6322 0.33116,-1.56546 0.15052,-0.93325 0.27094,-2.31807 0.12042,-1.38483 0.18063,-3.28143 0.0602,-1.92672 0.0602,-4.48563 V 85.62441 q 0,-2.558915 -0.0602,-4.455523 -0.0602,-1.926712 -0.18063,-3.311537 -0.12042,-1.414929 -0.27094,-2.348181 -0.15053,-0.933251 -0.33116,-1.565454 v -0.120419 h 7.19507 v 0.120419 q -0.18063,0.632203 -0.36126,1.565454 -0.15052,0.933252 -0.27094,2.348181 -0.0903,1.384825 -0.18063,3.311537 -0.0602,1.896608 -0.0602,4.455523 v 19.59828 q 0,2.55891 0.0602,4.48563 0.0903,1.8966 0.18063,3.28143 0.12042,1.38482 0.27094,2.31807 0.18063,0.93326 0.36126,1.56546 v 0.12042 h -7.19507 z"
             id="path35"
             style="font-size:61.6548px;font-family:Marcellus;-inkscape-font-specification:Marcellus;fill:#3a5416;fill-opacity:1;fill-rule:evenodd;stroke:none;stroke-width:2.53877;stroke-linejoin:bevel;stroke-opacity:1;paint-order:stroke fill markers"
             transform="rotate(18.055612)"
             aria-label="I" /><path
             d="m 36.750166,145.69642 q -3.552376,0 -6.41234,0.33115 -2.859964,0.30105 -4.937201,0.66231 -2.408391,0.45157 -4.304998,0.99346 l 0.873041,-4.87699 q 0.361259,0.0301 1.083776,0.0602 0.722517,0.0301 1.595559,0.0602 0.903147,0.0301 1.866503,0.0602 0.993461,0 1.866503,0.0301 0.873041,0 1.535349,0.0301 0.692412,0 0.993461,0 h 17.189888 q 0.301049,0 0.963356,0 0.692412,-0.0301 1.565454,-0.0301 0.873042,-0.0301 1.836398,-0.0301 0.993461,-0.0301 1.866503,-0.0602 0.903146,-0.0301 1.625663,-0.0602 0.722518,-0.0301 1.083776,-0.0602 l 0.873042,4.87699 q -1.926713,-0.54189 -4.335103,-0.99346 -2.077237,-0.36126 -4.937201,-0.66231 -2.859964,-0.33115 -6.41234,-0.33115 v 28.75016 q 0,2.55892 0.06021,4.48563 0.09031,1.89661 0.18063,3.28143 0.120419,1.38483 0.270944,2.31808 0.180629,0.93325 0.361258,1.56545 v 0.12042 H 35.90723 v -0.12042 q 0.18063,-0.6322 0.331154,-1.56545 0.150524,-0.93325 0.270944,-2.31808 0.120419,-1.38482 0.180629,-3.28143 0.06021,-1.92671 0.06021,-4.48563 z"
             id="path36"
             style="font-size:61.6548px;font-family:Marcellus;-inkscape-font-specification:Marcellus;fill:#3a5416;fill-opacity:1;fill-rule:evenodd;stroke:none;stroke-width:2.53877;stroke-linejoin:bevel;stroke-opacity:1;paint-order:stroke fill markers"
             transform="rotate(-25.60554)"
             aria-label="T" /></g><g
           id="g38"
           style="fill:#3a5416;fill-opacity:1;stroke:none;stroke-opacity:1"
           transform="matrix(1.4113474,0,0,1.4113474,1507.5579,285.51925)"><path
             d="m 146.37399,116.87328 q 0.18063,-0.6322 0.33116,-1.56546 0.15052,-0.93325 0.27094,-2.31807 0.12042,-1.38483 0.18063,-3.28143 0.0602,-1.92672 0.0602,-4.48563 V 85.62441 q 0,-2.558915 -0.0602,-4.455523 -0.0602,-1.926712 -0.18063,-3.311537 -0.12042,-1.414929 -0.27094,-2.348181 -0.15053,-0.933251 -0.33116,-1.565454 v -0.120419 h 7.19507 v 0.120419 q -0.18063,0.632203 -0.36126,1.565454 -0.15052,0.933252 -0.27094,2.348181 -0.0903,1.384825 -0.18063,3.311537 -0.0602,1.896608 -0.0602,4.455523 v 19.59828 q 0,2.55891 0.0602,4.48563 0.0903,1.8966 0.18063,3.28143 0.12042,1.38482 0.27094,2.31807 0.18063,0.93326 0.36126,1.56546 v 0.12042 h -7.19507 z"
             id="path37"
             style="font-size:61.6548px;font-family:Marcellus;-inkscape-font-specification:Marcellus;fill:#3a5416;fill-opacity:1;fill-rule:evenodd;stroke:none;stroke-width:2.53877;stroke-linejoin:bevel;stroke-opacity:1;paint-order:stroke fill markers"
             transform="rotate(18.055612)"
             aria-label="I" /><path
             d="m 36.750166,145.69642 q -3.552376,0 -6.41234,0.33115 -2.859964,0.30105 -4.937201,0.66231 -2.408391,0.45157 -4.304998,0.99346 l 0.873041,-4.87699 q 0.361259,0.0301 1.083776,0.0602 0.722517,0.0301 1.595559,0.0602 0.903147,0.0301 1.866503,0.0602 0.993461,0 1.866503,0.0301 0.873041,0 1.535349,0.0301 0.692412,0 0.993461,0 h 17.189888 q 0.301049,0 0.963356,0 0.692412,-0.0301 1.565454,-0.0301 0.873042,-0.0301 1.836398,-0.0301 0.993461,-0.0301 1.866503,-0.0602 0.903146,-0.0301 1.625663,-0.0602 0.722518,-0.0301 1.083776,-0.0602 l 0.873042,4.87699 q -1.926713,-0.54189 -4.335103,-0.99346 -2.077237,-0.36126 -4.937201,-0.66231 -2.859964,-0.33115 -6.41234,-0.33115 v 28.75016 q 0,2.55892 0.06021,4.48563 0.09031,1.89661 0.18063,3.28143 0.120419,1.38483 0.270944,2.31808 0.180629,0.93325 0.361258,1.56545 v 0.12042 H 35.90723 v -0.12042 q 0.18063,-0.6322 0.331154,-1.56545 0.150524,-0.93325 0.270944,-2.31808 0.120419,-1.38482 0.180629,-3.28143 0.06021,-1.92671 0.06021,-4.48563 z"
             id="path38"
             style="font-size:61.6548px;font-family:Marcellus;-inkscape-font-specification:Marcellus;fill:#3a5416;fill-opacity:1;fill-rule:evenodd;stroke:none;stroke-width:2.53877;stroke-linejoin:bevel;stroke-opacity:1;paint-order:stroke fill markers"
             transform="rotate(-25.60554)"
             aria-label="T" /></g><g
           id="g40"
           style="fill:#3a5416;fill-opacity:1;stroke:none;stroke-opacity:1"
           transform="matrix(1.4113474,0,0,1.4113474,1439.751,362.08849)"><path
             d="m 146.37399,116.87328 q 0.18063,-0.6322 0.33116,-1.56546 0.15052,-0.93325 0.27094,-2.31807 0.12042,-1.38483 0.18063,-3.28143 0.0602,-1.92672 0.0602,-4.48563 V 85.62441 q 0,-2.558915 -0.0602,-4.455523 -0.0602,-1.926712 -0.18063,-3.311537 -0.12042,-1.414929 -0.27094,-2.348181 -0.15053,-0.933251 -0.33116,-1.565454 v -0.120419 h 7.19507 v 0.120419 q -0.18063,0.632203 -0.36126,1.565454 -0.15052,0.933252 -0.27094,2.348181 -0.0903,1.384825 -0.18063,3.311537 -0.0602,1.896608 -0.0602,4.455523 v 19.59828 q 0,2.55891 0.0602,4.48563 0.0903,1.8966 0.18063,3.28143 0.12042,1.38482 0.27094,2.31807 0.18063,0.93326 0.36126,1.56546 v 0.12042 h -7.19507 z"
             id="path39"
             style="font-size:61.6548px;font-family:Marcellus;-inkscape-font-specification:Marcellus;fill:#3a5416;fill-opacity:1;fill-rule:evenodd;stroke:none;stroke-width:2.53877;stroke-linejoin:bevel;stroke-opacity:1;paint-order:stroke fill markers"
             transform="rotate(18.055612)"
             aria-label="I" /><path
             d="m 36.750166,145.69642 q -3.552376,0 -6.41234,0.33115 -2.859964,0.30105 -4.937201,0.66231 -2.408391,0.45157 -4.304998,0.99346 l 0.873041,-4.87699 q 0.361259,0.0301 1.083776,0.0602 0.722517,0.0301 1.595559,0.0602 0.903147,0.0301 1.866503,0.0602 0.993461,0 1.866503,0.0301 0.873041,0 1.535349,0.0301 0.692412,0 0.993461,0 h 17.189888 q 0.301049,0 0.963356,0 0.692412,-0.0301 1.565454,-0.0301 0.873042,-0.0301 1.836398,-0.0301 0.993461,-0.0301 1.866503,-0.0602 0.903146,-0.0301 1.625663,-0.0602 0.722518,-0.0301 1.083776,-0.0602 l 0.873042,4.87699 q -1.926713,-0.54189 -4.335103,-0.99346 -2.077237,-0.36126 -4.937201,-0.66231 -2.859964,-0.33115 -6.41234,-0.33115 v 28.75016 q 0,2.55892 0.06021,4.48563 0.09031,1.89661 0.18063,3.28143 0.120419,1.38483 0.270944,2.31808 0.180629,0.93325 0.361258,1.56545 v 0.12042 H 35.90723 v -0.12042 q 0.18063,-0.6322 0.331154,-1.56545 0.150524,-0.93325 0.270944,-2.31808 0.120419,-1.38482 0.180629,-3.28143 0.06021,-1.92671 0.06021,-4.48563 z"
             id="path40"
             style="font-size:61.6548px;font-family:Marcellus;-inkscape-font-specification:Marcellus;fill:#3a5416;fill-opacity:1;fill-rule:evenodd;stroke:none;stroke-width:2.53877;stroke-linejoin:bevel;stroke-opacity:1;paint-order:stroke fill markers"
             transform="rotate(-25.60554)"
             aria-label="T" /></g><g
           id="g44"
           style="fill:#3a5416;fill-opacity:1;stroke:none;stroke-opacity:1"
           transform="matrix(1.4113474,0,0,1.4113474,1508.3735,362.08849)"><path
             d="m 146.37399,116.87328 q 0.18063,-0.6322 0.33116,-1.56546 0.15052,-0.93325 0.27094,-2.31807 0.12042,-1.38483 0.18063,-3.28143 0.0602,-1.92672 0.0602,-4.48563 V 85.62441 q 0,-2.558915 -0.0602,-4.455523 -0.0602,-1.926712 -0.18063,-3.311537 -0.12042,-1.414929 -0.27094,-2.348181 -0.15053,-0.933251 -0.33116,-1.565454 v -0.120419 h 7.19507 v 0.120419 q -0.18063,0.632203 -0.36126,1.565454 -0.15052,0.933252 -0.27094,2.348181 -0.0903,1.384825 -0.18063,3.311537 -0.0602,1.896608 -0.0602,4.455523 v 19.59828 q 0,2.55891 0.0602,4.48563 0.0903,1.8966 0.18063,3.28143 0.12042,1.38482 0.27094,2.31807 0.18063,0.93326 0.36126,1.56546 v 0.12042 h -7.19507 z"
             id="path41"
             style="font-size:61.6548px;font-family:Marcellus;-inkscape-font-specification:Marcellus;fill:#3a5416;fill-opacity:1;fill-rule:evenodd;stroke:none;stroke-width:2.53877;stroke-linejoin:bevel;stroke-opacity:1;paint-order:stroke fill markers"
             transform="rotate(18.055612)"
             aria-label="I" /><path
             d="m 36.750166,145.69642 q -3.552376,0 -6.41234,0.33115 -2.859964,0.30105 -4.937201,0.66231 -2.408391,0.45157 -4.304998,0.99346 l 0.873041,-4.87699 q 0.361259,0.0301 1.083776,0.0602 0.722517,0.0301 1.595559,0.0602 0.903147,0.0301 1.866503,0.0602 0.993461,0 1.866503,0.0301 0.873041,0 1.535349,0.0301 0.692412,0 0.993461,0 h 17.189888 q 0.301049,0 0.963356,0 0.692412,-0.0301 1.565454,-0.0301 0.873042,-0.0301 1.836398,-0.0301 0.993461,-0.0301 1.866503,-0.0602 0.903146,-0.0301 1.625663,-0.0602 0.722518,-0.0301 1.083776,-0.0602 l 0.873042,4.87699 q -1.926713,-0.54189 -4.335103,-0.99346 -2.077237,-0.36126 -4.937201,-0.66231 -2.859964,-0.33115 -6.41234,-0.33115 v 28.75016 q 0,2.55892 0.06021,4.48563 0.09031,1.89661 0.18063,3.28143 0.120419,1.38483 0.270944,2.31808 0.180629,0.93325 0.361258,1.56545 v 0.12042 H 35.90723 v -0.12042 q 0.18063,-0.6322 0.331154,-1.56545 0.150524,-0.93325 0.270944,-2.31808 0.120419,-1.38482 0.180629,-3.28143 0.06021,-1.92671 0.06021,-4.48563 z"
             id="path44"
             style="font-size:61.6548px;font-family:Marcellus;-inkscape-font-specification:Marcellus;fill:#3a5416;fill-opacity:1;fill-rule:evenodd;stroke:none;stroke-width:2.53877;stroke-linejoin:bevel;stroke-opacity:1;paint-order:stroke fill markers"
             transform="rotate(-25.60554)"
             aria-label="T" /></g><g
           id="g46"
           style="fill:#3a5416;fill-opacity:1;stroke:none;stroke-opacity:1"
           transform="matrix(1.4113474,0,0,1.4113474,1575.5713,285.51925)"><path
             d="m 146.37399,116.87328 q 0.18063,-0.6322 0.33116,-1.56546 0.15052,-0.93325 0.27094,-2.31807 0.12042,-1.38483 0.18063,-3.28143 0.0602,-1.92672 0.0602,-4.48563 V 85.62441 q 0,-2.558915 -0.0602,-4.455523 -0.0602,-1.926712 -0.18063,-3.311537 -0.12042,-1.414929 -0.27094,-2.348181 -0.15053,-0.933251 -0.33116,-1.565454 v -0.120419 h 7.19507 v 0.120419 q -0.18063,0.632203 -0.36126,1.565454 -0.15052,0.933252 -0.27094,2.348181 -0.0903,1.384825 -0.18063,3.311537 -0.0602,1.896608 -0.0602,4.455523 v 19.59828 q 0,2.55891 0.0602,4.48563 0.0903,1.8966 0.18063,3.28143 0.12042,1.38482 0.27094,2.31807 0.18063,0.93326 0.36126,1.56546 v 0.12042 h -7.19507 z"
             id="path45"
             style="font-size:61.6548px;font-family:Marcellus;-inkscape-font-specification:Marcellus;fill:#3a5416;fill-opacity:1;fill-rule:evenodd;stroke:none;stroke-width:2.53877;stroke-linejoin:bevel;stroke-opacity:1;paint-order:stroke fill markers"
             transform="rotate(18.055612)"
             aria-label="I" /><path
             d="m 36.750166,145.69642 q -3.552376,0 -6.41234,0.33115 -2.859964,0.30105 -4.937201,0.66231 -2.408391,0.45157 -4.304998,0.99346 l 0.873041,-4.87699 q 0.361259,0.0301 1.083776,0.0602 0.722517,0.0301 1.595559,0.0602 0.903147,0.0301 1.866503,0.0602 0.993461,0 1.866503,0.0301 0.873041,0 1.535349,0.0301 0.692412,0 0.993461,0 h 17.189888 q 0.301049,0 0.963356,0 0.692412,-0.0301 1.565454,-0.0301 0.873042,-0.0301 1.836398,-0.0301 0.993461,-0.0301 1.866503,-0.0602 0.903146,-0.0301 1.625663,-0.0602 0.722518,-0.0301 1.083776,-0.0602 l 0.873042,4.87699 q -1.926713,-0.54189 -4.335103,-0.99346 -2.077237,-0.36126 -4.937201,-0.66231 -2.859964,-0.33115 -6.41234,-0.33115 v 28.75016 q 0,2.55892 0.06021,4.48563 0.09031,1.89661 0.18063,3.28143 0.120419,1.38483 0.270944,2.31808 0.180629,0.93325 0.361258,1.56545 v 0.12042 H 35.90723 v -0.12042 q 0.18063,-0.6322 0.331154,-1.56545 0.150524,-0.93325 0.270944,-2.31808 0.120419,-1.38482 0.180629,-3.28143 0.06021,-1.92671 0.06021,-4.48563 z"
             id="path46"
             style="font-size:61.6548px;font-family:Marcellus;-inkscape-font-specification:Marcellus;fill:#3a5416;fill-opacity:1;fill-rule:evenodd;stroke:none;stroke-width:2.53877;stroke-linejoin:bevel;stroke-opacity:1;paint-order:stroke fill markers"
             transform="rotate(-25.60554)"
             aria-label="T" /></g><g
           id="g48"
           style="fill:#3a5416;fill-opacity:1;stroke:none;stroke-opacity:1"
           transform="matrix(1.4113474,0,0,1.4113474,1644.1938,285.51925)"><path
             d="m 146.37399,116.87328 q 0.18063,-0.6322 0.33116,-1.56546 0.15052,-0.93325 0.27094,-2.31807 0.12042,-1.38483 0.18063,-3.28143 0.0602,-1.92672 0.0602,-4.48563 V 85.62441 q 0,-2.558915 -0.0602,-4.455523 -0.0602,-1.926712 -0.18063,-3.311537 -0.12042,-1.414929 -0.27094,-2.348181 -0.15053,-0.933251 -0.33116,-1.565454 v -0.120419 h 7.19507 v 0.120419 q -0.18063,0.632203 -0.36126,1.565454 -0.15052,0.933252 -0.27094,2.348181 -0.0903,1.384825 -0.18063,3.311537 -0.0602,1.896608 -0.0602,4.455523 v 19.59828 q 0,2.55891 0.0602,4.48563 0.0903,1.8966 0.18063,3.28143 0.12042,1.38482 0.27094,2.31807 0.18063,0.93326 0.36126,1.56546 v 0.12042 h -7.19507 z"
             id="path47"
             style="font-size:61.6548px;font-family:Marcellus;-inkscape-font-specification:Marcellus;fill:#3a5416;fill-opacity:1;fill-rule:evenodd;stroke:none;stroke-width:2.53877;stroke-linejoin:bevel;stroke-opacity:1;paint-order:stroke fill markers"
             transform="rotate(18.055612)"
             aria-label="I" /><path
             d="m 36.750166,145.69642 q -3.552376,0 -6.41234,0.33115 -2.859964,0.30105 -4.937201,0.66231 -2.408391,0.45157 -4.304998,0.99346 l 0.873041,-4.87699 q 0.361259,0.0301 1.083776,0.0602 0.722517,0.0301 1.595559,0.0602 0.903147,0.0301 1.866503,0.0602 0.993461,0 1.866503,0.0301 0.873041,0 1.535349,0.0301 0.692412,0 0.993461,0 h 17.189888 q 0.301049,0 0.963356,0 0.692412,-0.0301 1.565454,-0.0301 0.873042,-0.0301 1.836398,-0.0301 0.993461,-0.0301 1.866503,-0.0602 0.903146,-0.0301 1.625663,-0.0602 0.722518,-0.0301 1.083776,-0.0602 l 0.873042,4.87699 q -1.926713,-0.54189 -4.335103,-0.99346 -2.077237,-0.36126 -4.937201,-0.66231 -2.859964,-0.33115 -6.41234,-0.33115 v 28.75016 q 0,2.55892 0.06021,4.48563 0.09031,1.89661 0.18063,3.28143 0.120419,1.38483 0.270944,2.31808 0.180629,0.93325 0.361258,1.56545 v 0.12042 H 35.90723 v -0.12042 q 0.18063,-0.6322 0.331154,-1.56545 0.150524,-0.93325 0.270944,-2.31808 0.120419,-1.38482 0.180629,-3.28143 0.06021,-1.92671 0.06021,-4.48563 z"
             id="path48"
             style="font-size:61.6548px;font-family:Marcellus;-inkscape-font-specification:Marcellus;fill:#3a5416;fill-opacity:1;fill-rule:evenodd;stroke:none;stroke-width:2.53877;stroke-linejoin:bevel;stroke-opacity:1;paint-order:stroke fill markers"
             transform="rotate(-25.60554)"
             aria-label="T" /></g><g
           id="g50"
           style="fill:#3a5416;fill-opacity:1;stroke:none;stroke-opacity:1"
           transform="matrix(1.4113474,0,0,1.4113474,1576.3869,362.08849)"><path
             d="m 146.37399,116.87328 q 0.18063,-0.6322 0.33116,-1.56546 0.15052,-0.93325 0.27094,-2.31807 0.12042,-1.38483 0.18063,-3.28143 0.0602,-1.92672 0.0602,-4.48563 V 85.62441 q 0,-2.558915 -0.0602,-4.455523 -0.0602,-1.926712 -0.18063,-3.311537 -0.12042,-1.414929 -0.27094,-2.348181 -0.15053,-0.933251 -0.33116,-1.565454 v -0.120419 h 7.19507 v 0.120419 q -0.18063,0.632203 -0.36126,1.565454 -0.15052,0.933252 -0.27094,2.348181 -0.0903,1.384825 -0.18063,3.311537 -0.0602,1.896608 -0.0602,4.455523 v 19.59828 q 0,2.55891 0.0602,4.48563 0.0903,1.8966 0.18063,3.28143 0.12042,1.38482 0.27094,2.31807 0.18063,0.93326 0.36126,1.56546 v 0.12042 h -7.19507 z"
             id="path49"
             style="font-size:61.6548px;font-family:Marcellus;-inkscape-font-specification:Marcellus;fill:#3a5416;fill-opacity:1;fill-rule:evenodd;stroke:none;stroke-width:2.53877;stroke-linejoin:bevel;stroke-opacity:1;paint-order:stroke fill markers"
             transform="rotate(18.055612)"
             aria-label="I" /><path
             d="m 36.750166,145.69642 q -3.552376,0 -6.41234,0.33115 -2.859964,0.30105 -4.937201,0.66231 -2.408391,0.45157 -4.304998,0.99346 l 0.873041,-4.87699 q 0.361259,0.0301 1.083776,0.0602 0.722517,0.0301 1.595559,0.0602 0.903147,0.0301 1.866503,0.0602 0.993461,0 1.866503,0.0301 0.873041,0 1.535349,0.0301 0.692412,0 0.993461,0 h 17.189888 q 0.301049,0 0.963356,0 0.692412,-0.0301 1.565454,-0.0301 0.873042,-0.0301 1.836398,-0.0301 0.993461,-0.0301 1.866503,-0.0602 0.903146,-0.0301 1.625663,-0.0602 0.722518,-0.0301 1.083776,-0.0602 l 0.873042,4.87699 q -1.926713,-0.54189 -4.335103,-0.99346 -2.077237,-0.36126 -4.937201,-0.66231 -2.859964,-0.33115 -6.41234,-0.33115 v 28.75016 q 0,2.55892 0.06021,4.48563 0.09031,1.89661 0.18063,3.28143 0.120419,1.38483 0.270944,2.31808 0.180629,0.93325 0.361258,1.56545 v 0.12042 H 35.90723 v -0.12042 q 0.18063,-0.6322 0.331154,-1.56545 0.150524,-0.93325 0.270944,-2.31808 0.120419,-1.38482 0.180629,-3.28143 0.06021,-1.92671 0.06021,-4.48563 z"
             id="path50"
             style="font-size:61.6548px;font-family:Marcellus;-inkscape-font-specification:Marcellus;fill:#3a5416;fill-opacity:1;fill-rule:evenodd;stroke:none;stroke-width:2.53877;stroke-linejoin:bevel;stroke-opacity:1;paint-order:stroke fill markers"
             transform="rotate(-25.60554)"
             aria-label="T" /></g><g
           id="g52"
           style="fill:#3a5416;fill-opacity:1;stroke:none;stroke-opacity:1"
           transform="matrix(1.4113474,0,0,1.4113474,1645.0094,362.08849)"><path
             d="m 146.37399,116.87328 q 0.18063,-0.6322 0.33116,-1.56546 0.15052,-0.93325 0.27094,-2.31807 0.12042,-1.38483 0.18063,-3.28143 0.0602,-1.92672 0.0602,-4.48563 V 85.62441 q 0,-2.558915 -0.0602,-4.455523 -0.0602,-1.926712 -0.18063,-3.311537 -0.12042,-1.414929 -0.27094,-2.348181 -0.15053,-0.933251 -0.33116,-1.565454 v -0.120419 h 7.19507 v 0.120419 q -0.18063,0.632203 -0.36126,1.565454 -0.15052,0.933252 -0.27094,2.348181 -0.0903,1.384825 -0.18063,3.311537 -0.0602,1.896608 -0.0602,4.455523 v 19.59828 q 0,2.55891 0.0602,4.48563 0.0903,1.8966 0.18063,3.28143 0.12042,1.38482 0.27094,2.31807 0.18063,0.93326 0.36126,1.56546 v 0.12042 h -7.19507 z"
             id="path51"
             style="font-size:61.6548px;font-family:Marcellus;-inkscape-font-specification:Marcellus;fill:#3a5416;fill-opacity:1;fill-rule:evenodd;stroke:none;stroke-width:2.53877;stroke-linejoin:bevel;stroke-opacity:1;paint-order:stroke fill markers"
             transform="rotate(18.055612)"
             aria-label="I" /><path
             d="m 36.750166,145.69642 q -3.552376,0 -6.41234,0.33115 -2.859964,0.30105 -4.937201,0.66231 -2.408391,0.45157 -4.304998,0.99346 l 0.873041,-4.87699 q 0.361259,0.0301 1.083776,0.0602 0.722517,0.0301 1.595559,0.0602 0.903147,0.0301 1.866503,0.0602 0.993461,0 1.866503,0.0301 0.873041,0 1.535349,0.0301 0.692412,0 0.993461,0 h 17.189888 q 0.301049,0 0.963356,0 0.692412,-0.0301 1.565454,-0.0301 0.873042,-0.0301 1.836398,-0.0301 0.993461,-0.0301 1.866503,-0.0602 0.903146,-0.0301 1.625663,-0.0602 0.722518,-0.0301 1.083776,-0.0602 l 0.873042,4.87699 q -1.926713,-0.54189 -4.335103,-0.99346 -2.077237,-0.36126 -4.937201,-0.66231 -2.859964,-0.33115 -6.41234,-0.33115 v 28.75016 q 0,2.55892 0.06021,4.48563 0.09031,1.89661 0.18063,3.28143 0.120419,1.38483 0.270944,2.31808 0.180629,0.93325 0.361258,1.56545 v 0.12042 H 35.90723 v -0.12042 q 0.18063,-0.6322 0.331154,-1.56545 0.150524,-0.93325 0.270944,-2.31808 0.120419,-1.38482 0.180629,-3.28143 0.06021,-1.92671 0.06021,-4.48563 z"
             id="path52"
             style="font-size:61.6548px;font-family:Marcellus;-inkscape-font-specification:Marcellus;fill:#3a5416;fill-opacity:1;fill-rule:evenodd;stroke:none;stroke-width:2.53877;stroke-linejoin:bevel;stroke-opacity:1;paint-order:stroke fill markers"
             transform="rotate(-25.60554)"
             aria-label="T" /></g><g
           id="g54"
           style="fill:#3a5416;fill-opacity:1;stroke:none;stroke-opacity:1"
           transform="matrix(1.4113474,0,0,1.4113474,1575.5713,285.51925)"><path
             d="m 146.37399,116.87328 q 0.18063,-0.6322 0.33116,-1.56546 0.15052,-0.93325 0.27094,-2.31807 0.12042,-1.38483 0.18063,-3.28143 0.0602,-1.92672 0.0602,-4.48563 V 85.62441 q 0,-2.558915 -0.0602,-4.455523 -0.0602,-1.926712 -0.18063,-3.311537 -0.12042,-1.414929 -0.27094,-2.348181 -0.15053,-0.933251 -0.33116,-1.565454 v -0.120419 h 7.19507 v 0.120419 q -0.18063,0.632203 -0.36126,1.565454 -0.15052,0.933252 -0.27094,2.348181 -0.0903,1.384825 -0.18063,3.311537 -0.0602,1.896608 -0.0602,4.455523 v 19.59828 q 0,2.55891 0.0602,4.48563 0.0903,1.8966 0.18063,3.28143 0.12042,1.38482 0.27094,2.31807 0.18063,0.93326 0.36126,1.56546 v 0.12042 h -7.19507 z"
             id="path53"
             style="font-size:61.6548px;font-family:Marcellus;-inkscape-font-specification:Marcellus;fill:#3a5416;fill-opacity:1;fill-rule:evenodd;stroke:none;stroke-width:2.53877;stroke-linejoin:bevel;stroke-opacity:1;paint-order:stroke fill markers"
             transform="rotate(18.055612)"
             aria-label="I" /><path
             d="m 36.750166,145.69642 q -3.552376,0 -6.41234,0.33115 -2.859964,0.30105 -4.937201,0.66231 -2.408391,0.45157 -4.304998,0.99346 l 0.873041,-4.87699 q 0.361259,0.0301 1.083776,0.0602 0.722517,0.0301 1.595559,0.0602 0.903147,0.0301 1.866503,0.0602 0.993461,0 1.866503,0.0301 0.873041,0 1.535349,0.0301 0.692412,0 0.993461,0 h 17.189888 q 0.301049,0 0.963356,0 0.692412,-0.0301 1.565454,-0.0301 0.873042,-0.0301 1.836398,-0.0301 0.993461,-0.0301 1.866503,-0.0602 0.903146,-0.0301 1.625663,-0.0602 0.722518,-0.0301 1.083776,-0.0602 l 0.873042,4.87699 q -1.926713,-0.54189 -4.335103,-0.99346 -2.077237,-0.36126 -4.937201,-0.66231 -2.859964,-0.33115 -6.41234,-0.33115 v 28.75016 q 0,2.55892 0.06021,4.48563 0.09031,1.89661 0.18063,3.28143 0.120419,1.38483 0.270944,2.31808 0.180629,0.93325 0.361258,1.56545 v 0.12042 H 35.90723 v -0.12042 q 0.18063,-0.6322 0.331154,-1.56545 0.150524,-0.93325 0.270944,-2.31808 0.120419,-1.38482 0.180629,-3.28143 0.06021,-1.92671 0.06021,-4.48563 z"
             id="path54"
             style="font-size:61.6548px;font-family:Marcellus;-inkscape-font-specification:Marcellus;fill:#3a5416;fill-opacity:1;fill-rule:evenodd;stroke:none;stroke-width:2.53877;stroke-linejoin:bevel;stroke-opacity:1;paint-order:stroke fill markers"
             transform="rotate(-25.60554)"
             aria-label="T" /></g><g
           id="g56"
           style="fill:#3a5416;fill-opacity:1;stroke:none;stroke-opacity:1"
           transform="matrix(1.4113474,0,0,1.4113474,1644.1938,285.51925)"><path
             d="m 146.37399,116.87328 q 0.18063,-0.6322 0.33116,-1.56546 0.15052,-0.93325 0.27094,-2.31807 0.12042,-1.38483 0.18063,-3.28143 0.0602,-1.92672 0.0602,-4.48563 V 85.62441 q 0,-2.558915 -0.0602,-4.455523 -0.0602,-1.926712 -0.18063,-3.311537 -0.12042,-1.414929 -0.27094,-2.348181 -0.15053,-0.933251 -0.33116,-1.565454 v -0.120419 h 7.19507 v 0.120419 q -0.18063,0.632203 -0.36126,1.565454 -0.15052,0.933252 -0.27094,2.348181 -0.0903,1.384825 -0.18063,3.311537 -0.0602,1.896608 -0.0602,4.455523 v 19.59828 q 0,2.55891 0.0602,4.48563 0.0903,1.8966 0.18063,3.28143 0.12042,1.38482 0.27094,2.31807 0.18063,0.93326 0.36126,1.56546 v 0.12042 h -7.19507 z"
             id="path55"
             style="font-size:61.6548px;font-family:Marcellus;-inkscape-font-specification:Marcellus;fill:#3a5416;fill-opacity:1;fill-rule:evenodd;stroke:none;stroke-width:2.53877;stroke-linejoin:bevel;stroke-opacity:1;paint-order:stroke fill markers"
             transform="rotate(18.055612)"
             aria-label="I" /><path
             d="m 36.750166,145.69642 q -3.552376,0 -6.41234,0.33115 -2.859964,0.30105 -4.937201,0.66231 -2.408391,0.45157 -4.304998,0.99346 l 0.873041,-4.87699 q 0.361259,0.0301 1.083776,0.0602 0.722517,0.0301 1.595559,0.0602 0.903147,0.0301 1.866503,0.0602 0.993461,0 1.866503,0.0301 0.873041,0 1.535349,0.0301 0.692412,0 0.993461,0 h 17.189888 q 0.301049,0 0.963356,0 0.692412,-0.0301 1.565454,-0.0301 0.873042,-0.0301 1.836398,-0.0301 0.993461,-0.0301 1.866503,-0.0602 0.903146,-0.0301 1.625663,-0.0602 0.722518,-0.0301 1.083776,-0.0602 l 0.873042,4.87699 q -1.926713,-0.54189 -4.335103,-0.99346 -2.077237,-0.36126 -4.937201,-0.66231 -2.859964,-0.33115 -6.41234,-0.33115 v 28.75016 q 0,2.55892 0.06021,4.48563 0.09031,1.89661 0.18063,3.28143 0.120419,1.38483 0.270944,2.31808 0.180629,0.93325 0.361258,1.56545 v 0.12042 H 35.90723 v -0.12042 q 0.18063,-0.6322 0.331154,-1.56545 0.150524,-0.93325 0.270944,-2.31808 0.120419,-1.38482 0.180629,-3.28143 0.06021,-1.92671 0.06021,-4.48563 z"
             id="path56"
             style="font-size:61.6548px;font-family:Marcellus;-inkscape-font-specification:Marcellus;fill:#3a5416;fill-opacity:1;fill-rule:evenodd;stroke:none;stroke-width:2.53877;stroke-linejoin:bevel;stroke-opacity:1;paint-order:stroke fill markers"
             transform="rotate(-25.60554)"
             aria-label="T" /></g><g
           id="g58"
           style="fill:#3a5416;fill-opacity:1;stroke:none;stroke-opacity:1"
           transform="matrix(1.4113474,0,0,1.4113474,1576.3869,362.08849)"><path
             d="m 146.37399,116.87328 q 0.18063,-0.6322 0.33116,-1.56546 0.15052,-0.93325 0.27094,-2.31807 0.12042,-1.38483 0.18063,-3.28143 0.0602,-1.92672 0.0602,-4.48563 V 85.62441 q 0,-2.558915 -0.0602,-4.455523 -0.0602,-1.926712 -0.18063,-3.311537 -0.12042,-1.414929 -0.27094,-2.348181 -0.15053,-0.933251 -0.33116,-1.565454 v -0.120419 h 7.19507 v 0.120419 q -0.18063,0.632203 -0.36126,1.565454 -0.15052,0.933252 -0.27094,2.348181 -0.0903,1.384825 -0.18063,3.311537 -0.0602,1.896608 -0.0602,4.455523 v 19.59828 q 0,2.55891 0.0602,4.48563 0.0903,1.8966 0.18063,3.28143 0.12042,1.38482 0.27094,2.31807 0.18063,0.93326 0.36126,1.56546 v 0.12042 h -7.19507 z"
             id="path57"
             style="font-size:61.6548px;font-family:Marcellus;-inkscape-font-specification:Marcellus;fill:#3a5416;fill-opacity:1;fill-rule:evenodd;stroke:none;stroke-width:2.53877;stroke-linejoin:bevel;stroke-opacity:1;paint-order:stroke fill markers"
             transform="rotate(18.055612)"
             aria-label="I" /><path
             d="m 36.750166,145.69642 q -3.552376,0 -6.41234,0.33115 -2.859964,0.30105 -4.937201,0.66231 -2.408391,0.45157 -4.304998,0.99346 l 0.873041,-4.87699 q 0.361259,0.0301 1.083776,0.0602 0.722517,0.0301 1.595559,0.0602 0.903147,0.0301 1.866503,0.0602 0.993461,0 1.866503,0.0301 0.873041,0 1.535349,0.0301 0.692412,0 0.993461,0 h 17.189888 q 0.301049,0 0.963356,0 0.692412,-0.0301 1.565454,-0.0301 0.873042,-0.0301 1.836398,-0.0301 0.993461,-0.0301 1.866503,-0.0602 0.903146,-0.0301 1.625663,-0.0602 0.722518,-0.0301 1.083776,-0.0602 l 0.873042,4.87699 q -1.926713,-0.54189 -4.335103,-0.99346 -2.077237,-0.36126 -4.937201,-0.66231 -2.859964,-0.33115 -6.41234,-0.33115 v 28.75016 q 0,2.55892 0.06021,4.48563 0.09031,1.89661 0.18063,3.28143 0.120419,1.38483 0.270944,2.31808 0.180629,0.93325 0.361258,1.56545 v 0.12042 H 35.90723 v -0.12042 q 0.18063,-0.6322 0.331154,-1.56545 0.150524,-0.93325 0.270944,-2.31808 0.120419,-1.38482 0.180629,-3.28143 0.06021,-1.92671 0.06021,-4.48563 z"
             id="path58"
             style="font-size:61.6548px;font-family:Marcellus;-inkscape-font-specification:Marcellus;fill:#3a5416;fill-opacity:1;fill-rule:evenodd;stroke:none;stroke-width:2.53877;stroke-linejoin:bevel;stroke-opacity:1;paint-order:stroke fill markers"
             transform="rotate(-25.60554)"
             aria-label="T" /></g><g
           id="g60"
           style="fill:#3a5416;fill-opacity:1;stroke:none;stroke-opacity:1"
           transform="matrix(1.4113474,0,0,1.4113474,1645.0094,362.08849)"><path
             d="m 146.37399,116.87328 q 0.18063,-0.6322 0.33116,-1.56546 0.15052,-0.93325 0.27094,-2.31807 0.12042,-1.38483 0.18063,-3.28143 0.0602,-1.92672 0.0602,-4.48563 V 85.62441 q 0,-2.558915 -0.0602,-4.455523 -0.0602,-1.926712 -0.18063,-3.311537 -0.12042,-1.414929 -0.27094,-2.348181 -0.15053,-0.933251 -0.33116,-1.565454 v -0.120419 h 7.19507 v 0.120419 q -0.18063,0.632203 -0.36126,1.565454 -0.15052,0.933252 -0.27094,2.348181 -0.0903,1.384825 -0.18063,3.311537 -0.0602,1.896608 -0.0602,4.455523 v 19.59828 q 0,2.55891 0.0602,4.48563 0.0903,1.8966 0.18063,3.28143 0.12042,1.38482 0.27094,2.31807 0.18063,0.93326 0.36126,1.56546 v 0.12042 h -7.19507 z"
             id="path59"
             style="font-size:61.6548px;font-family:Marcellus;-inkscape-font-specification:Marcellus;fill:#3a5416;fill-opacity:1;fill-rule:evenodd;stroke:none;stroke-width:2.53877;stroke-linejoin:bevel;stroke-opacity:1;paint-order:stroke fill markers"
             transform="rotate(18.055612)"
             aria-label="I" /><path
             d="m 36.750166,145.69642 q -3.552376,0 -6.41234,0.33115 -2.859964,0.30105 -4.937201,0.66231 -2.408391,0.45157 -4.304998,0.99346 l 0.873041,-4.87699 q 0.361259,0.0301 1.083776,0.0602 0.722517,0.0301 1.595559,0.0602 0.903147,0.0301 1.866503,0.0602 0.993461,0 1.866503,0.0301 0.873041,0 1.535349,0.0301 0.692412,0 0.993461,0 h 17.189888 q 0.301049,0 0.963356,0 0.692412,-0.0301 1.565454,-0.0301 0.873042,-0.0301 1.836398,-0.0301 0.993461,-0.0301 1.866503,-0.0602 0.903146,-0.0301 1.625663,-0.0602 0.722518,-0.0301 1.083776,-0.0602 l 0.873042,4.87699 q -1.926713,-0.54189 -4.335103,-0.99346 -2.077237,-0.36126 -4.937201,-0.66231 -2.859964,-0.33115 -6.41234,-0.33115 v 28.75016 q 0,2.55892 0.06021,4.48563 0.09031,1.89661 0.18063,3.28143 0.120419,1.38483 0.270944,2.31808 0.180629,0.93325 0.361258,1.56545 v 0.12042 H 35.90723 v -0.12042 q 0.18063,-0.6322 0.331154,-1.56545 0.150524,-0.93325 0.270944,-2.31808 0.120419,-1.38482 0.180629,-3.28143 0.06021,-1.92671 0.06021,-4.48563 z"
             id="path60"
             style="font-size:61.6548px;font-family:Marcellus;-inkscape-font-specification:Marcellus;fill:#3a5416;fill-opacity:1;fill-rule:evenodd;stroke:none;stroke-width:2.53877;stroke-linejoin:bevel;stroke-opacity:1;paint-order:stroke fill markers"
             transform="rotate(-25.60554)"
             aria-label="T" /></g><g
           id="g62"
           style="fill:#3a5416;fill-opacity:1;stroke:none;stroke-opacity:1"
           transform="matrix(1.4113474,0,0,1.4113474,1438.9354,285.51925)"><path
             d="m 146.37399,116.87328 q 0.18063,-0.6322 0.33116,-1.56546 0.15052,-0.93325 0.27094,-2.31807 0.12042,-1.38483 0.18063,-3.28143 0.0602,-1.92672 0.0602,-4.48563 V 85.62441 q 0,-2.558915 -0.0602,-4.455523 -0.0602,-1.926712 -0.18063,-3.311537 -0.12042,-1.414929 -0.27094,-2.348181 -0.15053,-0.933251 -0.33116,-1.565454 v -0.120419 h 7.19507 v 0.120419 q -0.18063,0.632203 -0.36126,1.565454 -0.15052,0.933252 -0.27094,2.348181 -0.0903,1.384825 -0.18063,3.311537 -0.0602,1.896608 -0.0602,4.455523 v 19.59828 q 0,2.55891 0.0602,4.48563 0.0903,1.8966 0.18063,3.28143 0.12042,1.38482 0.27094,2.31807 0.18063,0.93326 0.36126,1.56546 v 0.12042 h -7.19507 z"
             id="path61"
             style="font-size:61.6548px;font-family:Marcellus;-inkscape-font-specification:Marcellus;fill:#3a5416;fill-opacity:1;fill-rule:evenodd;stroke:none;stroke-width:2.53877;stroke-linejoin:bevel;stroke-opacity:1;paint-order:stroke fill markers"
             transform="rotate(18.055612)"
             aria-label="I" /><path
             d="m 36.750166,145.69642 q -3.552376,0 -6.41234,0.33115 -2.859964,0.30105 -4.937201,0.66231 -2.408391,0.45157 -4.304998,0.99346 l 0.873041,-4.87699 q 0.361259,0.0301 1.083776,0.0602 0.722517,0.0301 1.595559,0.0602 0.903147,0.0301 1.866503,0.0602 0.993461,0 1.866503,0.0301 0.873041,0 1.535349,0.0301 0.692412,0 0.993461,0 h 17.189888 q 0.301049,0 0.963356,0 0.692412,-0.0301 1.565454,-0.0301 0.873042,-0.0301 1.836398,-0.0301 0.993461,-0.0301 1.866503,-0.0602 0.903146,-0.0301 1.625663,-0.0602 0.722518,-0.0301 1.083776,-0.0602 l 0.873042,4.87699 q -1.926713,-0.54189 -4.335103,-0.99346 -2.077237,-0.36126 -4.937201,-0.66231 -2.859964,-0.33115 -6.41234,-0.33115 v 28.75016 q 0,2.55892 0.06021,4.48563 0.09031,1.89661 0.18063,3.28143 0.120419,1.38483 0.270944,2.31808 0.180629,0.93325 0.361258,1.56545 v 0.12042 H 35.90723 v -0.12042 q 0.18063,-0.6322 0.331154,-1.56545 0.150524,-0.93325 0.270944,-2.31808 0.120419,-1.38482 0.180629,-3.28143 0.06021,-1.92671 0.06021,-4.48563 z"
             id="path62"
             style="font-size:61.6548px;font-family:Marcellus;-inkscape-font-specification:Marcellus;fill:#3a5416;fill-opacity:1;fill-rule:evenodd;stroke:none;stroke-width:2.53877;stroke-linejoin:bevel;stroke-opacity:1;paint-order:stroke fill markers"
             transform="rotate(-25.60554)"
             aria-label="T" /></g><g
           id="g64"
           style="fill:#3a5416;fill-opacity:1;stroke:none;stroke-opacity:1"
           transform="matrix(1.4113474,0,0,1.4113474,1507.5579,285.51925)"><path
             d="m 146.37399,116.87328 q 0.18063,-0.6322 0.33116,-1.56546 0.15052,-0.93325 0.27094,-2.31807 0.12042,-1.38483 0.18063,-3.28143 0.0602,-1.92672 0.0602,-4.48563 V 85.62441 q 0,-2.558915 -0.0602,-4.455523 -0.0602,-1.926712 -0.18063,-3.311537 -0.12042,-1.414929 -0.27094,-2.348181 -0.15053,-0.933251 -0.33116,-1.565454 v -0.120419 h 7.19507 v 0.120419 q -0.18063,0.632203 -0.36126,1.565454 -0.15052,0.933252 -0.27094,2.348181 -0.0903,1.384825 -0.18063,3.311537 -0.0602,1.896608 -0.0602,4.455523 v 19.59828 q 0,2.55891 0.0602,4.48563 0.0903,1.8966 0.18063,3.28143 0.12042,1.38482 0.27094,2.31807 0.18063,0.93326 0.36126,1.56546 v 0.12042 h -7.19507 z"
             id="path63"
             style="font-size:61.6548px;font-family:Marcellus;-inkscape-font-specification:Marcellus;fill:#3a5416;fill-opacity:1;fill-rule:evenodd;stroke:none;stroke-width:2.53877;stroke-linejoin:bevel;stroke-opacity:1;paint-order:stroke fill markers"
             transform="rotate(18.055612)"
             aria-label="I" /><path
             d="m 36.750166,145.69642 q -3.552376,0 -6.41234,0.33115 -2.859964,0.30105 -4.937201,0.66231 -2.408391,0.45157 -4.304998,0.99346 l 0.873041,-4.87699 q 0.361259,0.0301 1.083776,0.0602 0.722517,0.0301 1.595559,0.0602 0.903147,0.0301 1.866503,0.0602 0.993461,0 1.866503,0.0301 0.873041,0 1.535349,0.0301 0.692412,0 0.993461,0 h 17.189888 q 0.301049,0 0.963356,0 0.692412,-0.0301 1.565454,-0.0301 0.873042,-0.0301 1.836398,-0.0301 0.993461,-0.0301 1.866503,-0.0602 0.903146,-0.0301 1.625663,-0.0602 0.722518,-0.0301 1.083776,-0.0602 l 0.873042,4.87699 q -1.926713,-0.54189 -4.335103,-0.99346 -2.077237,-0.36126 -4.937201,-0.66231 -2.859964,-0.33115 -6.41234,-0.33115 v 28.75016 q 0,2.55892 0.06021,4.48563 0.09031,1.89661 0.18063,3.28143 0.120419,1.38483 0.270944,2.31808 0.180629,0.93325 0.361258,1.56545 v 0.12042 H 35.90723 v -0.12042 q 0.18063,-0.6322 0.331154,-1.56545 0.150524,-0.93325 0.270944,-2.31808 0.120419,-1.38482 0.180629,-3.28143 0.06021,-1.92671 0.06021,-4.48563 z"
             id="path64"
             style="font-size:61.6548px;font-family:Marcellus;-inkscape-font-specification:Marcellus;fill:#3a5416;fill-opacity:1;fill-rule:evenodd;stroke:none;stroke-width:2.53877;stroke-linejoin:bevel;stroke-opacity:1;paint-order:stroke fill markers"
             transform="rotate(-25.60554)"
             aria-label="T" /></g><g
           id="g66"
           style="fill:#3a5416;fill-opacity:1;stroke:none;stroke-opacity:1"
           transform="matrix(1.4113474,0,0,1.4113474,1439.751,362.08849)"><path
             d="m 146.37399,116.87328 q 0.18063,-0.6322 0.33116,-1.56546 0.15052,-0.93325 0.27094,-2.31807 0.12042,-1.38483 0.18063,-3.28143 0.0602,-1.92672 0.0602,-4.48563 V 85.62441 q 0,-2.558915 -0.0602,-4.455523 -0.0602,-1.926712 -0.18063,-3.311537 -0.12042,-1.414929 -0.27094,-2.348181 -0.15053,-0.933251 -0.33116,-1.565454 v -0.120419 h 7.19507 v 0.120419 q -0.18063,0.632203 -0.36126,1.565454 -0.15052,0.933252 -0.27094,2.348181 -0.0903,1.384825 -0.18063,3.311537 -0.0602,1.896608 -0.0602,4.455523 v 19.59828 q 0,2.55891 0.0602,4.48563 0.0903,1.8966 0.18063,3.28143 0.12042,1.38482 0.27094,2.31807 0.18063,0.93326 0.36126,1.56546 v 0.12042 h -7.19507 z"
             id="path65"
             style="font-size:61.6548px;font-family:Marcellus;-inkscape-font-specification:Marcellus;fill:#3a5416;fill-opacity:1;fill-rule:evenodd;stroke:none;stroke-width:2.53877;stroke-linejoin:bevel;stroke-opacity:1;paint-order:stroke fill markers"
             transform="rotate(18.055612)"
             aria-label="I" /><path
             d="m 36.750166,145.69642 q -3.552376,0 -6.41234,0.33115 -2.859964,0.30105 -4.937201,0.66231 -2.408391,0.45157 -4.304998,0.99346 l 0.873041,-4.87699 q 0.361259,0.0301 1.083776,0.0602 0.722517,0.0301 1.595559,0.0602 0.903147,0.0301 1.866503,0.0602 0.993461,0 1.866503,0.0301 0.873041,0 1.535349,0.0301 0.692412,0 0.993461,0 h 17.189888 q 0.301049,0 0.963356,0 0.692412,-0.0301 1.565454,-0.0301 0.873042,-0.0301 1.836398,-0.0301 0.993461,-0.0301 1.866503,-0.0602 0.903146,-0.0301 1.625663,-0.0602 0.722518,-0.0301 1.083776,-0.0602 l 0.873042,4.87699 q -1.926713,-0.54189 -4.335103,-0.99346 -2.077237,-0.36126 -4.937201,-0.66231 -2.859964,-0.33115 -6.41234,-0.33115 v 28.75016 q 0,2.55892 0.06021,4.48563 0.09031,1.89661 0.18063,3.28143 0.120419,1.38483 0.270944,2.31808 0.180629,0.93325 0.361258,1.56545 v 0.12042 H 35.90723 v -0.12042 q 0.18063,-0.6322 0.331154,-1.56545 0.150524,-0.93325 0.270944,-2.31808 0.120419,-1.38482 0.180629,-3.28143 0.06021,-1.92671 0.06021,-4.48563 z"
             id="path66"
             style="font-size:61.6548px;font-family:Marcellus;-inkscape-font-specification:Marcellus;fill:#3a5416;fill-opacity:1;fill-rule:evenodd;stroke:none;stroke-width:2.53877;stroke-linejoin:bevel;stroke-opacity:1;paint-order:stroke fill markers"
             transform="rotate(-25.60554)"
             aria-label="T" /></g><g
           id="g68"
           style="fill:#3a5416;fill-opacity:1;stroke:none;stroke-opacity:1"
           transform="matrix(1.4113474,0,0,1.4113474,1508.3735,362.08849)"><path
             d="m 146.37399,116.87328 q 0.18063,-0.6322 0.33116,-1.56546 0.15052,-0.93325 0.27094,-2.31807 0.12042,-1.38483 0.18063,-3.28143 0.0602,-1.92672 0.0602,-4.48563 V 85.62441 q 0,-2.558915 -0.0602,-4.455523 -0.0602,-1.926712 -0.18063,-3.311537 -0.12042,-1.414929 -0.27094,-2.348181 -0.15053,-0.933251 -0.33116,-1.565454 v -0.120419 h 7.19507 v 0.120419 q -0.18063,0.632203 -0.36126,1.565454 -0.15052,0.933252 -0.27094,2.348181 -0.0903,1.384825 -0.18063,3.311537 -0.0602,1.896608 -0.0602,4.455523 v 19.59828 q 0,2.55891 0.0602,4.48563 0.0903,1.8966 0.18063,3.28143 0.12042,1.38482 0.27094,2.31807 0.18063,0.93326 0.36126,1.56546 v 0.12042 h -7.19507 z"
             id="path67"
             style="font-size:61.6548px;font-family:Marcellus;-inkscape-font-specification:Marcellus;fill:#3a5416;fill-opacity:1;fill-rule:evenodd;stroke:none;stroke-width:2.53877;stroke-linejoin:bevel;stroke-opacity:1;paint-order:stroke fill markers"
             transform="rotate(18.055612)"
             aria-label="I" /><path
             d="m 36.750166,145.69642 q -3.552376,0 -6.41234,0.33115 -2.859964,0.30105 -4.937201,0.66231 -2.408391,0.45157 -4.304998,0.99346 l 0.873041,-4.87699 q 0.361259,0.0301 1.083776,0.0602 0.722517,0.0301 1.595559,0.0602 0.903147,0.0301 1.866503,0.0602 0.993461,0 1.866503,0.0301 0.873041,0 1.535349,0.0301 0.692412,0 0.993461,0 h 17.189888 q 0.301049,0 0.963356,0 0.692412,-0.0301 1.565454,-0.0301 0.873042,-0.0301 1.836398,-0.0301 0.993461,-0.0301 1.866503,-0.0602 0.903146,-0.0301 1.625663,-0.0602 0.722518,-0.0301 1.083776,-0.0602 l 0.873042,4.87699 q -1.926713,-0.54189 -4.335103,-0.99346 -2.077237,-0.36126 -4.937201,-0.66231 -2.859964,-0.33115 -6.41234,-0.33115 v 28.75016 q 0,2.55892 0.06021,4.48563 0.09031,1.89661 0.18063,3.28143 0.120419,1.38483 0.270944,2.31808 0.180629,0.93325 0.361258,1.56545 v 0.12042 H 35.90723 v -0.12042 q 0.18063,-0.6322 0.331154,-1.56545 0.150524,-0.93325 0.270944,-2.31808 0.120419,-1.38482 0.180629,-3.28143 0.06021,-1.92671 0.06021,-4.48563 z"
             id="path68"
             style="font-size:61.6548px;font-family:Marcellus;-inkscape-font-specification:Marcellus;fill:#3a5416;fill-opacity:1;fill-rule:evenodd;stroke:none;stroke-width:2.53877;stroke-linejoin:bevel;stroke-opacity:1;paint-order:stroke fill markers"
             transform="rotate(-25.60554)"
             aria-label="T" /></g><g
           id="g70"
           style="fill:#3a5416;fill-opacity:1;stroke:none;stroke-opacity:1"
           transform="matrix(1.4113474,0,0,1.4113474,1438.9354,285.51925)"><path
             d="m 146.37399,116.87328 q 0.18063,-0.6322 0.33116,-1.56546 0.15052,-0.93325 0.27094,-2.31807 0.12042,-1.38483 0.18063,-3.28143 0.0602,-1.92672 0.0602,-4.48563 V 85.62441 q 0,-2.558915 -0.0602,-4.455523 -0.0602,-1.926712 -0.18063,-3.311537 -0.12042,-1.414929 -0.27094,-2.348181 -0.15053,-0.933251 -0.33116,-1.565454 v -0.120419 h 7.19507 v 0.120419 q -0.18063,0.632203 -0.36126,1.565454 -0.15052,0.933252 -0.27094,2.348181 -0.0903,1.384825 -0.18063,3.311537 -0.0602,1.896608 -0.0602,4.455523 v 19.59828 q 0,2.55891 0.0602,4.48563 0.0903,1.8966 0.18063,3.28143 0.12042,1.38482 0.27094,2.31807 0.18063,0.93326 0.36126,1.56546 v 0.12042 h -7.19507 z"
             id="path69"
             style="font-size:61.6548px;font-family:Marcellus;-inkscape-font-specification:Marcellus;fill:#3a5416;fill-opacity:1;fill-rule:evenodd;stroke:none;stroke-width:2.53877;stroke-linejoin:bevel;stroke-opacity:1;paint-order:stroke fill markers"
             transform="rotate(18.055612)"
             aria-label="I" /><path
             d="m 36.750166,145.69642 q -3.552376,0 -6.41234,0.33115 -2.859964,0.30105 -4.937201,0.66231 -2.408391,0.45157 -4.304998,0.99346 l 0.873041,-4.87699 q 0.361259,0.0301 1.083776,0.0602 0.722517,0.0301 1.595559,0.0602 0.903147,0.0301 1.866503,0.0602 0.993461,0 1.866503,0.0301 0.873041,0 1.535349,0.0301 0.692412,0 0.993461,0 h 17.189888 q 0.301049,0 0.963356,0 0.692412,-0.0301 1.565454,-0.0301 0.873042,-0.0301 1.836398,-0.0301 0.993461,-0.0301 1.866503,-0.0602 0.903146,-0.0301 1.625663,-0.0602 0.722518,-0.0301 1.083776,-0.0602 l 0.873042,4.87699 q -1.926713,-0.54189 -4.335103,-0.99346 -2.077237,-0.36126 -4.937201,-0.66231 -2.859964,-0.33115 -6.41234,-0.33115 v 28.75016 q 0,2.55892 0.06021,4.48563 0.09031,1.89661 0.18063,3.28143 0.120419,1.38483 0.270944,2.31808 0.180629,0.93325 0.361258,1.56545 v 0.12042 H 35.90723 v -0.12042 q 0.18063,-0.6322 0.331154,-1.56545 0.150524,-0.93325 0.270944,-2.31808 0.120419,-1.38482 0.180629,-3.28143 0.06021,-1.92671 0.06021,-4.48563 z"
             id="path70"
             style="font-size:61.6548px;font-family:Marcellus;-inkscape-font-specification:Marcellus;fill:#3a5416;fill-opacity:1;fill-rule:evenodd;stroke:none;stroke-width:2.53877;stroke-linejoin:bevel;stroke-opacity:1;paint-order:stroke fill markers"
             transform="rotate(-25.60554)"
             aria-label="T" /></g><g
           id="g72"
           style="fill:#3a5416;fill-opacity:1;stroke:none;stroke-opacity:1"
           transform="matrix(1.4113474,0,0,1.4113474,1507.5579,285.51925)"><path
             d="m 146.37399,116.87328 q 0.18063,-0.6322 0.33116,-1.56546 0.15052,-0.93325 0.27094,-2.31807 0.12042,-1.38483 0.18063,-3.28143 0.0602,-1.92672 0.0602,-4.48563 V 85.62441 q 0,-2.558915 -0.0602,-4.455523 -0.0602,-1.926712 -0.18063,-3.311537 -0.12042,-1.414929 -0.27094,-2.348181 -0.15053,-0.933251 -0.33116,-1.565454 v -0.120419 h 7.19507 v 0.120419 q -0.18063,0.632203 -0.36126,1.565454 -0.15052,0.933252 -0.27094,2.348181 -0.0903,1.384825 -0.18063,3.311537 -0.0602,1.896608 -0.0602,4.455523 v 19.59828 q 0,2.55891 0.0602,4.48563 0.0903,1.8966 0.18063,3.28143 0.12042,1.38482 0.27094,2.31807 0.18063,0.93326 0.36126,1.56546 v 0.12042 h -7.19507 z"
             id="path71"
             style="font-size:61.6548px;font-family:Marcellus;-inkscape-font-specification:Marcellus;fill:#3a5416;fill-opacity:1;fill-rule:evenodd;stroke:none;stroke-width:2.53877;stroke-linejoin:bevel;stroke-opacity:1;paint-order:stroke fill markers"
             transform="rotate(18.055612)"
             aria-label="I" /><path
             d="m 36.750166,145.69642 q -3.552376,0 -6.41234,0.33115 -2.859964,0.30105 -4.937201,0.66231 -2.408391,0.45157 -4.304998,0.99346 l 0.873041,-4.87699 q 0.361259,0.0301 1.083776,0.0602 0.722517,0.0301 1.595559,0.0602 0.903147,0.0301 1.866503,0.0602 0.993461,0 1.866503,0.0301 0.873041,0 1.535349,0.0301 0.692412,0 0.993461,0 h 17.189888 q 0.301049,0 0.963356,0 0.692412,-0.0301 1.565454,-0.0301 0.873042,-0.0301 1.836398,-0.0301 0.993461,-0.0301 1.866503,-0.0602 0.903146,-0.0301 1.625663,-0.0602 0.722518,-0.0301 1.083776,-0.0602 l 0.873042,4.87699 q -1.926713,-0.54189 -4.335103,-0.99346 -2.077237,-0.36126 -4.937201,-0.66231 -2.859964,-0.33115 -6.41234,-0.33115 v 28.75016 q 0,2.55892 0.06021,4.48563 0.09031,1.89661 0.18063,3.28143 0.120419,1.38483 0.270944,2.31808 0.180629,0.93325 0.361258,1.56545 v 0.12042 H 35.90723 v -0.12042 q 0.18063,-0.6322 0.331154,-1.56545 0.150524,-0.93325 0.270944,-2.31808 0.120419,-1.38482 0.180629,-3.28143 0.06021,-1.92671 0.06021,-4.48563 z"
             id="path72"
             style="font-size:61.6548px;font-family:Marcellus;-inkscape-font-specification:Marcellus;fill:#3a5416;fill-opacity:1;fill-rule:evenodd;stroke:none;stroke-width:2.53877;stroke-linejoin:bevel;stroke-opacity:1;paint-order:stroke fill markers"
             transform="rotate(-25.60554)"
             aria-label="T" /></g><g
           id="g74"
           style="fill:#3a5416;fill-opacity:1;stroke:none;stroke-opacity:1"
           transform="matrix(1.4113474,0,0,1.4113474,1439.751,362.08849)"><path
             d="m 146.37399,116.87328 q 0.18063,-0.6322 0.33116,-1.56546 0.15052,-0.93325 0.27094,-2.31807 0.12042,-1.38483 0.18063,-3.28143 0.0602,-1.92672 0.0602,-4.48563 V 85.62441 q 0,-2.558915 -0.0602,-4.455523 -0.0602,-1.926712 -0.18063,-3.311537 -0.12042,-1.414929 -0.27094,-2.348181 -0.15053,-0.933251 -0.33116,-1.565454 v -0.120419 h 7.19507 v 0.120419 q -0.18063,0.632203 -0.36126,1.565454 -0.15052,0.933252 -0.27094,2.348181 -0.0903,1.384825 -0.18063,3.311537 -0.0602,1.896608 -0.0602,4.455523 v 19.59828 q 0,2.55891 0.0602,4.48563 0.0903,1.8966 0.18063,3.28143 0.12042,1.38482 0.27094,2.31807 0.18063,0.93326 0.36126,1.56546 v 0.12042 h -7.19507 z"
             id="path73"
             style="font-size:61.6548px;font-family:Marcellus;-inkscape-font-specification:Marcellus;fill:#3a5416;fill-opacity:1;fill-rule:evenodd;stroke:none;stroke-width:2.53877;stroke-linejoin:bevel;stroke-opacity:1;paint-order:stroke fill markers"
             transform="rotate(18.055612)"
             aria-label="I" /><path
             d="m 36.750166,145.69642 q -3.552376,0 -6.41234,0.33115 -2.859964,0.30105 -4.937201,0.66231 -2.408391,0.45157 -4.304998,0.99346 l 0.873041,-4.87699 q 0.361259,0.0301 1.083776,0.0602 0.722517,0.0301 1.595559,0.0602 0.903147,0.0301 1.866503,0.0602 0.993461,0 1.866503,0.0301 0.873041,0 1.535349,0.0301 0.692412,0 0.993461,0 h 17.189888 q 0.301049,0 0.963356,0 0.692412,-0.0301 1.565454,-0.0301 0.873042,-0.0301 1.836398,-0.0301 0.993461,-0.0301 1.866503,-0.0602 0.903146,-0.0301 1.625663,-0.0602 0.722518,-0.0301 1.083776,-0.0602 l 0.873042,4.87699 q -1.926713,-0.54189 -4.335103,-0.99346 -2.077237,-0.36126 -4.937201,-0.66231 -2.859964,-0.33115 -6.41234,-0.33115 v 28.75016 q 0,2.55892 0.06021,4.48563 0.09031,1.89661 0.18063,3.28143 0.120419,1.38483 0.270944,2.31808 0.180629,0.93325 0.361258,1.56545 v 0.12042 H 35.90723 v -0.12042 q 0.18063,-0.6322 0.331154,-1.56545 0.150524,-0.93325 0.270944,-2.31808 0.120419,-1.38482 0.180629,-3.28143 0.06021,-1.92671 0.06021,-4.48563 z"
             id="path74"
             style="font-size:61.6548px;font-family:Marcellus;-inkscape-font-specification:Marcellus;fill:#3a5416;fill-opacity:1;fill-rule:evenodd;stroke:none;stroke-width:2.53877;stroke-linejoin:bevel;stroke-opacity:1;paint-order:stroke fill markers"
             transform="rotate(-25.60554)"
             aria-label="T" /></g><g
           id="g76"
           style="fill:#3a5416;fill-opacity:1;stroke:none;stroke-opacity:1"
           transform="matrix(1.4113474,0,0,1.4113474,1508.3735,362.08849)"><path
             d="m 146.37399,116.87328 q 0.18063,-0.6322 0.33116,-1.56546 0.15052,-0.93325 0.27094,-2.31807 0.12042,-1.38483 0.18063,-3.28143 0.0602,-1.92672 0.0602,-4.48563 V 85.62441 q 0,-2.558915 -0.0602,-4.455523 -0.0602,-1.926712 -0.18063,-3.311537 -0.12042,-1.414929 -0.27094,-2.348181 -0.15053,-0.933251 -0.33116,-1.565454 v -0.120419 h 7.19507 v 0.120419 q -0.18063,0.632203 -0.36126,1.565454 -0.15052,0.933252 -0.27094,2.348181 -0.0903,1.384825 -0.18063,3.311537 -0.0602,1.896608 -0.0602,4.455523 v 19.59828 q 0,2.55891 0.0602,4.48563 0.0903,1.8966 0.18063,3.28143 0.12042,1.38482 0.27094,2.31807 0.18063,0.93326 0.36126,1.56546 v 0.12042 h -7.19507 z"
             id="path75"
             style="font-size:61.6548px;font-family:Marcellus;-inkscape-font-specification:Marcellus;fill:#3a5416;fill-opacity:1;fill-rule:evenodd;stroke:none;stroke-width:2.53877;stroke-linejoin:bevel;stroke-opacity:1;paint-order:stroke fill markers"
             transform="rotate(18.055612)"
             aria-label="I" /><path
             d="m 36.750166,145.69642 q -3.552376,0 -6.41234,0.33115 -2.859964,0.30105 -4.937201,0.66231 -2.408391,0.45157 -4.304998,0.99346 l 0.873041,-4.87699 q 0.361259,0.0301 1.083776,0.0602 0.722517,0.0301 1.595559,0.0602 0.903147,0.0301 1.866503,0.0602 0.993461,0 1.866503,0.0301 0.873041,0 1.535349,0.0301 0.692412,0 0.993461,0 h 17.189888 q 0.301049,0 0.963356,0 0.692412,-0.0301 1.565454,-0.0301 0.873042,-0.0301 1.836398,-0.0301 0.993461,-0.0301 1.866503,-0.0602 0.903146,-0.0301 1.625663,-0.0602 0.722518,-0.0301 1.083776,-0.0602 l 0.873042,4.87699 q -1.926713,-0.54189 -4.335103,-0.99346 -2.077237,-0.36126 -4.937201,-0.66231 -2.859964,-0.33115 -6.41234,-0.33115 v 28.75016 q 0,2.55892 0.06021,4.48563 0.09031,1.89661 0.18063,3.28143 0.120419,1.38483 0.270944,2.31808 0.180629,0.93325 0.361258,1.56545 v 0.12042 H 35.90723 v -0.12042 q 0.18063,-0.6322 0.331154,-1.56545 0.150524,-0.93325 0.270944,-2.31808 0.120419,-1.38482 0.180629,-3.28143 0.06021,-1.92671 0.06021,-4.48563 z"
             id="path76"
             style="font-size:61.6548px;font-family:Marcellus;-inkscape-font-specification:Marcellus;fill:#3a5416;fill-opacity:1;fill-rule:evenodd;stroke:none;stroke-width:2.53877;stroke-linejoin:bevel;stroke-opacity:1;paint-order:stroke fill markers"
             transform="rotate(-25.60554)"
             aria-label="T" /></g><g
           id="g78"
           style="fill:#3a5416;fill-opacity:1;stroke:none;stroke-opacity:1"
           transform="matrix(1.4113474,0,0,1.4113474,1575.5713,285.51925)"><path
             d="m 146.37399,116.87328 q 0.18063,-0.6322 0.33116,-1.56546 0.15052,-0.93325 0.27094,-2.31807 0.12042,-1.38483 0.18063,-3.28143 0.0602,-1.92672 0.0602,-4.48563 V 85.62441 q 0,-2.558915 -0.0602,-4.455523 -0.0602,-1.926712 -0.18063,-3.311537 -0.12042,-1.414929 -0.27094,-2.348181 -0.15053,-0.933251 -0.33116,-1.565454 v -0.120419 h 7.19507 v 0.120419 q -0.18063,0.632203 -0.36126,1.565454 -0.15052,0.933252 -0.27094,2.348181 -0.0903,1.384825 -0.18063,3.311537 -0.0602,1.896608 -0.0602,4.455523 v 19.59828 q 0,2.55891 0.0602,4.48563 0.0903,1.8966 0.18063,3.28143 0.12042,1.38482 0.27094,2.31807 0.18063,0.93326 0.36126,1.56546 v 0.12042 h -7.19507 z"
             id="path77"
             style="font-size:61.6548px;font-family:Marcellus;-inkscape-font-specification:Marcellus;fill:#3a5416;fill-opacity:1;fill-rule:evenodd;stroke:none;stroke-width:2.53877;stroke-linejoin:bevel;stroke-opacity:1;paint-order:stroke fill markers"
             transform="rotate(18.055612)"
             aria-label="I" /><path
             d="m 36.750166,145.69642 q -3.552376,0 -6.41234,0.33115 -2.859964,0.30105 -4.937201,0.66231 -2.408391,0.45157 -4.304998,0.99346 l 0.873041,-4.87699 q 0.361259,0.0301 1.083776,0.0602 0.722517,0.0301 1.595559,0.0602 0.903147,0.0301 1.866503,0.0602 0.993461,0 1.866503,0.0301 0.873041,0 1.535349,0.0301 0.692412,0 0.993461,0 h 17.189888 q 0.301049,0 0.963356,0 0.692412,-0.0301 1.565454,-0.0301 0.873042,-0.0301 1.836398,-0.0301 0.993461,-0.0301 1.866503,-0.0602 0.903146,-0.0301 1.625663,-0.0602 0.722518,-0.0301 1.083776,-0.0602 l 0.873042,4.87699 q -1.926713,-0.54189 -4.335103,-0.99346 -2.077237,-0.36126 -4.937201,-0.66231 -2.859964,-0.33115 -6.41234,-0.33115 v 28.75016 q 0,2.55892 0.06021,4.48563 0.09031,1.89661 0.18063,3.28143 0.120419,1.38483 0.270944,2.31808 0.180629,0.93325 0.361258,1.56545 v 0.12042 H 35.90723 v -0.12042 q 0.18063,-0.6322 0.331154,-1.56545 0.150524,-0.93325 0.270944,-2.31808 0.120419,-1.38482 0.180629,-3.28143 0.06021,-1.92671 0.06021,-4.48563 z"
             id="path78"
             style="font-size:61.6548px;font-family:Marcellus;-inkscape-font-specification:Marcellus;fill:#3a5416;fill-opacity:1;fill-rule:evenodd;stroke:none;stroke-width:2.53877;stroke-linejoin:bevel;stroke-opacity:1;paint-order:stroke fill markers"
             transform="rotate(-25.60554)"
             aria-label="T" /></g><g
           id="g80"
           style="fill:#3a5416;fill-opacity:1;stroke:none;stroke-opacity:1"
           transform="matrix(1.4113474,0,0,1.4113474,1644.1938,285.51925)"><path
             d="m 146.37399,116.87328 q 0.18063,-0.6322 0.33116,-1.56546 0.15052,-0.93325 0.27094,-2.31807 0.12042,-1.38483 0.18063,-3.28143 0.0602,-1.92672 0.0602,-4.48563 V 85.62441 q 0,-2.558915 -0.0602,-4.455523 -0.0602,-1.926712 -0.18063,-3.311537 -0.12042,-1.414929 -0.27094,-2.348181 -0.15053,-0.933251 -0.33116,-1.565454 v -0.120419 h 7.19507 v 0.120419 q -0.18063,0.632203 -0.36126,1.565454 -0.15052,0.933252 -0.27094,2.348181 -0.0903,1.384825 -0.18063,3.311537 -0.0602,1.896608 -0.0602,4.455523 v 19.59828 q 0,2.55891 0.0602,4.48563 0.0903,1.8966 0.18063,3.28143 0.12042,1.38482 0.27094,2.31807 0.18063,0.93326 0.36126,1.56546 v 0.12042 h -7.19507 z"
             id="path79"
             style="font-size:61.6548px;font-family:Marcellus;-inkscape-font-specification:Marcellus;fill:#3a5416;fill-opacity:1;fill-rule:evenodd;stroke:none;stroke-width:2.53877;stroke-linejoin:bevel;stroke-opacity:1;paint-order:stroke fill markers"
             transform="rotate(18.055612)"
             aria-label="I" /><path
             d="m 36.750166,145.69642 q -3.552376,0 -6.41234,0.33115 -2.859964,0.30105 -4.937201,0.66231 -2.408391,0.45157 -4.304998,0.99346 l 0.873041,-4.87699 q 0.361259,0.0301 1.083776,0.0602 0.722517,0.0301 1.595559,0.0602 0.903147,0.0301 1.866503,0.0602 0.993461,0 1.866503,0.0301 0.873041,0 1.535349,0.0301 0.692412,0 0.993461,0 h 17.189888 q 0.301049,0 0.963356,0 0.692412,-0.0301 1.565454,-0.0301 0.873042,-0.0301 1.836398,-0.0301 0.993461,-0.0301 1.866503,-0.0602 0.903146,-0.0301 1.625663,-0.0602 0.722518,-0.0301 1.083776,-0.0602 l 0.873042,4.87699 q -1.926713,-0.54189 -4.335103,-0.99346 -2.077237,-0.36126 -4.937201,-0.66231 -2.859964,-0.33115 -6.41234,-0.33115 v 28.75016 q 0,2.55892 0.06021,4.48563 0.09031,1.89661 0.18063,3.28143 0.120419,1.38483 0.270944,2.31808 0.180629,0.93325 0.361258,1.56545 v 0.12042 H 35.90723 v -0.12042 q 0.18063,-0.6322 0.331154,-1.56545 0.150524,-0.93325 0.270944,-2.31808 0.120419,-1.38482 0.180629,-3.28143 0.06021,-1.92671 0.06021,-4.48563 z"
             id="path80"
             style="font-size:61.6548px;font-family:Marcellus;-inkscape-font-specification:Marcellus;fill:#3a5416;fill-opacity:1;fill-rule:evenodd;stroke:none;stroke-width:2.53877;stroke-linejoin:bevel;stroke-opacity:1;paint-order:stroke fill markers"
             transform="rotate(-25.60554)"
             aria-label="T" /></g><g
           id="g82"
           style="fill:#3a5416;fill-opacity:1;stroke:none;stroke-opacity:1"
           transform="matrix(1.4113474,0,0,1.4113474,1576.3869,362.08849)"><path
             d="m 146.37399,116.87328 q 0.18063,-0.6322 0.33116,-1.56546 0.15052,-0.93325 0.27094,-2.31807 0.12042,-1.38483 0.18063,-3.28143 0.0602,-1.92672 0.0602,-4.48563 V 85.62441 q 0,-2.558915 -0.0602,-4.455523 -0.0602,-1.926712 -0.18063,-3.311537 -0.12042,-1.414929 -0.27094,-2.348181 -0.15053,-0.933251 -0.33116,-1.565454 v -0.120419 h 7.19507 v 0.120419 q -0.18063,0.632203 -0.36126,1.565454 -0.15052,0.933252 -0.27094,2.348181 -0.0903,1.384825 -0.18063,3.311537 -0.0602,1.896608 -0.0602,4.455523 v 19.59828 q 0,2.55891 0.0602,4.48563 0.0903,1.8966 0.18063,3.28143 0.12042,1.38482 0.27094,2.31807 0.18063,0.93326 0.36126,1.56546 v 0.12042 h -7.19507 z"
             id="path81"
             style="font-size:61.6548px;font-family:Marcellus;-inkscape-font-specification:Marcellus;fill:#3a5416;fill-opacity:1;fill-rule:evenodd;stroke:none;stroke-width:2.53877;stroke-linejoin:bevel;stroke-opacity:1;paint-order:stroke fill markers"
             transform="rotate(18.055612)"
             aria-label="I" /><path
             d="m 36.750166,145.69642 q -3.552376,0 -6.41234,0.33115 -2.859964,0.30105 -4.937201,0.66231 -2.408391,0.45157 -4.304998,0.99346 l 0.873041,-4.87699 q 0.361259,0.0301 1.083776,0.0602 0.722517,0.0301 1.595559,0.0602 0.903147,0.0301 1.866503,0.0602 0.993461,0 1.866503,0.0301 0.873041,0 1.535349,0.0301 0.692412,0 0.993461,0 h 17.189888 q 0.301049,0 0.963356,0 0.692412,-0.0301 1.565454,-0.0301 0.873042,-0.0301 1.836398,-0.0301 0.993461,-0.0301 1.866503,-0.0602 0.903146,-0.0301 1.625663,-0.0602 0.722518,-0.0301 1.083776,-0.0602 l 0.873042,4.87699 q -1.926713,-0.54189 -4.335103,-0.99346 -2.077237,-0.36126 -4.937201,-0.66231 -2.859964,-0.33115 -6.41234,-0.33115 v 28.75016 q 0,2.55892 0.06021,4.48563 0.09031,1.89661 0.18063,3.28143 0.120419,1.38483 0.270944,2.31808 0.180629,0.93325 0.361258,1.56545 v 0.12042 H 35.90723 v -0.12042 q 0.18063,-0.6322 0.331154,-1.56545 0.150524,-0.93325 0.270944,-2.31808 0.120419,-1.38482 0.180629,-3.28143 0.06021,-1.92671 0.06021,-4.48563 z"
             id="path82"
             style="font-size:61.6548px;font-family:Marcellus;-inkscape-font-specification:Marcellus;fill:#3a5416;fill-opacity:1;fill-rule:evenodd;stroke:none;stroke-width:2.53877;stroke-linejoin:bevel;stroke-opacity:1;paint-order:stroke fill markers"
             transform="rotate(-25.60554)"
             aria-label="T" /></g><g
           id="g84"
           style="fill:#3a5416;fill-opacity:1;stroke:none;stroke-opacity:1"
           transform="matrix(1.4113474,0,0,1.4113474,1645.0094,362.08849)"><path
             d="m 146.37399,116.87328 q 0.18063,-0.6322 0.33116,-1.56546 0.15052,-0.93325 0.27094,-2.31807 0.12042,-1.38483 0.18063,-3.28143 0.0602,-1.92672 0.0602,-4.48563 V 85.62441 q 0,-2.558915 -0.0602,-4.455523 -0.0602,-1.926712 -0.18063,-3.311537 -0.12042,-1.414929 -0.27094,-2.348181 -0.15053,-0.933251 -0.33116,-1.565454 v -0.120419 h 7.19507 v 0.120419 q -0.18063,0.632203 -0.36126,1.565454 -0.15052,0.933252 -0.27094,2.348181 -0.0903,1.384825 -0.18063,3.311537 -0.0602,1.896608 -0.0602,4.455523 v 19.59828 q 0,2.55891 0.0602,4.48563 0.0903,1.8966 0.18063,3.28143 0.12042,1.38482 0.27094,2.31807 0.18063,0.93326 0.36126,1.56546 v 0.12042 h -7.19507 z"
             id="path83"
             style="font-size:61.6548px;font-family:Marcellus;-inkscape-font-specification:Marcellus;fill:#3a5416;fill-opacity:1;fill-rule:evenodd;stroke:none;stroke-width:2.53877;stroke-linejoin:bevel;stroke-opacity:1;paint-order:stroke fill markers"
             transform="rotate(18.055612)"
             aria-label="I" /><path
             d="m 36.750166,145.69642 q -3.552376,0 -6.41234,0.33115 -2.859964,0.30105 -4.937201,0.66231 -2.408391,0.45157 -4.304998,0.99346 l 0.873041,-4.87699 q 0.361259,0.0301 1.083776,0.0602 0.722517,0.0301 1.595559,0.0602 0.903147,0.0301 1.866503,0.0602 0.993461,0 1.866503,0.0301 0.873041,0 1.535349,0.0301 0.692412,0 0.993461,0 h 17.189888 q 0.301049,0 0.963356,0 0.692412,-0.0301 1.565454,-0.0301 0.873042,-0.0301 1.836398,-0.0301 0.993461,-0.0301 1.866503,-0.0602 0.903146,-0.0301 1.625663,-0.0602 0.722518,-0.0301 1.083776,-0.0602 l 0.873042,4.87699 q -1.926713,-0.54189 -4.335103,-0.99346 -2.077237,-0.36126 -4.937201,-0.66231 -2.859964,-0.33115 -6.41234,-0.33115 v 28.75016 q 0,2.55892 0.06021,4.48563 0.09031,1.89661 0.18063,3.28143 0.120419,1.38483 0.270944,2.31808 0.180629,0.93325 0.361258,1.56545 v 0.12042 H 35.90723 v -0.12042 q 0.18063,-0.6322 0.331154,-1.56545 0.150524,-0.93325 0.270944,-2.31808 0.120419,-1.38482 0.180629,-3.28143 0.06021,-1.92671 0.06021,-4.48563 z"
             id="path84"
             style="font-size:61.6548px;font-family:Marcellus;-inkscape-font-specification:Marcellus;fill:#3a5416;fill-opacity:1;fill-rule:evenodd;stroke:none;stroke-width:2.53877;stroke-linejoin:bevel;stroke-opacity:1;paint-order:stroke fill markers"
             transform="rotate(-25.60554)"
             aria-label="T" /></g><g
           id="g86"
           style="fill:#3a5416;fill-opacity:1;stroke:none;stroke-opacity:1"
           transform="matrix(1.4113474,0,0,1.4113474,1575.5713,285.51925)"><path
             d="m 146.37399,116.87328 q 0.18063,-0.6322 0.33116,-1.56546 0.15052,-0.93325 0.27094,-2.31807 0.12042,-1.38483 0.18063,-3.28143 0.0602,-1.92672 0.0602,-4.48563 V 85.62441 q 0,-2.558915 -0.0602,-4.455523 -0.0602,-1.926712 -0.18063,-3.311537 -0.12042,-1.414929 -0.27094,-2.348181 -0.15053,-0.933251 -0.33116,-1.565454 v -0.120419 h 7.19507 v 0.120419 q -0.18063,0.632203 -0.36126,1.565454 -0.15052,0.933252 -0.27094,2.348181 -0.0903,1.384825 -0.18063,3.311537 -0.0602,1.896608 -0.0602,4.455523 v 19.59828 q 0,2.55891 0.0602,4.48563 0.0903,1.8966 0.18063,3.28143 0.12042,1.38482 0.27094,2.31807 0.18063,0.93326 0.36126,1.56546 v 0.12042 h -7.19507 z"
             id="path85"
             style="font-size:61.6548px;font-family:Marcellus;-inkscape-font-specification:Marcellus;fill:#3a5416;fill-opacity:1;fill-rule:evenodd;stroke:none;stroke-width:2.53877;stroke-linejoin:bevel;stroke-opacity:1;paint-order:stroke fill markers"
             transform="rotate(18.055612)"
             aria-label="I" /><path
             d="m 36.750166,145.69642 q -3.552376,0 -6.41234,0.33115 -2.859964,0.30105 -4.937201,0.66231 -2.408391,0.45157 -4.304998,0.99346 l 0.873041,-4.87699 q 0.361259,0.0301 1.083776,0.0602 0.722517,0.0301 1.595559,0.0602 0.903147,0.0301 1.866503,0.0602 0.993461,0 1.866503,0.0301 0.873041,0 1.535349,0.0301 0.692412,0 0.993461,0 h 17.189888 q 0.301049,0 0.963356,0 0.692412,-0.0301 1.565454,-0.0301 0.873042,-0.0301 1.836398,-0.0301 0.993461,-0.0301 1.866503,-0.0602 0.903146,-0.0301 1.625663,-0.0602 0.722518,-0.0301 1.083776,-0.0602 l 0.873042,4.87699 q -1.926713,-0.54189 -4.335103,-0.99346 -2.077237,-0.36126 -4.937201,-0.66231 -2.859964,-0.33115 -6.41234,-0.33115 v 28.75016 q 0,2.55892 0.06021,4.48563 0.09031,1.89661 0.18063,3.28143 0.120419,1.38483 0.270944,2.31808 0.180629,0.93325 0.361258,1.56545 v 0.12042 H 35.90723 v -0.12042 q 0.18063,-0.6322 0.331154,-1.56545 0.150524,-0.93325 0.270944,-2.31808 0.120419,-1.38482 0.180629,-3.28143 0.06021,-1.92671 0.06021,-4.48563 z"
             id="path86"
             style="font-size:61.6548px;font-family:Marcellus;-inkscape-font-specification:Marcellus;fill:#3a5416;fill-opacity:1;fill-rule:evenodd;stroke:none;stroke-width:2.53877;stroke-linejoin:bevel;stroke-opacity:1;paint-order:stroke fill markers"
             transform="rotate(-25.60554)"
             aria-label="T" /></g><g
           id="g209"
           style="fill:#3a5416;fill-opacity:1;stroke:none;stroke-opacity:1"
           transform="matrix(1.4113474,0,0,1.4113474,1644.1938,285.51925)"><path
             d="m 146.37399,116.87328 q 0.18063,-0.6322 0.33116,-1.56546 0.15052,-0.93325 0.27094,-2.31807 0.12042,-1.38483 0.18063,-3.28143 0.0602,-1.92672 0.0602,-4.48563 V 85.62441 q 0,-2.558915 -0.0602,-4.455523 -0.0602,-1.926712 -0.18063,-3.311537 -0.12042,-1.414929 -0.27094,-2.348181 -0.15053,-0.933251 -0.33116,-1.565454 v -0.120419 h 7.19507 v 0.120419 q -0.18063,0.632203 -0.36126,1.565454 -0.15052,0.933252 -0.27094,2.348181 -0.0903,1.384825 -0.18063,3.311537 -0.0602,1.896608 -0.0602,4.455523 v 19.59828 q 0,2.55891 0.0602,4.48563 0.0903,1.8966 0.18063,3.28143 0.12042,1.38482 0.27094,2.31807 0.18063,0.93326 0.36126,1.56546 v 0.12042 h -7.19507 z"
             id="path208"
             style="font-size:61.6548px;font-family:Marcellus;-inkscape-font-specification:Marcellus;fill:#3a5416;fill-opacity:1;fill-rule:evenodd;stroke:none;stroke-width:2.53877;stroke-linejoin:bevel;stroke-opacity:1;paint-order:stroke fill markers"
             transform="rotate(18.055612)"
             aria-label="I" /><path
             d="m 36.750166,145.69642 q -3.552376,0 -6.41234,0.33115 -2.859964,0.30105 -4.937201,0.66231 -2.408391,0.45157 -4.304998,0.99346 l 0.873041,-4.87699 q 0.361259,0.0301 1.083776,0.0602 0.722517,0.0301 1.595559,0.0602 0.903147,0.0301 1.866503,0.0602 0.993461,0 1.866503,0.0301 0.873041,0 1.535349,0.0301 0.692412,0 0.993461,0 h 17.189888 q 0.301049,0 0.963356,0 0.692412,-0.0301 1.565454,-0.0301 0.873042,-0.0301 1.836398,-0.0301 0.993461,-0.0301 1.866503,-0.0602 0.903146,-0.0301 1.625663,-0.0602 0.722518,-0.0301 1.083776,-0.0602 l 0.873042,4.87699 q -1.926713,-0.54189 -4.335103,-0.99346 -2.077237,-0.36126 -4.937201,-0.66231 -2.859964,-0.33115 -6.41234,-0.33115 v 28.75016 q 0,2.55892 0.06021,4.48563 0.09031,1.89661 0.18063,3.28143 0.120419,1.38483 0.270944,2.31808 0.180629,0.93325 0.361258,1.56545 v 0.12042 H 35.90723 v -0.12042 q 0.18063,-0.6322 0.331154,-1.56545 0.150524,-0.93325 0.270944,-2.31808 0.120419,-1.38482 0.180629,-3.28143 0.06021,-1.92671 0.06021,-4.48563 z"
             id="path209"
             style="font-size:61.6548px;font-family:Marcellus;-inkscape-font-specification:Marcellus;fill:#3a5416;fill-opacity:1;fill-rule:evenodd;stroke:none;stroke-width:2.53877;stroke-linejoin:bevel;stroke-opacity:1;paint-order:stroke fill markers"
             transform="rotate(-25.60554)"
             aria-label="T" /></g><g
           id="g211"
           style="fill:#3a5416;fill-opacity:1;stroke:none;stroke-opacity:1"
           transform="matrix(1.4113474,0,0,1.4113474,1576.3869,362.08849)"><path
             d="m 146.37399,116.87328 q 0.18063,-0.6322 0.33116,-1.56546 0.15052,-0.93325 0.27094,-2.31807 0.12042,-1.38483 0.18063,-3.28143 0.0602,-1.92672 0.0602,-4.48563 V 85.62441 q 0,-2.558915 -0.0602,-4.455523 -0.0602,-1.926712 -0.18063,-3.311537 -0.12042,-1.414929 -0.27094,-2.348181 -0.15053,-0.933251 -0.33116,-1.565454 v -0.120419 h 7.19507 v 0.120419 q -0.18063,0.632203 -0.36126,1.565454 -0.15052,0.933252 -0.27094,2.348181 -0.0903,1.384825 -0.18063,3.311537 -0.0602,1.896608 -0.0602,4.455523 v 19.59828 q 0,2.55891 0.0602,4.48563 0.0903,1.8966 0.18063,3.28143 0.12042,1.38482 0.27094,2.31807 0.18063,0.93326 0.36126,1.56546 v 0.12042 h -7.19507 z"
             id="path210"
             style="font-size:61.6548px;font-family:Marcellus;-inkscape-font-specification:Marcellus;fill:#3a5416;fill-opacity:1;fill-rule:evenodd;stroke:none;stroke-width:2.53877;stroke-linejoin:bevel;stroke-opacity:1;paint-order:stroke fill markers"
             transform="rotate(18.055612)"
             aria-label="I" /><path
             d="m 36.750166,145.69642 q -3.552376,0 -6.41234,0.33115 -2.859964,0.30105 -4.937201,0.66231 -2.408391,0.45157 -4.304998,0.99346 l 0.873041,-4.87699 q 0.361259,0.0301 1.083776,0.0602 0.722517,0.0301 1.595559,0.0602 0.903147,0.0301 1.866503,0.0602 0.993461,0 1.866503,0.0301 0.873041,0 1.535349,0.0301 0.692412,0 0.993461,0 h 17.189888 q 0.301049,0 0.963356,0 0.692412,-0.0301 1.565454,-0.0301 0.873042,-0.0301 1.836398,-0.0301 0.993461,-0.0301 1.866503,-0.0602 0.903146,-0.0301 1.625663,-0.0602 0.722518,-0.0301 1.083776,-0.0602 l 0.873042,4.87699 q -1.926713,-0.54189 -4.335103,-0.99346 -2.077237,-0.36126 -4.937201,-0.66231 -2.859964,-0.33115 -6.41234,-0.33115 v 28.75016 q 0,2.55892 0.06021,4.48563 0.09031,1.89661 0.18063,3.28143 0.120419,1.38483 0.270944,2.31808 0.180629,0.93325 0.361258,1.56545 v 0.12042 H 35.90723 v -0.12042 q 0.18063,-0.6322 0.331154,-1.56545 0.150524,-0.93325 0.270944,-2.31808 0.120419,-1.38482 0.180629,-3.28143 0.06021,-1.92671 0.06021,-4.48563 z"
             id="path211"
             style="font-size:61.6548px;font-family:Marcellus;-inkscape-font-specification:Marcellus;fill:#3a5416;fill-opacity:1;fill-rule:evenodd;stroke:none;stroke-width:2.53877;stroke-linejoin:bevel;stroke-opacity:1;paint-order:stroke fill markers"
             transform="rotate(-25.60554)"
             aria-label="T" /></g><g
           id="g213"
           style="fill:#3a5416;fill-opacity:1;stroke:none;stroke-opacity:1"
           transform="matrix(1.4113474,0,0,1.4113474,1645.0094,362.08849)"><path
             d="m 146.37399,116.87328 q 0.18063,-0.6322 0.33116,-1.56546 0.15052,-0.93325 0.27094,-2.31807 0.12042,-1.38483 0.18063,-3.28143 0.0602,-1.92672 0.0602,-4.48563 V 85.62441 q 0,-2.558915 -0.0602,-4.455523 -0.0602,-1.926712 -0.18063,-3.311537 -0.12042,-1.414929 -0.27094,-2.348181 -0.15053,-0.933251 -0.33116,-1.565454 v -0.120419 h 7.19507 v 0.120419 q -0.18063,0.632203 -0.36126,1.565454 -0.15052,0.933252 -0.27094,2.348181 -0.0903,1.384825 -0.18063,3.311537 -0.0602,1.896608 -0.0602,4.455523 v 19.59828 q 0,2.55891 0.0602,4.48563 0.0903,1.8966 0.18063,3.28143 0.12042,1.38482 0.27094,2.31807 0.18063,0.93326 0.36126,1.56546 v 0.12042 h -7.19507 z"
             id="path212"
             style="font-size:61.6548px;font-family:Marcellus;-inkscape-font-specification:Marcellus;fill:#3a5416;fill-opacity:1;fill-rule:evenodd;stroke:none;stroke-width:2.53877;stroke-linejoin:bevel;stroke-opacity:1;paint-order:stroke fill markers"
             transform="rotate(18.055612)"
             aria-label="I" /><path
             d="m 36.750166,145.69642 q -3.552376,0 -6.41234,0.33115 -2.859964,0.30105 -4.937201,0.66231 -2.408391,0.45157 -4.304998,0.99346 l 0.873041,-4.87699 q 0.361259,0.0301 1.083776,0.0602 0.722517,0.0301 1.595559,0.0602 0.903147,0.0301 1.866503,0.0602 0.993461,0 1.866503,0.0301 0.873041,0 1.535349,0.0301 0.692412,0 0.993461,0 h 17.189888 q 0.301049,0 0.963356,0 0.692412,-0.0301 1.565454,-0.0301 0.873042,-0.0301 1.836398,-0.0301 0.993461,-0.0301 1.866503,-0.0602 0.903146,-0.0301 1.625663,-0.0602 0.722518,-0.0301 1.083776,-0.0602 l 0.873042,4.87699 q -1.926713,-0.54189 -4.335103,-0.99346 -2.077237,-0.36126 -4.937201,-0.66231 -2.859964,-0.33115 -6.41234,-0.33115 v 28.75016 q 0,2.55892 0.06021,4.48563 0.09031,1.89661 0.18063,3.28143 0.120419,1.38483 0.270944,2.31808 0.180629,0.93325 0.361258,1.56545 v 0.12042 H 35.90723 v -0.12042 q 0.18063,-0.6322 0.331154,-1.56545 0.150524,-0.93325 0.270944,-2.31808 0.120419,-1.38482 0.180629,-3.28143 0.06021,-1.92671 0.06021,-4.48563 z"
             id="path213"
             style="font-size:61.6548px;font-family:Marcellus;-inkscape-font-specification:Marcellus;fill:#3a5416;fill-opacity:1;fill-rule:evenodd;stroke:none;stroke-width:2.53877;stroke-linejoin:bevel;stroke-opacity:1;paint-order:stroke fill markers"
             transform="rotate(-25.60554)"
             aria-label="T" /></g><g
           id="g215"
           style="fill:#3a5416;fill-opacity:1;stroke:none;stroke-opacity:1"
           transform="matrix(1.4113474,0,0,1.4113474,1438.9354,285.51925)"><path
             d="m 146.37399,116.87328 q 0.18063,-0.6322 0.33116,-1.56546 0.15052,-0.93325 0.27094,-2.31807 0.12042,-1.38483 0.18063,-3.28143 0.0602,-1.92672 0.0602,-4.48563 V 85.62441 q 0,-2.558915 -0.0602,-4.455523 -0.0602,-1.926712 -0.18063,-3.311537 -0.12042,-1.414929 -0.27094,-2.348181 -0.15053,-0.933251 -0.33116,-1.565454 v -0.120419 h 7.19507 v 0.120419 q -0.18063,0.632203 -0.36126,1.565454 -0.15052,0.933252 -0.27094,2.348181 -0.0903,1.384825 -0.18063,3.311537 -0.0602,1.896608 -0.0602,4.455523 v 19.59828 q 0,2.55891 0.0602,4.48563 0.0903,1.8966 0.18063,3.28143 0.12042,1.38482 0.27094,2.31807 0.18063,0.93326 0.36126,1.56546 v 0.12042 h -7.19507 z"
             id="path214"
             style="font-size:61.6548px;font-family:Marcellus;-inkscape-font-specification:Marcellus;fill:#3a5416;fill-opacity:1;fill-rule:evenodd;stroke:none;stroke-width:2.53877;stroke-linejoin:bevel;stroke-opacity:1;paint-order:stroke fill markers"
             transform="rotate(18.055612)"
             aria-label="I" /><path
             d="m 36.750166,145.69642 q -3.552376,0 -6.41234,0.33115 -2.859964,0.30105 -4.937201,0.66231 -2.408391,0.45157 -4.304998,0.99346 l 0.873041,-4.87699 q 0.361259,0.0301 1.083776,0.0602 0.722517,0.0301 1.595559,0.0602 0.903147,0.0301 1.866503,0.0602 0.993461,0 1.866503,0.0301 0.873041,0 1.535349,0.0301 0.692412,0 0.993461,0 h 17.189888 q 0.301049,0 0.963356,0 0.692412,-0.0301 1.565454,-0.0301 0.873042,-0.0301 1.836398,-0.0301 0.993461,-0.0301 1.866503,-0.0602 0.903146,-0.0301 1.625663,-0.0602 0.722518,-0.0301 1.083776,-0.0602 l 0.873042,4.87699 q -1.926713,-0.54189 -4.335103,-0.99346 -2.077237,-0.36126 -4.937201,-0.66231 -2.859964,-0.33115 -6.41234,-0.33115 v 28.75016 q 0,2.55892 0.06021,4.48563 0.09031,1.89661 0.18063,3.28143 0.120419,1.38483 0.270944,2.31808 0.180629,0.93325 0.361258,1.56545 v 0.12042 H 35.90723 v -0.12042 q 0.18063,-0.6322 0.331154,-1.56545 0.150524,-0.93325 0.270944,-2.31808 0.120419,-1.38482 0.180629,-3.28143 0.06021,-1.92671 0.06021,-4.48563 z"
             id="path215"
             style="font-size:61.6548px;font-family:Marcellus;-inkscape-font-specification:Marcellus;fill:#3a5416;fill-opacity:1;fill-rule:evenodd;stroke:none;stroke-width:2.53877;stroke-linejoin:bevel;stroke-opacity:1;paint-order:stroke fill markers"
             transform="rotate(-25.60554)"
             aria-label="T" /></g><g
           id="g217"
           style="fill:#3a5416;fill-opacity:1;stroke:none;stroke-opacity:1"
           transform="matrix(1.4113474,0,0,1.4113474,1507.5579,285.51925)"><path
             d="m 146.37399,116.87328 q 0.18063,-0.6322 0.33116,-1.56546 0.15052,-0.93325 0.27094,-2.31807 0.12042,-1.38483 0.18063,-3.28143 0.0602,-1.92672 0.0602,-4.48563 V 85.62441 q 0,-2.558915 -0.0602,-4.455523 -0.0602,-1.926712 -0.18063,-3.311537 -0.12042,-1.414929 -0.27094,-2.348181 -0.15053,-0.933251 -0.33116,-1.565454 v -0.120419 h 7.19507 v 0.120419 q -0.18063,0.632203 -0.36126,1.565454 -0.15052,0.933252 -0.27094,2.348181 -0.0903,1.384825 -0.18063,3.311537 -0.0602,1.896608 -0.0602,4.455523 v 19.59828 q 0,2.55891 0.0602,4.48563 0.0903,1.8966 0.18063,3.28143 0.12042,1.38482 0.27094,2.31807 0.18063,0.93326 0.36126,1.56546 v 0.12042 h -7.19507 z"
             id="path216"
             style="font-size:61.6548px;font-family:Marcellus;-inkscape-font-specification:Marcellus;fill:#3a5416;fill-opacity:1;fill-rule:evenodd;stroke:none;stroke-width:2.53877;stroke-linejoin:bevel;stroke-opacity:1;paint-order:stroke fill markers"
             transform="rotate(18.055612)"
             aria-label="I" /><path
             d="m 36.750166,145.69642 q -3.552376,0 -6.41234,0.33115 -2.859964,0.30105 -4.937201,0.66231 -2.408391,0.45157 -4.304998,0.99346 l 0.873041,-4.87699 q 0.361259,0.0301 1.083776,0.0602 0.722517,0.0301 1.595559,0.0602 0.903147,0.0301 1.866503,0.0602 0.993461,0 1.866503,0.0301 0.873041,0 1.535349,0.0301 0.692412,0 0.993461,0 h 17.189888 q 0.301049,0 0.963356,0 0.692412,-0.0301 1.565454,-0.0301 0.873042,-0.0301 1.836398,-0.0301 0.993461,-0.0301 1.866503,-0.0602 0.903146,-0.0301 1.625663,-0.0602 0.722518,-0.0301 1.083776,-0.0602 l 0.873042,4.87699 q -1.926713,-0.54189 -4.335103,-0.99346 -2.077237,-0.36126 -4.937201,-0.66231 -2.859964,-0.33115 -6.41234,-0.33115 v 28.75016 q 0,2.55892 0.06021,4.48563 0.09031,1.89661 0.18063,3.28143 0.120419,1.38483 0.270944,2.31808 0.180629,0.93325 0.361258,1.56545 v 0.12042 H 35.90723 v -0.12042 q 0.18063,-0.6322 0.331154,-1.56545 0.150524,-0.93325 0.270944,-2.31808 0.120419,-1.38482 0.180629,-3.28143 0.06021,-1.92671 0.06021,-4.48563 z"
             id="path217"
             style="font-size:61.6548px;font-family:Marcellus;-inkscape-font-specification:Marcellus;fill:#3a5416;fill-opacity:1;fill-rule:evenodd;stroke:none;stroke-width:2.53877;stroke-linejoin:bevel;stroke-opacity:1;paint-order:stroke fill markers"
             transform="rotate(-25.60554)"
             aria-label="T" /></g><g
           id="g219"
           style="fill:#3a5416;fill-opacity:1;stroke:none;stroke-opacity:1"
           transform="matrix(1.4113474,0,0,1.4113474,1439.751,362.08849)"><path
             d="m 146.37399,116.87328 q 0.18063,-0.6322 0.33116,-1.56546 0.15052,-0.93325 0.27094,-2.31807 0.12042,-1.38483 0.18063,-3.28143 0.0602,-1.92672 0.0602,-4.48563 V 85.62441 q 0,-2.558915 -0.0602,-4.455523 -0.0602,-1.926712 -0.18063,-3.311537 -0.12042,-1.414929 -0.27094,-2.348181 -0.15053,-0.933251 -0.33116,-1.565454 v -0.120419 h 7.19507 v 0.120419 q -0.18063,0.632203 -0.36126,1.565454 -0.15052,0.933252 -0.27094,2.348181 -0.0903,1.384825 -0.18063,3.311537 -0.0602,1.896608 -0.0602,4.455523 v 19.59828 q 0,2.55891 0.0602,4.48563 0.0903,1.8966 0.18063,3.28143 0.12042,1.38482 0.27094,2.31807 0.18063,0.93326 0.36126,1.56546 v 0.12042 h -7.19507 z"
             id="path218"
             style="font-size:61.6548px;font-family:Marcellus;-inkscape-font-specification:Marcellus;fill:#3a5416;fill-opacity:1;fill-rule:evenodd;stroke:none;stroke-width:2.53877;stroke-linejoin:bevel;stroke-opacity:1;paint-order:stroke fill markers"
             transform="rotate(18.055612)"
             aria-label="I" /><path
             d="m 36.750166,145.69642 q -3.552376,0 -6.41234,0.33115 -2.859964,0.30105 -4.937201,0.66231 -2.408391,0.45157 -4.304998,0.99346 l 0.873041,-4.87699 q 0.361259,0.0301 1.083776,0.0602 0.722517,0.0301 1.595559,0.0602 0.903147,0.0301 1.866503,0.0602 0.993461,0 1.866503,0.0301 0.873041,0 1.535349,0.0301 0.692412,0 0.993461,0 h 17.189888 q 0.301049,0 0.963356,0 0.692412,-0.0301 1.565454,-0.0301 0.873042,-0.0301 1.836398,-0.0301 0.993461,-0.0301 1.866503,-0.0602 0.903146,-0.0301 1.625663,-0.0602 0.722518,-0.0301 1.083776,-0.0602 l 0.873042,4.87699 q -1.926713,-0.54189 -4.335103,-0.99346 -2.077237,-0.36126 -4.937201,-0.66231 -2.859964,-0.33115 -6.41234,-0.33115 v 28.75016 q 0,2.55892 0.06021,4.48563 0.09031,1.89661 0.18063,3.28143 0.120419,1.38483 0.270944,2.31808 0.180629,0.93325 0.361258,1.56545 v 0.12042 H 35.90723 v -0.12042 q 0.18063,-0.6322 0.331154,-1.56545 0.150524,-0.93325 0.270944,-2.31808 0.120419,-1.38482 0.180629,-3.28143 0.06021,-1.92671 0.06021,-4.48563 z"
             id="path219"
             style="font-size:61.6548px;font-family:Marcellus;-inkscape-font-specification:Marcellus;fill:#3a5416;fill-opacity:1;fill-rule:evenodd;stroke:none;stroke-width:2.53877;stroke-linejoin:bevel;stroke-opacity:1;paint-order:stroke fill markers"
             transform="rotate(-25.60554)"
             aria-label="T" /></g><g
           id="g221"
           style="fill:#3a5416;fill-opacity:1;stroke:none;stroke-opacity:1"
           transform="matrix(1.4113474,0,0,1.4113474,1508.3735,362.08849)"><path
             d="m 146.37399,116.87328 q 0.18063,-0.6322 0.33116,-1.56546 0.15052,-0.93325 0.27094,-2.31807 0.12042,-1.38483 0.18063,-3.28143 0.0602,-1.92672 0.0602,-4.48563 V 85.62441 q 0,-2.558915 -0.0602,-4.455523 -0.0602,-1.926712 -0.18063,-3.311537 -0.12042,-1.414929 -0.27094,-2.348181 -0.15053,-0.933251 -0.33116,-1.565454 v -0.120419 h 7.19507 v 0.120419 q -0.18063,0.632203 -0.36126,1.565454 -0.15052,0.933252 -0.27094,2.348181 -0.0903,1.384825 -0.18063,3.311537 -0.0602,1.896608 -0.0602,4.455523 v 19.59828 q 0,2.55891 0.0602,4.48563 0.0903,1.8966 0.18063,3.28143 0.12042,1.38482 0.27094,2.31807 0.18063,0.93326 0.36126,1.56546 v 0.12042 h -7.19507 z"
             id="path220"
             style="font-size:61.6548px;font-family:Marcellus;-inkscape-font-specification:Marcellus;fill:#3a5416;fill-opacity:1;fill-rule:evenodd;stroke:none;stroke-width:2.53877;stroke-linejoin:bevel;stroke-opacity:1;paint-order:stroke fill markers"
             transform="rotate(18.055612)"
             aria-label="I" /><path
             d="m 36.750166,145.69642 q -3.552376,0 -6.41234,0.33115 -2.859964,0.30105 -4.937201,0.66231 -2.408391,0.45157 -4.304998,0.99346 l 0.873041,-4.87699 q 0.361259,0.0301 1.083776,0.0602 0.722517,0.0301 1.595559,0.0602 0.903147,0.0301 1.866503,0.0602 0.993461,0 1.866503,0.0301 0.873041,0 1.535349,0.0301 0.692412,0 0.993461,0 h 17.189888 q 0.301049,0 0.963356,0 0.692412,-0.0301 1.565454,-0.0301 0.873042,-0.0301 1.836398,-0.0301 0.993461,-0.0301 1.866503,-0.0602 0.903146,-0.0301 1.625663,-0.0602 0.722518,-0.0301 1.083776,-0.0602 l 0.873042,4.87699 q -1.926713,-0.54189 -4.335103,-0.99346 -2.077237,-0.36126 -4.937201,-0.66231 -2.859964,-0.33115 -6.41234,-0.33115 v 28.75016 q 0,2.55892 0.06021,4.48563 0.09031,1.89661 0.18063,3.28143 0.120419,1.38483 0.270944,2.31808 0.180629,0.93325 0.361258,1.56545 v 0.12042 H 35.90723 v -0.12042 q 0.18063,-0.6322 0.331154,-1.56545 0.150524,-0.93325 0.270944,-2.31808 0.120419,-1.38482 0.180629,-3.28143 0.06021,-1.92671 0.06021,-4.48563 z"
             id="path221"
             style="font-size:61.6548px;font-family:Marcellus;-inkscape-font-specification:Marcellus;fill:#3a5416;fill-opacity:1;fill-rule:evenodd;stroke:none;stroke-width:2.53877;stroke-linejoin:bevel;stroke-opacity:1;paint-order:stroke fill markers"
             transform="rotate(-25.60554)"
             aria-label="T" /></g><g
           id="g223"
           style="fill:#3a5416;fill-opacity:1;stroke:none;stroke-opacity:1"
           transform="matrix(1.4113474,0,0,1.4113474,1438.9354,285.51925)"><path
             d="m 146.37399,116.87328 q 0.18063,-0.6322 0.33116,-1.56546 0.15052,-0.93325 0.27094,-2.31807 0.12042,-1.38483 0.18063,-3.28143 0.0602,-1.92672 0.0602,-4.48563 V 85.62441 q 0,-2.558915 -0.0602,-4.455523 -0.0602,-1.926712 -0.18063,-3.311537 -0.12042,-1.414929 -0.27094,-2.348181 -0.15053,-0.933251 -0.33116,-1.565454 v -0.120419 h 7.19507 v 0.120419 q -0.18063,0.632203 -0.36126,1.565454 -0.15052,0.933252 -0.27094,2.348181 -0.0903,1.384825 -0.18063,3.311537 -0.0602,1.896608 -0.0602,4.455523 v 19.59828 q 0,2.55891 0.0602,4.48563 0.0903,1.8966 0.18063,3.28143 0.12042,1.38482 0.27094,2.31807 0.18063,0.93326 0.36126,1.56546 v 0.12042 h -7.19507 z"
             id="path222"
             style="font-size:61.6548px;font-family:Marcellus;-inkscape-font-specification:Marcellus;fill:#3a5416;fill-opacity:1;fill-rule:evenodd;stroke:none;stroke-width:2.53877;stroke-linejoin:bevel;stroke-opacity:1;paint-order:stroke fill markers"
             transform="rotate(18.055612)"
             aria-label="I" /><path
             d="m 36.750166,145.69642 q -3.552376,0 -6.41234,0.33115 -2.859964,0.30105 -4.937201,0.66231 -2.408391,0.45157 -4.304998,0.99346 l 0.873041,-4.87699 q 0.361259,0.0301 1.083776,0.0602 0.722517,0.0301 1.595559,0.0602 0.903147,0.0301 1.866503,0.0602 0.993461,0 1.866503,0.0301 0.873041,0 1.535349,0.0301 0.692412,0 0.993461,0 h 17.189888 q 0.301049,0 0.963356,0 0.692412,-0.0301 1.565454,-0.0301 0.873042,-0.0301 1.836398,-0.0301 0.993461,-0.0301 1.866503,-0.0602 0.903146,-0.0301 1.625663,-0.0602 0.722518,-0.0301 1.083776,-0.0602 l 0.873042,4.87699 q -1.926713,-0.54189 -4.335103,-0.99346 -2.077237,-0.36126 -4.937201,-0.66231 -2.859964,-0.33115 -6.41234,-0.33115 v 28.75016 q 0,2.55892 0.06021,4.48563 0.09031,1.89661 0.18063,3.28143 0.120419,1.38483 0.270944,2.31808 0.180629,0.93325 0.361258,1.56545 v 0.12042 H 35.90723 v -0.12042 q 0.18063,-0.6322 0.331154,-1.56545 0.150524,-0.93325 0.270944,-2.31808 0.120419,-1.38482 0.180629,-3.28143 0.06021,-1.92671 0.06021,-4.48563 z"
             id="path223"
             style="font-size:61.6548px;font-family:Marcellus;-inkscape-font-specification:Marcellus;fill:#3a5416;fill-opacity:1;fill-rule:evenodd;stroke:none;stroke-width:2.53877;stroke-linejoin:bevel;stroke-opacity:1;paint-order:stroke fill markers"
             transform="rotate(-25.60554)"
             aria-label="T" /></g><g
           id="g225"
           style="fill:#3a5416;fill-opacity:1;stroke:none;stroke-opacity:1"
           transform="matrix(1.4113474,0,0,1.4113474,1507.5579,285.51925)"><path
             d="m 146.37399,116.87328 q 0.18063,-0.6322 0.33116,-1.56546 0.15052,-0.93325 0.27094,-2.31807 0.12042,-1.38483 0.18063,-3.28143 0.0602,-1.92672 0.0602,-4.48563 V 85.62441 q 0,-2.558915 -0.0602,-4.455523 -0.0602,-1.926712 -0.18063,-3.311537 -0.12042,-1.414929 -0.27094,-2.348181 -0.15053,-0.933251 -0.33116,-1.565454 v -0.120419 h 7.19507 v 0.120419 q -0.18063,0.632203 -0.36126,1.565454 -0.15052,0.933252 -0.27094,2.348181 -0.0903,1.384825 -0.18063,3.311537 -0.0602,1.896608 -0.0602,4.455523 v 19.59828 q 0,2.55891 0.0602,4.48563 0.0903,1.8966 0.18063,3.28143 0.12042,1.38482 0.27094,2.31807 0.18063,0.93326 0.36126,1.56546 v 0.12042 h -7.19507 z"
             id="path224"
             style="font-size:61.6548px;font-family:Marcellus;-inkscape-font-specification:Marcellus;fill:#3a5416;fill-opacity:1;fill-rule:evenodd;stroke:none;stroke-width:2.53877;stroke-linejoin:bevel;stroke-opacity:1;paint-order:stroke fill markers"
             transform="rotate(18.055612)"
             aria-label="I" /><path
             d="m 36.750166,145.69642 q -3.552376,0 -6.41234,0.33115 -2.859964,0.30105 -4.937201,0.66231 -2.408391,0.45157 -4.304998,0.99346 l 0.873041,-4.87699 q 0.361259,0.0301 1.083776,0.0602 0.722517,0.0301 1.595559,0.0602 0.903147,0.0301 1.866503,0.0602 0.993461,0 1.866503,0.0301 0.873041,0 1.535349,0.0301 0.692412,0 0.993461,0 h 17.189888 q 0.301049,0 0.963356,0 0.692412,-0.0301 1.565454,-0.0301 0.873042,-0.0301 1.836398,-0.0301 0.993461,-0.0301 1.866503,-0.0602 0.903146,-0.0301 1.625663,-0.0602 0.722518,-0.0301 1.083776,-0.0602 l 0.873042,4.87699 q -1.926713,-0.54189 -4.335103,-0.99346 -2.077237,-0.36126 -4.937201,-0.66231 -2.859964,-0.33115 -6.41234,-0.33115 v 28.75016 q 0,2.55892 0.06021,4.48563 0.09031,1.89661 0.18063,3.28143 0.120419,1.38483 0.270944,2.31808 0.180629,0.93325 0.361258,1.56545 v 0.12042 H 35.90723 v -0.12042 q 0.18063,-0.6322 0.331154,-1.56545 0.150524,-0.93325 0.270944,-2.31808 0.120419,-1.38482 0.180629,-3.28143 0.06021,-1.92671 0.06021,-4.48563 z"
             id="path225"
             style="font-size:61.6548px;font-family:Marcellus;-inkscape-font-specification:Marcellus;fill:#3a5416;fill-opacity:1;fill-rule:evenodd;stroke:none;stroke-width:2.53877;stroke-linejoin:bevel;stroke-opacity:1;paint-order:stroke fill markers"
             transform="rotate(-25.60554)"
             aria-label="T" /></g><g
           id="g227"
           style="fill:#3a5416;fill-opacity:1;stroke:none;stroke-opacity:1"
           transform="matrix(1.4113474,0,0,1.4113474,1439.751,362.08849)"><path
             d="m 146.37399,116.87328 q 0.18063,-0.6322 0.33116,-1.56546 0.15052,-0.93325 0.27094,-2.31807 0.12042,-1.38483 0.18063,-3.28143 0.0602,-1.92672 0.0602,-4.48563 V 85.62441 q 0,-2.558915 -0.0602,-4.455523 -0.0602,-1.926712 -0.18063,-3.311537 -0.12042,-1.414929 -0.27094,-2.348181 -0.15053,-0.933251 -0.33116,-1.565454 v -0.120419 h 7.19507 v 0.120419 q -0.18063,0.632203 -0.36126,1.565454 -0.15052,0.933252 -0.27094,2.348181 -0.0903,1.384825 -0.18063,3.311537 -0.0602,1.896608 -0.0602,4.455523 v 19.59828 q 0,2.55891 0.0602,4.48563 0.0903,1.8966 0.18063,3.28143 0.12042,1.38482 0.27094,2.31807 0.18063,0.93326 0.36126,1.56546 v 0.12042 h -7.19507 z"
             id="path226"
             style="font-size:61.6548px;font-family:Marcellus;-inkscape-font-specification:Marcellus;fill:#3a5416;fill-opacity:1;fill-rule:evenodd;stroke:none;stroke-width:2.53877;stroke-linejoin:bevel;stroke-opacity:1;paint-order:stroke fill markers"
             transform="rotate(18.055612)"
             aria-label="I" /><path
             d="m 36.750166,145.69642 q -3.552376,0 -6.41234,0.33115 -2.859964,0.30105 -4.937201,0.66231 -2.408391,0.45157 -4.304998,0.99346 l 0.873041,-4.87699 q 0.361259,0.0301 1.083776,0.0602 0.722517,0.0301 1.595559,0.0602 0.903147,0.0301 1.866503,0.0602 0.993461,0 1.866503,0.0301 0.873041,0 1.535349,0.0301 0.692412,0 0.993461,0 h 17.189888 q 0.301049,0 0.963356,0 0.692412,-0.0301 1.565454,-0.0301 0.873042,-0.0301 1.836398,-0.0301 0.993461,-0.0301 1.866503,-0.0602 0.903146,-0.0301 1.625663,-0.0602 0.722518,-0.0301 1.083776,-0.0602 l 0.873042,4.87699 q -1.926713,-0.54189 -4.335103,-0.99346 -2.077237,-0.36126 -4.937201,-0.66231 -2.859964,-0.33115 -6.41234,-0.33115 v 28.75016 q 0,2.55892 0.06021,4.48563 0.09031,1.89661 0.18063,3.28143 0.120419,1.38483 0.270944,2.31808 0.180629,0.93325 0.361258,1.56545 v 0.12042 H 35.90723 v -0.12042 q 0.18063,-0.6322 0.331154,-1.56545 0.150524,-0.93325 0.270944,-2.31808 0.120419,-1.38482 0.180629,-3.28143 0.06021,-1.92671 0.06021,-4.48563 z"
             id="path227"
             style="font-size:61.6548px;font-family:Marcellus;-inkscape-font-specification:Marcellus;fill:#3a5416;fill-opacity:1;fill-rule:evenodd;stroke:none;stroke-width:2.53877;stroke-linejoin:bevel;stroke-opacity:1;paint-order:stroke fill markers"
             transform="rotate(-25.60554)"
             aria-label="T" /></g><g
           id="g229"
           style="fill:#3a5416;fill-opacity:1;stroke:none;stroke-opacity:1"
           transform="matrix(1.4113474,0,0,1.4113474,1508.3735,362.08849)"><path
             d="m 146.37399,116.87328 q 0.18063,-0.6322 0.33116,-1.56546 0.15052,-0.93325 0.27094,-2.31807 0.12042,-1.38483 0.18063,-3.28143 0.0602,-1.92672 0.0602,-4.48563 V 85.62441 q 0,-2.558915 -0.0602,-4.455523 -0.0602,-1.926712 -0.18063,-3.311537 -0.12042,-1.414929 -0.27094,-2.348181 -0.15053,-0.933251 -0.33116,-1.565454 v -0.120419 h 7.19507 v 0.120419 q -0.18063,0.632203 -0.36126,1.565454 -0.15052,0.933252 -0.27094,2.348181 -0.0903,1.384825 -0.18063,3.311537 -0.0602,1.896608 -0.0602,4.455523 v 19.59828 q 0,2.55891 0.0602,4.48563 0.0903,1.8966 0.18063,3.28143 0.12042,1.38482 0.27094,2.31807 0.18063,0.93326 0.36126,1.56546 v 0.12042 h -7.19507 z"
             id="path228"
             style="font-size:61.6548px;font-family:Marcellus;-inkscape-font-specification:Marcellus;fill:#3a5416;fill-opacity:1;fill-rule:evenodd;stroke:none;stroke-width:2.53877;stroke-linejoin:bevel;stroke-opacity:1;paint-order:stroke fill markers"
             transform="rotate(18.055612)"
             aria-label="I" /><path
             d="m 36.750166,145.69642 q -3.552376,0 -6.41234,0.33115 -2.859964,0.30105 -4.937201,0.66231 -2.408391,0.45157 -4.304998,0.99346 l 0.873041,-4.87699 q 0.361259,0.0301 1.083776,0.0602 0.722517,0.0301 1.595559,0.0602 0.903147,0.0301 1.866503,0.0602 0.993461,0 1.866503,0.0301 0.873041,0 1.535349,0.0301 0.692412,0 0.993461,0 h 17.189888 q 0.301049,0 0.963356,0 0.692412,-0.0301 1.565454,-0.0301 0.873042,-0.0301 1.836398,-0.0301 0.993461,-0.0301 1.866503,-0.0602 0.903146,-0.0301 1.625663,-0.0602 0.722518,-0.0301 1.083776,-0.0602 l 0.873042,4.87699 q -1.926713,-0.54189 -4.335103,-0.99346 -2.077237,-0.36126 -4.937201,-0.66231 -2.859964,-0.33115 -6.41234,-0.33115 v 28.75016 q 0,2.55892 0.06021,4.48563 0.09031,1.89661 0.18063,3.28143 0.120419,1.38483 0.270944,2.31808 0.180629,0.93325 0.361258,1.56545 v 0.12042 H 35.90723 v -0.12042 q 0.18063,-0.6322 0.331154,-1.56545 0.150524,-0.93325 0.270944,-2.31808 0.120419,-1.38482 0.180629,-3.28143 0.06021,-1.92671 0.06021,-4.48563 z"
             id="path229"
             style="font-size:61.6548px;font-family:Marcellus;-inkscape-font-specification:Marcellus;fill:#3a5416;fill-opacity:1;fill-rule:evenodd;stroke:none;stroke-width:2.53877;stroke-linejoin:bevel;stroke-opacity:1;paint-order:stroke fill markers"
             transform="rotate(-25.60554)"
             aria-label="T" /></g><g
           id="g231"
           style="fill:#3a5416;fill-opacity:1;stroke:none;stroke-opacity:1"
           transform="matrix(1.4113474,0,0,1.4113474,1575.5713,285.51925)"><path
             d="m 146.37399,116.87328 q 0.18063,-0.6322 0.33116,-1.56546 0.15052,-0.93325 0.27094,-2.31807 0.12042,-1.38483 0.18063,-3.28143 0.0602,-1.92672 0.0602,-4.48563 V 85.62441 q 0,-2.558915 -0.0602,-4.455523 -0.0602,-1.926712 -0.18063,-3.311537 -0.12042,-1.414929 -0.27094,-2.348181 -0.15053,-0.933251 -0.33116,-1.565454 v -0.120419 h 7.19507 v 0.120419 q -0.18063,0.632203 -0.36126,1.565454 -0.15052,0.933252 -0.27094,2.348181 -0.0903,1.384825 -0.18063,3.311537 -0.0602,1.896608 -0.0602,4.455523 v 19.59828 q 0,2.55891 0.0602,4.48563 0.0903,1.8966 0.18063,3.28143 0.12042,1.38482 0.27094,2.31807 0.18063,0.93326 0.36126,1.56546 v 0.12042 h -7.19507 z"
             id="path230"
             style="font-size:61.6548px;font-family:Marcellus;-inkscape-font-specification:Marcellus;fill:#3a5416;fill-opacity:1;fill-rule:evenodd;stroke:none;stroke-width:2.53877;stroke-linejoin:bevel;stroke-opacity:1;paint-order:stroke fill markers"
             transform="rotate(18.055612)"
             aria-label="I" /><path
             d="m 36.750166,145.69642 q -3.552376,0 -6.41234,0.33115 -2.859964,0.30105 -4.937201,0.66231 -2.408391,0.45157 -4.304998,0.99346 l 0.873041,-4.87699 q 0.361259,0.0301 1.083776,0.0602 0.722517,0.0301 1.595559,0.0602 0.903147,0.0301 1.866503,0.0602 0.993461,0 1.866503,0.0301 0.873041,0 1.535349,0.0301 0.692412,0 0.993461,0 h 17.189888 q 0.301049,0 0.963356,0 0.692412,-0.0301 1.565454,-0.0301 0.873042,-0.0301 1.836398,-0.0301 0.993461,-0.0301 1.866503,-0.0602 0.903146,-0.0301 1.625663,-0.0602 0.722518,-0.0301 1.083776,-0.0602 l 0.873042,4.87699 q -1.926713,-0.54189 -4.335103,-0.99346 -2.077237,-0.36126 -4.937201,-0.66231 -2.859964,-0.33115 -6.41234,-0.33115 v 28.75016 q 0,2.55892 0.06021,4.48563 0.09031,1.89661 0.18063,3.28143 0.120419,1.38483 0.270944,2.31808 0.180629,0.93325 0.361258,1.56545 v 0.12042 H 35.90723 v -0.12042 q 0.18063,-0.6322 0.331154,-1.56545 0.150524,-0.93325 0.270944,-2.31808 0.120419,-1.38482 0.180629,-3.28143 0.06021,-1.92671 0.06021,-4.48563 z"
             id="path231"
             style="font-size:61.6548px;font-family:Marcellus;-inkscape-font-specification:Marcellus;fill:#3a5416;fill-opacity:1;fill-rule:evenodd;stroke:none;stroke-width:2.53877;stroke-linejoin:bevel;stroke-opacity:1;paint-order:stroke fill markers"
             transform="rotate(-25.60554)"
             aria-label="T" /></g><g
           id="g233"
           style="fill:#3a5416;fill-opacity:1;stroke:none;stroke-opacity:1"
           transform="matrix(1.4113474,0,0,1.4113474,1644.1938,285.51925)"><path
             d="m 146.37399,116.87328 q 0.18063,-0.6322 0.33116,-1.56546 0.15052,-0.93325 0.27094,-2.31807 0.12042,-1.38483 0.18063,-3.28143 0.0602,-1.92672 0.0602,-4.48563 V 85.62441 q 0,-2.558915 -0.0602,-4.455523 -0.0602,-1.926712 -0.18063,-3.311537 -0.12042,-1.414929 -0.27094,-2.348181 -0.15053,-0.933251 -0.33116,-1.565454 v -0.120419 h 7.19507 v 0.120419 q -0.18063,0.632203 -0.36126,1.565454 -0.15052,0.933252 -0.27094,2.348181 -0.0903,1.384825 -0.18063,3.311537 -0.0602,1.896608 -0.0602,4.455523 v 19.59828 q 0,2.55891 0.0602,4.48563 0.0903,1.8966 0.18063,3.28143 0.12042,1.38482 0.27094,2.31807 0.18063,0.93326 0.36126,1.56546 v 0.12042 h -7.19507 z"
             id="path232"
             style="font-size:61.6548px;font-family:Marcellus;-inkscape-font-specification:Marcellus;fill:#3a5416;fill-opacity:1;fill-rule:evenodd;stroke:none;stroke-width:2.53877;stroke-linejoin:bevel;stroke-opacity:1;paint-order:stroke fill markers"
             transform="rotate(18.055612)"
             aria-label="I" /><path
             d="m 36.750166,145.69642 q -3.552376,0 -6.41234,0.33115 -2.859964,0.30105 -4.937201,0.66231 -2.408391,0.45157 -4.304998,0.99346 l 0.873041,-4.87699 q 0.361259,0.0301 1.083776,0.0602 0.722517,0.0301 1.595559,0.0602 0.903147,0.0301 1.866503,0.0602 0.993461,0 1.866503,0.0301 0.873041,0 1.535349,0.0301 0.692412,0 0.993461,0 h 17.189888 q 0.301049,0 0.963356,0 0.692412,-0.0301 1.565454,-0.0301 0.873042,-0.0301 1.836398,-0.0301 0.993461,-0.0301 1.866503,-0.0602 0.903146,-0.0301 1.625663,-0.0602 0.722518,-0.0301 1.083776,-0.0602 l 0.873042,4.87699 q -1.926713,-0.54189 -4.335103,-0.99346 -2.077237,-0.36126 -4.937201,-0.66231 -2.859964,-0.33115 -6.41234,-0.33115 v 28.75016 q 0,2.55892 0.06021,4.48563 0.09031,1.89661 0.18063,3.28143 0.120419,1.38483 0.270944,2.31808 0.180629,0.93325 0.361258,1.56545 v 0.12042 H 35.90723 v -0.12042 q 0.18063,-0.6322 0.331154,-1.56545 0.150524,-0.93325 0.270944,-2.31808 0.120419,-1.38482 0.180629,-3.28143 0.06021,-1.92671 0.06021,-4.48563 z"
             id="path233"
             style="font-size:61.6548px;font-family:Marcellus;-inkscape-font-specification:Marcellus;fill:#3a5416;fill-opacity:1;fill-rule:evenodd;stroke:none;stroke-width:2.53877;stroke-linejoin:bevel;stroke-opacity:1;paint-order:stroke fill markers"
             transform="rotate(-25.60554)"
             aria-label="T" /></g><g
           id="g235"
           style="fill:#3a5416;fill-opacity:1;stroke:none;stroke-opacity:1"
           transform="matrix(1.4113474,0,0,1.4113474,1576.3869,362.08849)"><path
             d="m 146.37399,116.87328 q 0.18063,-0.6322 0.33116,-1.56546 0.15052,-0.93325 0.27094,-2.31807 0.12042,-1.38483 0.18063,-3.28143 0.0602,-1.92672 0.0602,-4.48563 V 85.62441 q 0,-2.558915 -0.0602,-4.455523 -0.0602,-1.926712 -0.18063,-3.311537 -0.12042,-1.414929 -0.27094,-2.348181 -0.15053,-0.933251 -0.33116,-1.565454 v -0.120419 h 7.19507 v 0.120419 q -0.18063,0.632203 -0.36126,1.565454 -0.15052,0.933252 -0.27094,2.348181 -0.0903,1.384825 -0.18063,3.311537 -0.0602,1.896608 -0.0602,4.455523 v 19.59828 q 0,2.55891 0.0602,4.48563 0.0903,1.8966 0.18063,3.28143 0.12042,1.38482 0.27094,2.31807 0.18063,0.93326 0.36126,1.56546 v 0.12042 h -7.19507 z"
             id="path234"
             style="font-size:61.6548px;font-family:Marcellus;-inkscape-font-specification:Marcellus;fill:#3a5416;fill-opacity:1;fill-rule:evenodd;stroke:none;stroke-width:2.53877;stroke-linejoin:bevel;stroke-opacity:1;paint-order:stroke fill markers"
             transform="rotate(18.055612)"
             aria-label="I" /><path
             d="m 36.750166,145.69642 q -3.552376,0 -6.41234,0.33115 -2.859964,0.30105 -4.937201,0.66231 -2.408391,0.45157 -4.304998,0.99346 l 0.873041,-4.87699 q 0.361259,0.0301 1.083776,0.0602 0.722517,0.0301 1.595559,0.0602 0.903147,0.0301 1.866503,0.0602 0.993461,0 1.866503,0.0301 0.873041,0 1.535349,0.0301 0.692412,0 0.993461,0 h 17.189888 q 0.301049,0 0.963356,0 0.692412,-0.0301 1.565454,-0.0301 0.873042,-0.0301 1.836398,-0.0301 0.993461,-0.0301 1.866503,-0.0602 0.903146,-0.0301 1.625663,-0.0602 0.722518,-0.0301 1.083776,-0.0602 l 0.873042,4.87699 q -1.926713,-0.54189 -4.335103,-0.99346 -2.077237,-0.36126 -4.937201,-0.66231 -2.859964,-0.33115 -6.41234,-0.33115 v 28.75016 q 0,2.55892 0.06021,4.48563 0.09031,1.89661 0.18063,3.28143 0.120419,1.38483 0.270944,2.31808 0.180629,0.93325 0.361258,1.56545 v 0.12042 H 35.90723 v -0.12042 q 0.18063,-0.6322 0.331154,-1.56545 0.150524,-0.93325 0.270944,-2.31808 0.120419,-1.38482 0.180629,-3.28143 0.06021,-1.92671 0.06021,-4.48563 z"
             id="path235"
             style="font-size:61.6548px;font-family:Marcellus;-inkscape-font-specification:Marcellus;fill:#3a5416;fill-opacity:1;fill-rule:evenodd;stroke:none;stroke-width:2.53877;stroke-linejoin:bevel;stroke-opacity:1;paint-order:stroke fill markers"
             transform="rotate(-25.60554)"
             aria-label="T" /></g><g
           id="g237"
           style="fill:#3a5416;fill-opacity:1;stroke:none;stroke-opacity:1"
           transform="matrix(1.4113474,0,0,1.4113474,1645.0094,362.08849)"><path
             d="m 146.37399,116.87328 q 0.18063,-0.6322 0.33116,-1.56546 0.15052,-0.93325 0.27094,-2.31807 0.12042,-1.38483 0.18063,-3.28143 0.0602,-1.92672 0.0602,-4.48563 V 85.62441 q 0,-2.558915 -0.0602,-4.455523 -0.0602,-1.926712 -0.18063,-3.311537 -0.12042,-1.414929 -0.27094,-2.348181 -0.15053,-0.933251 -0.33116,-1.565454 v -0.120419 h 7.19507 v 0.120419 q -0.18063,0.632203 -0.36126,1.565454 -0.15052,0.933252 -0.27094,2.348181 -0.0903,1.384825 -0.18063,3.311537 -0.0602,1.896608 -0.0602,4.455523 v 19.59828 q 0,2.55891 0.0602,4.48563 0.0903,1.8966 0.18063,3.28143 0.12042,1.38482 0.27094,2.31807 0.18063,0.93326 0.36126,1.56546 v 0.12042 h -7.19507 z"
             id="path236"
             style="font-size:61.6548px;font-family:Marcellus;-inkscape-font-specification:Marcellus;fill:#3a5416;fill-opacity:1;fill-rule:evenodd;stroke:none;stroke-width:2.53877;stroke-linejoin:bevel;stroke-opacity:1;paint-order:stroke fill markers"
             transform="rotate(18.055612)"
             aria-label="I" /><path
             d="m 36.750166,145.69642 q -3.552376,0 -6.41234,0.33115 -2.859964,0.30105 -4.937201,0.66231 -2.408391,0.45157 -4.304998,0.99346 l 0.873041,-4.87699 q 0.361259,0.0301 1.083776,0.0602 0.722517,0.0301 1.595559,0.0602 0.903147,0.0301 1.866503,0.0602 0.993461,0 1.866503,0.0301 0.873041,0 1.535349,0.0301 0.692412,0 0.993461,0 h 17.189888 q 0.301049,0 0.963356,0 0.692412,-0.0301 1.565454,-0.0301 0.873042,-0.0301 1.836398,-0.0301 0.993461,-0.0301 1.866503,-0.0602 0.903146,-0.0301 1.625663,-0.0602 0.722518,-0.0301 1.083776,-0.0602 l 0.873042,4.87699 q -1.926713,-0.54189 -4.335103,-0.99346 -2.077237,-0.36126 -4.937201,-0.66231 -2.859964,-0.33115 -6.41234,-0.33115 v 28.75016 q 0,2.55892 0.06021,4.48563 0.09031,1.89661 0.18063,3.28143 0.120419,1.38483 0.270944,2.31808 0.180629,0.93325 0.361258,1.56545 v 0.12042 H 35.90723 v -0.12042 q 0.18063,-0.6322 0.331154,-1.56545 0.150524,-0.93325 0.270944,-2.31808 0.120419,-1.38482 0.180629,-3.28143 0.06021,-1.92671 0.06021,-4.48563 z"
             id="path237"
             style="font-size:61.6548px;font-family:Marcellus;-inkscape-font-specification:Marcellus;fill:#3a5416;fill-opacity:1;fill-rule:evenodd;stroke:none;stroke-width:2.53877;stroke-linejoin:bevel;stroke-opacity:1;paint-order:stroke fill markers"
             transform="rotate(-25.60554)"
             aria-label="T" /></g><g
           id="g239"
           style="fill:#3a5416;fill-opacity:1;stroke:none;stroke-opacity:1"
           transform="matrix(1.4113474,0,0,1.4113474,1575.5713,285.51925)"><path
             d="m 146.37399,116.87328 q 0.18063,-0.6322 0.33116,-1.56546 0.15052,-0.93325 0.27094,-2.31807 0.12042,-1.38483 0.18063,-3.28143 0.0602,-1.92672 0.0602,-4.48563 V 85.62441 q 0,-2.558915 -0.0602,-4.455523 -0.0602,-1.926712 -0.18063,-3.311537 -0.12042,-1.414929 -0.27094,-2.348181 -0.15053,-0.933251 -0.33116,-1.565454 v -0.120419 h 7.19507 v 0.120419 q -0.18063,0.632203 -0.36126,1.565454 -0.15052,0.933252 -0.27094,2.348181 -0.0903,1.384825 -0.18063,3.311537 -0.0602,1.896608 -0.0602,4.455523 v 19.59828 q 0,2.55891 0.0602,4.48563 0.0903,1.8966 0.18063,3.28143 0.12042,1.38482 0.27094,2.31807 0.18063,0.93326 0.36126,1.56546 v 0.12042 h -7.19507 z"
             id="path238"
             style="font-size:61.6548px;font-family:Marcellus;-inkscape-font-specification:Marcellus;fill:#3a5416;fill-opacity:1;fill-rule:evenodd;stroke:none;stroke-width:2.53877;stroke-linejoin:bevel;stroke-opacity:1;paint-order:stroke fill markers"
             transform="rotate(18.055612)"
             aria-label="I" /><path
             d="m 36.750166,145.69642 q -3.552376,0 -6.41234,0.33115 -2.859964,0.30105 -4.937201,0.66231 -2.408391,0.45157 -4.304998,0.99346 l 0.873041,-4.87699 q 0.361259,0.0301 1.083776,0.0602 0.722517,0.0301 1.595559,0.0602 0.903147,0.0301 1.866503,0.0602 0.993461,0 1.866503,0.0301 0.873041,0 1.535349,0.0301 0.692412,0 0.993461,0 h 17.189888 q 0.301049,0 0.963356,0 0.692412,-0.0301 1.565454,-0.0301 0.873042,-0.0301 1.836398,-0.0301 0.993461,-0.0301 1.866503,-0.0602 0.903146,-0.0301 1.625663,-0.0602 0.722518,-0.0301 1.083776,-0.0602 l 0.873042,4.87699 q -1.926713,-0.54189 -4.335103,-0.99346 -2.077237,-0.36126 -4.937201,-0.66231 -2.859964,-0.33115 -6.41234,-0.33115 v 28.75016 q 0,2.55892 0.06021,4.48563 0.09031,1.89661 0.18063,3.28143 0.120419,1.38483 0.270944,2.31808 0.180629,0.93325 0.361258,1.56545 v 0.12042 H 35.90723 v -0.12042 q 0.18063,-0.6322 0.331154,-1.56545 0.150524,-0.93325 0.270944,-2.31808 0.120419,-1.38482 0.180629,-3.28143 0.06021,-1.92671 0.06021,-4.48563 z"
             id="path239"
             style="font-size:61.6548px;font-family:Marcellus;-inkscape-font-specification:Marcellus;fill:#3a5416;fill-opacity:1;fill-rule:evenodd;stroke:none;stroke-width:2.53877;stroke-linejoin:bevel;stroke-opacity:1;paint-order:stroke fill markers"
             transform="rotate(-25.60554)"
             aria-label="T" /></g><g
           id="g241"
           style="fill:#3a5416;fill-opacity:1;stroke:none;stroke-opacity:1"
           transform="matrix(1.4113474,0,0,1.4113474,1644.1938,285.51925)"><path
             d="m 146.37399,116.87328 q 0.18063,-0.6322 0.33116,-1.56546 0.15052,-0.93325 0.27094,-2.31807 0.12042,-1.38483 0.18063,-3.28143 0.0602,-1.92672 0.0602,-4.48563 V 85.62441 q 0,-2.558915 -0.0602,-4.455523 -0.0602,-1.926712 -0.18063,-3.311537 -0.12042,-1.414929 -0.27094,-2.348181 -0.15053,-0.933251 -0.33116,-1.565454 v -0.120419 h 7.19507 v 0.120419 q -0.18063,0.632203 -0.36126,1.565454 -0.15052,0.933252 -0.27094,2.348181 -0.0903,1.384825 -0.18063,3.311537 -0.0602,1.896608 -0.0602,4.455523 v 19.59828 q 0,2.55891 0.0602,4.48563 0.0903,1.8966 0.18063,3.28143 0.12042,1.38482 0.27094,2.31807 0.18063,0.93326 0.36126,1.56546 v 0.12042 h -7.19507 z"
             id="path240"
             style="font-size:61.6548px;font-family:Marcellus;-inkscape-font-specification:Marcellus;fill:#3a5416;fill-opacity:1;fill-rule:evenodd;stroke:none;stroke-width:2.53877;stroke-linejoin:bevel;stroke-opacity:1;paint-order:stroke fill markers"
             transform="rotate(18.055612)"
             aria-label="I" /><path
             d="m 36.750166,145.69642 q -3.552376,0 -6.41234,0.33115 -2.859964,0.30105 -4.937201,0.66231 -2.408391,0.45157 -4.304998,0.99346 l 0.873041,-4.87699 q 0.361259,0.0301 1.083776,0.0602 0.722517,0.0301 1.595559,0.0602 0.903147,0.0301 1.866503,0.0602 0.993461,0 1.866503,0.0301 0.873041,0 1.535349,0.0301 0.692412,0 0.993461,0 h 17.189888 q 0.301049,0 0.963356,0 0.692412,-0.0301 1.565454,-0.0301 0.873042,-0.0301 1.836398,-0.0301 0.993461,-0.0301 1.866503,-0.0602 0.903146,-0.0301 1.625663,-0.0602 0.722518,-0.0301 1.083776,-0.0602 l 0.873042,4.87699 q -1.926713,-0.54189 -4.335103,-0.99346 -2.077237,-0.36126 -4.937201,-0.66231 -2.859964,-0.33115 -6.41234,-0.33115 v 28.75016 q 0,2.55892 0.06021,4.48563 0.09031,1.89661 0.18063,3.28143 0.120419,1.38483 0.270944,2.31808 0.180629,0.93325 0.361258,1.56545 v 0.12042 H 35.90723 v -0.12042 q 0.18063,-0.6322 0.331154,-1.56545 0.150524,-0.93325 0.270944,-2.31808 0.120419,-1.38482 0.180629,-3.28143 0.06021,-1.92671 0.06021,-4.48563 z"
             id="path241"
             style="font-size:61.6548px;font-family:Marcellus;-inkscape-font-specification:Marcellus;fill:#3a5416;fill-opacity:1;fill-rule:evenodd;stroke:none;stroke-width:2.53877;stroke-linejoin:bevel;stroke-opacity:1;paint-order:stroke fill markers"
             transform="rotate(-25.60554)"
             aria-label="T" /></g><g
           id="g243"
           style="fill:#3a5416;fill-opacity:1;stroke:none;stroke-opacity:1"
           transform="matrix(1.4113474,0,0,1.4113474,1576.3869,362.08849)"><path
             d="m 146.37399,116.87328 q 0.18063,-0.6322 0.33116,-1.56546 0.15052,-0.93325 0.27094,-2.31807 0.12042,-1.38483 0.18063,-3.28143 0.0602,-1.92672 0.0602,-4.48563 V 85.62441 q 0,-2.558915 -0.0602,-4.455523 -0.0602,-1.926712 -0.18063,-3.311537 -0.12042,-1.414929 -0.27094,-2.348181 -0.15053,-0.933251 -0.33116,-1.565454 v -0.120419 h 7.19507 v 0.120419 q -0.18063,0.632203 -0.36126,1.565454 -0.15052,0.933252 -0.27094,2.348181 -0.0903,1.384825 -0.18063,3.311537 -0.0602,1.896608 -0.0602,4.455523 v 19.59828 q 0,2.55891 0.0602,4.48563 0.0903,1.8966 0.18063,3.28143 0.12042,1.38482 0.27094,2.31807 0.18063,0.93326 0.36126,1.56546 v 0.12042 h -7.19507 z"
             id="path242"
             style="font-size:61.6548px;font-family:Marcellus;-inkscape-font-specification:Marcellus;fill:#3a5416;fill-opacity:1;fill-rule:evenodd;stroke:none;stroke-width:2.53877;stroke-linejoin:bevel;stroke-opacity:1;paint-order:stroke fill markers"
             transform="rotate(18.055612)"
             aria-label="I" /><path
             d="m 36.750166,145.69642 q -3.552376,0 -6.41234,0.33115 -2.859964,0.30105 -4.937201,0.66231 -2.408391,0.45157 -4.304998,0.99346 l 0.873041,-4.87699 q 0.361259,0.0301 1.083776,0.0602 0.722517,0.0301 1.595559,0.0602 0.903147,0.0301 1.866503,0.0602 0.993461,0 1.866503,0.0301 0.873041,0 1.535349,0.0301 0.692412,0 0.993461,0 h 17.189888 q 0.301049,0 0.963356,0 0.692412,-0.0301 1.565454,-0.0301 0.873042,-0.0301 1.836398,-0.0301 0.993461,-0.0301 1.866503,-0.0602 0.903146,-0.0301 1.625663,-0.0602 0.722518,-0.0301 1.083776,-0.0602 l 0.873042,4.87699 q -1.926713,-0.54189 -4.335103,-0.99346 -2.077237,-0.36126 -4.937201,-0.66231 -2.859964,-0.33115 -6.41234,-0.33115 v 28.75016 q 0,2.55892 0.06021,4.48563 0.09031,1.89661 0.18063,3.28143 0.120419,1.38483 0.270944,2.31808 0.180629,0.93325 0.361258,1.56545 v 0.12042 H 35.90723 v -0.12042 q 0.18063,-0.6322 0.331154,-1.56545 0.150524,-0.93325 0.270944,-2.31808 0.120419,-1.38482 0.180629,-3.28143 0.06021,-1.92671 0.06021,-4.48563 z"
             id="path243"
             style="font-size:61.6548px;font-family:Marcellus;-inkscape-font-specification:Marcellus;fill:#3a5416;fill-opacity:1;fill-rule:evenodd;stroke:none;stroke-width:2.53877;stroke-linejoin:bevel;stroke-opacity:1;paint-order:stroke fill markers"
             transform="rotate(-25.60554)"
             aria-label="T" /></g><g
           id="g245"
           style="fill:#3a5416;fill-opacity:1;stroke:none;stroke-opacity:1"
           transform="matrix(1.4113474,0,0,1.4113474,1645.0094,362.08849)"><path
             d="m 146.37399,116.87328 q 0.18063,-0.6322 0.33116,-1.56546 0.15052,-0.93325 0.27094,-2.31807 0.12042,-1.38483 0.18063,-3.28143 0.0602,-1.92672 0.0602,-4.48563 V 85.62441 q 0,-2.558915 -0.0602,-4.455523 -0.0602,-1.926712 -0.18063,-3.311537 -0.12042,-1.414929 -0.27094,-2.348181 -0.15053,-0.933251 -0.33116,-1.565454 v -0.120419 h 7.19507 v 0.120419 q -0.18063,0.632203 -0.36126,1.565454 -0.15052,0.933252 -0.27094,2.348181 -0.0903,1.384825 -0.18063,3.311537 -0.0602,1.896608 -0.0602,4.455523 v 19.59828 q 0,2.55891 0.0602,4.48563 0.0903,1.8966 0.18063,3.28143 0.12042,1.38482 0.27094,2.31807 0.18063,0.93326 0.36126,1.56546 v 0.12042 h -7.19507 z"
             id="path244"
             style="font-size:61.6548px;font-family:Marcellus;-inkscape-font-specification:Marcellus;fill:#3a5416;fill-opacity:1;fill-rule:evenodd;stroke:none;stroke-width:2.53877;stroke-linejoin:bevel;stroke-opacity:1;paint-order:stroke fill markers"
             transform="rotate(18.055612)"
             aria-label="I" /><path
             d="m 36.750166,145.69642 q -3.552376,0 -6.41234,0.33115 -2.859964,0.30105 -4.937201,0.66231 -2.408391,0.45157 -4.304998,0.99346 l 0.873041,-4.87699 q 0.361259,0.0301 1.083776,0.0602 0.722517,0.0301 1.595559,0.0602 0.903147,0.0301 1.866503,0.0602 0.993461,0 1.866503,0.0301 0.873041,0 1.535349,0.0301 0.692412,0 0.993461,0 h 17.189888 q 0.301049,0 0.963356,0 0.692412,-0.0301 1.565454,-0.0301 0.873042,-0.0301 1.836398,-0.0301 0.993461,-0.0301 1.866503,-0.0602 0.903146,-0.0301 1.625663,-0.0602 0.722518,-0.0301 1.083776,-0.0602 l 0.873042,4.87699 q -1.926713,-0.54189 -4.335103,-0.99346 -2.077237,-0.36126 -4.937201,-0.66231 -2.859964,-0.33115 -6.41234,-0.33115 v 28.75016 q 0,2.55892 0.06021,4.48563 0.09031,1.89661 0.18063,3.28143 0.120419,1.38483 0.270944,2.31808 0.180629,0.93325 0.361258,1.56545 v 0.12042 H 35.90723 v -0.12042 q 0.18063,-0.6322 0.331154,-1.56545 0.150524,-0.93325 0.270944,-2.31808 0.120419,-1.38482 0.180629,-3.28143 0.06021,-1.92671 0.06021,-4.48563 z"
             id="path245"
             style="font-size:61.6548px;font-family:Marcellus;-inkscape-font-specification:Marcellus;fill:#3a5416;fill-opacity:1;fill-rule:evenodd;stroke:none;stroke-width:2.53877;stroke-linejoin:bevel;stroke-opacity:1;paint-order:stroke fill markers"
             transform="rotate(-25.60554)"
             aria-label="T" /></g><g
           id="g247"
           style="fill:#3a5416;fill-opacity:1;stroke:none;stroke-opacity:1"
           transform="matrix(1.4113474,0,0,1.4113474,1438.9354,285.51925)"><path
             d="m 146.37399,116.87328 q 0.18063,-0.6322 0.33116,-1.56546 0.15052,-0.93325 0.27094,-2.31807 0.12042,-1.38483 0.18063,-3.28143 0.0602,-1.92672 0.0602,-4.48563 V 85.62441 q 0,-2.558915 -0.0602,-4.455523 -0.0602,-1.926712 -0.18063,-3.311537 -0.12042,-1.414929 -0.27094,-2.348181 -0.15053,-0.933251 -0.33116,-1.565454 v -0.120419 h 7.19507 v 0.120419 q -0.18063,0.632203 -0.36126,1.565454 -0.15052,0.933252 -0.27094,2.348181 -0.0903,1.384825 -0.18063,3.311537 -0.0602,1.896608 -0.0602,4.455523 v 19.59828 q 0,2.55891 0.0602,4.48563 0.0903,1.8966 0.18063,3.28143 0.12042,1.38482 0.27094,2.31807 0.18063,0.93326 0.36126,1.56546 v 0.12042 h -7.19507 z"
             id="path246"
             style="font-size:61.6548px;font-family:Marcellus;-inkscape-font-specification:Marcellus;fill:#3a5416;fill-opacity:1;fill-rule:evenodd;stroke:none;stroke-width:2.53877;stroke-linejoin:bevel;stroke-opacity:1;paint-order:stroke fill markers"
             transform="rotate(18.055612)"
             aria-label="I" /><path
             d="m 36.750166,145.69642 q -3.552376,0 -6.41234,0.33115 -2.859964,0.30105 -4.937201,0.66231 -2.408391,0.45157 -4.304998,0.99346 l 0.873041,-4.87699 q 0.361259,0.0301 1.083776,0.0602 0.722517,0.0301 1.595559,0.0602 0.903147,0.0301 1.866503,0.0602 0.993461,0 1.866503,0.0301 0.873041,0 1.535349,0.0301 0.692412,0 0.993461,0 h 17.189888 q 0.301049,0 0.963356,0 0.692412,-0.0301 1.565454,-0.0301 0.873042,-0.0301 1.836398,-0.0301 0.993461,-0.0301 1.866503,-0.0602 0.903146,-0.0301 1.625663,-0.0602 0.722518,-0.0301 1.083776,-0.0602 l 0.873042,4.87699 q -1.926713,-0.54189 -4.335103,-0.99346 -2.077237,-0.36126 -4.937201,-0.66231 -2.859964,-0.33115 -6.41234,-0.33115 v 28.75016 q 0,2.55892 0.06021,4.48563 0.09031,1.89661 0.18063,3.28143 0.120419,1.38483 0.270944,2.31808 0.180629,0.93325 0.361258,1.56545 v 0.12042 H 35.90723 v -0.12042 q 0.18063,-0.6322 0.331154,-1.56545 0.150524,-0.93325 0.270944,-2.31808 0.120419,-1.38482 0.180629,-3.28143 0.06021,-1.92671 0.06021,-4.48563 z"
             id="path247"
             style="font-size:61.6548px;font-family:Marcellus;-inkscape-font-specification:Marcellus;fill:#3a5416;fill-opacity:1;fill-rule:evenodd;stroke:none;stroke-width:2.53877;stroke-linejoin:bevel;stroke-opacity:1;paint-order:stroke fill markers"
             transform="rotate(-25.60554)"
             aria-label="T" /></g><g
           id="g249"
           style="fill:#3a5416;fill-opacity:1;stroke:none;stroke-opacity:1"
           transform="matrix(1.4113474,0,0,1.4113474,1507.5579,285.51925)"><path
             d="m 146.37399,116.87328 q 0.18063,-0.6322 0.33116,-1.56546 0.15052,-0.93325 0.27094,-2.31807 0.12042,-1.38483 0.18063,-3.28143 0.0602,-1.92672 0.0602,-4.48563 V 85.62441 q 0,-2.558915 -0.0602,-4.455523 -0.0602,-1.926712 -0.18063,-3.311537 -0.12042,-1.414929 -0.27094,-2.348181 -0.15053,-0.933251 -0.33116,-1.565454 v -0.120419 h 7.19507 v 0.120419 q -0.18063,0.632203 -0.36126,1.565454 -0.15052,0.933252 -0.27094,2.348181 -0.0903,1.384825 -0.18063,3.311537 -0.0602,1.896608 -0.0602,4.455523 v 19.59828 q 0,2.55891 0.0602,4.48563 0.0903,1.8966 0.18063,3.28143 0.12042,1.38482 0.27094,2.31807 0.18063,0.93326 0.36126,1.56546 v 0.12042 h -7.19507 z"
             id="path248"
             style="font-size:61.6548px;font-family:Marcellus;-inkscape-font-specification:Marcellus;fill:#3a5416;fill-opacity:1;fill-rule:evenodd;stroke:none;stroke-width:2.53877;stroke-linejoin:bevel;stroke-opacity:1;paint-order:stroke fill markers"
             transform="rotate(18.055612)"
             aria-label="I" /><path
             d="m 36.750166,145.69642 q -3.552376,0 -6.41234,0.33115 -2.859964,0.30105 -4.937201,0.66231 -2.408391,0.45157 -4.304998,0.99346 l 0.873041,-4.87699 q 0.361259,0.0301 1.083776,0.0602 0.722517,0.0301 1.595559,0.0602 0.903147,0.0301 1.866503,0.0602 0.993461,0 1.866503,0.0301 0.873041,0 1.535349,0.0301 0.692412,0 0.993461,0 h 17.189888 q 0.301049,0 0.963356,0 0.692412,-0.0301 1.565454,-0.0301 0.873042,-0.0301 1.836398,-0.0301 0.993461,-0.0301 1.866503,-0.0602 0.903146,-0.0301 1.625663,-0.0602 0.722518,-0.0301 1.083776,-0.0602 l 0.873042,4.87699 q -1.926713,-0.54189 -4.335103,-0.99346 -2.077237,-0.36126 -4.937201,-0.66231 -2.859964,-0.33115 -6.41234,-0.33115 v 28.75016 q 0,2.55892 0.06021,4.48563 0.09031,1.89661 0.18063,3.28143 0.120419,1.38483 0.270944,2.31808 0.180629,0.93325 0.361258,1.56545 v 0.12042 H 35.90723 v -0.12042 q 0.18063,-0.6322 0.331154,-1.56545 0.150524,-0.93325 0.270944,-2.31808 0.120419,-1.38482 0.180629,-3.28143 0.06021,-1.92671 0.06021,-4.48563 z"
             id="path249"
             style="font-size:61.6548px;font-family:Marcellus;-inkscape-font-specification:Marcellus;fill:#3a5416;fill-opacity:1;fill-rule:evenodd;stroke:none;stroke-width:2.53877;stroke-linejoin:bevel;stroke-opacity:1;paint-order:stroke fill markers"
             transform="rotate(-25.60554)"
             aria-label="T" /></g><g
           id="g251"
           style="fill:#3a5416;fill-opacity:1;stroke:none;stroke-opacity:1"
           transform="matrix(1.4113474,0,0,1.4113474,1439.751,362.08849)"><path
             d="m 146.37399,116.87328 q 0.18063,-0.6322 0.33116,-1.56546 0.15052,-0.93325 0.27094,-2.31807 0.12042,-1.38483 0.18063,-3.28143 0.0602,-1.92672 0.0602,-4.48563 V 85.62441 q 0,-2.558915 -0.0602,-4.455523 -0.0602,-1.926712 -0.18063,-3.311537 -0.12042,-1.414929 -0.27094,-2.348181 -0.15053,-0.933251 -0.33116,-1.565454 v -0.120419 h 7.19507 v 0.120419 q -0.18063,0.632203 -0.36126,1.565454 -0.15052,0.933252 -0.27094,2.348181 -0.0903,1.384825 -0.18063,3.311537 -0.0602,1.896608 -0.0602,4.455523 v 19.59828 q 0,2.55891 0.0602,4.48563 0.0903,1.8966 0.18063,3.28143 0.12042,1.38482 0.27094,2.31807 0.18063,0.93326 0.36126,1.56546 v 0.12042 h -7.19507 z"
             id="path250"
             style="font-size:61.6548px;font-family:Marcellus;-inkscape-font-specification:Marcellus;fill:#3a5416;fill-opacity:1;fill-rule:evenodd;stroke:none;stroke-width:2.53877;stroke-linejoin:bevel;stroke-opacity:1;paint-order:stroke fill markers"
             transform="rotate(18.055612)"
             aria-label="I" /><path
             d="m 36.750166,145.69642 q -3.552376,0 -6.41234,0.33115 -2.859964,0.30105 -4.937201,0.66231 -2.408391,0.45157 -4.304998,0.99346 l 0.873041,-4.87699 q 0.361259,0.0301 1.083776,0.0602 0.722517,0.0301 1.595559,0.0602 0.903147,0.0301 1.866503,0.0602 0.993461,0 1.866503,0.0301 0.873041,0 1.535349,0.0301 0.692412,0 0.993461,0 h 17.189888 q 0.301049,0 0.963356,0 0.692412,-0.0301 1.565454,-0.0301 0.873042,-0.0301 1.836398,-0.0301 0.993461,-0.0301 1.866503,-0.0602 0.903146,-0.0301 1.625663,-0.0602 0.722518,-0.0301 1.083776,-0.0602 l 0.873042,4.87699 q -1.926713,-0.54189 -4.335103,-0.99346 -2.077237,-0.36126 -4.937201,-0.66231 -2.859964,-0.33115 -6.41234,-0.33115 v 28.75016 q 0,2.55892 0.06021,4.48563 0.09031,1.89661 0.18063,3.28143 0.120419,1.38483 0.270944,2.31808 0.180629,0.93325 0.361258,1.56545 v 0.12042 H 35.90723 v -0.12042 q 0.18063,-0.6322 0.331154,-1.56545 0.150524,-0.93325 0.270944,-2.31808 0.120419,-1.38482 0.180629,-3.28143 0.06021,-1.92671 0.06021,-4.48563 z"
             id="path251"
             style="font-size:61.6548px;font-family:Marcellus;-inkscape-font-specification:Marcellus;fill:#3a5416;fill-opacity:1;fill-rule:evenodd;stroke:none;stroke-width:2.53877;stroke-linejoin:bevel;stroke-opacity:1;paint-order:stroke fill markers"
             transform="rotate(-25.60554)"
             aria-label="T" /></g><g
           id="g253"
           style="fill:#3a5416;fill-opacity:1;stroke:none;stroke-opacity:1"
           transform="matrix(1.4113474,0,0,1.4113474,1508.3735,362.08849)"><path
             d="m 146.37399,116.87328 q 0.18063,-0.6322 0.33116,-1.56546 0.15052,-0.93325 0.27094,-2.31807 0.12042,-1.38483 0.18063,-3.28143 0.0602,-1.92672 0.0602,-4.48563 V 85.62441 q 0,-2.558915 -0.0602,-4.455523 -0.0602,-1.926712 -0.18063,-3.311537 -0.12042,-1.414929 -0.27094,-2.348181 -0.15053,-0.933251 -0.33116,-1.565454 v -0.120419 h 7.19507 v 0.120419 q -0.18063,0.632203 -0.36126,1.565454 -0.15052,0.933252 -0.27094,2.348181 -0.0903,1.384825 -0.18063,3.311537 -0.0602,1.896608 -0.0602,4.455523 v 19.59828 q 0,2.55891 0.0602,4.48563 0.0903,1.8966 0.18063,3.28143 0.12042,1.38482 0.27094,2.31807 0.18063,0.93326 0.36126,1.56546 v 0.12042 h -7.19507 z"
             id="path252"
             style="font-size:61.6548px;font-family:Marcellus;-inkscape-font-specification:Marcellus;fill:#3a5416;fill-opacity:1;fill-rule:evenodd;stroke:none;stroke-width:2.53877;stroke-linejoin:bevel;stroke-opacity:1;paint-order:stroke fill markers"
             transform="rotate(18.055612)"
             aria-label="I" /><path
             d="m 36.750166,145.69642 q -3.552376,0 -6.41234,0.33115 -2.859964,0.30105 -4.937201,0.66231 -2.408391,0.45157 -4.304998,0.99346 l 0.873041,-4.87699 q 0.361259,0.0301 1.083776,0.0602 0.722517,0.0301 1.595559,0.0602 0.903147,0.0301 1.866503,0.0602 0.993461,0 1.866503,0.0301 0.873041,0 1.535349,0.0301 0.692412,0 0.993461,0 h 17.189888 q 0.301049,0 0.963356,0 0.692412,-0.0301 1.565454,-0.0301 0.873042,-0.0301 1.836398,-0.0301 0.993461,-0.0301 1.866503,-0.0602 0.903146,-0.0301 1.625663,-0.0602 0.722518,-0.0301 1.083776,-0.0602 l 0.873042,4.87699 q -1.926713,-0.54189 -4.335103,-0.99346 -2.077237,-0.36126 -4.937201,-0.66231 -2.859964,-0.33115 -6.41234,-0.33115 v 28.75016 q 0,2.55892 0.06021,4.48563 0.09031,1.89661 0.18063,3.28143 0.120419,1.38483 0.270944,2.31808 0.180629,0.93325 0.361258,1.56545 v 0.12042 H 35.90723 v -0.12042 q 0.18063,-0.6322 0.331154,-1.56545 0.150524,-0.93325 0.270944,-2.31808 0.120419,-1.38482 0.180629,-3.28143 0.06021,-1.92671 0.06021,-4.48563 z"
             id="path253"
             style="font-size:61.6548px;font-family:Marcellus;-inkscape-font-specification:Marcellus;fill:#3a5416;fill-opacity:1;fill-rule:evenodd;stroke:none;stroke-width:2.53877;stroke-linejoin:bevel;stroke-opacity:1;paint-order:stroke fill markers"
             transform="rotate(-25.60554)"
             aria-label="T" /></g><g
           id="g255"
           style="fill:#3a5416;fill-opacity:1;stroke:none;stroke-opacity:1"
           transform="matrix(1.4113474,0,0,1.4113474,1438.9354,285.51925)"><path
             d="m 146.37399,116.87328 q 0.18063,-0.6322 0.33116,-1.56546 0.15052,-0.93325 0.27094,-2.31807 0.12042,-1.38483 0.18063,-3.28143 0.0602,-1.92672 0.0602,-4.48563 V 85.62441 q 0,-2.558915 -0.0602,-4.455523 -0.0602,-1.926712 -0.18063,-3.311537 -0.12042,-1.414929 -0.27094,-2.348181 -0.15053,-0.933251 -0.33116,-1.565454 v -0.120419 h 7.19507 v 0.120419 q -0.18063,0.632203 -0.36126,1.565454 -0.15052,0.933252 -0.27094,2.348181 -0.0903,1.384825 -0.18063,3.311537 -0.0602,1.896608 -0.0602,4.455523 v 19.59828 q 0,2.55891 0.0602,4.48563 0.0903,1.8966 0.18063,3.28143 0.12042,1.38482 0.27094,2.31807 0.18063,0.93326 0.36126,1.56546 v 0.12042 h -7.19507 z"
             id="path254"
             style="font-size:61.6548px;font-family:Marcellus;-inkscape-font-specification:Marcellus;fill:#3a5416;fill-opacity:1;fill-rule:evenodd;stroke:none;stroke-width:2.53877;stroke-linejoin:bevel;stroke-opacity:1;paint-order:stroke fill markers"
             transform="rotate(18.055612)"
             aria-label="I" /><path
             d="m 36.750166,145.69642 q -3.552376,0 -6.41234,0.33115 -2.859964,0.30105 -4.937201,0.66231 -2.408391,0.45157 -4.304998,0.99346 l 0.873041,-4.87699 q 0.361259,0.0301 1.083776,0.0602 0.722517,0.0301 1.595559,0.0602 0.903147,0.0301 1.866503,0.0602 0.993461,0 1.866503,0.0301 0.873041,0 1.535349,0.0301 0.692412,0 0.993461,0 h 17.189888 q 0.301049,0 0.963356,0 0.692412,-0.0301 1.565454,-0.0301 0.873042,-0.0301 1.836398,-0.0301 0.993461,-0.0301 1.866503,-0.0602 0.903146,-0.0301 1.625663,-0.0602 0.722518,-0.0301 1.083776,-0.0602 l 0.873042,4.87699 q -1.926713,-0.54189 -4.335103,-0.99346 -2.077237,-0.36126 -4.937201,-0.66231 -2.859964,-0.33115 -6.41234,-0.33115 v 28.75016 q 0,2.55892 0.06021,4.48563 0.09031,1.89661 0.18063,3.28143 0.120419,1.38483 0.270944,2.31808 0.180629,0.93325 0.361258,1.56545 v 0.12042 H 35.90723 v -0.12042 q 0.18063,-0.6322 0.331154,-1.56545 0.150524,-0.93325 0.270944,-2.31808 0.120419,-1.38482 0.180629,-3.28143 0.06021,-1.92671 0.06021,-4.48563 z"
             id="path255"
             style="font-size:61.6548px;font-family:Marcellus;-inkscape-font-specification:Marcellus;fill:#3a5416;fill-opacity:1;fill-rule:evenodd;stroke:none;stroke-width:2.53877;stroke-linejoin:bevel;stroke-opacity:1;paint-order:stroke fill markers"
             transform="rotate(-25.60554)"
             aria-label="T" /></g><g
           id="g257"
           style="fill:#3a5416;fill-opacity:1;stroke:none;stroke-opacity:1"
           transform="matrix(1.4113474,0,0,1.4113474,1507.5579,285.51925)"><path
             d="m 146.37399,116.87328 q 0.18063,-0.6322 0.33116,-1.56546 0.15052,-0.93325 0.27094,-2.31807 0.12042,-1.38483 0.18063,-3.28143 0.0602,-1.92672 0.0602,-4.48563 V 85.62441 q 0,-2.558915 -0.0602,-4.455523 -0.0602,-1.926712 -0.18063,-3.311537 -0.12042,-1.414929 -0.27094,-2.348181 -0.15053,-0.933251 -0.33116,-1.565454 v -0.120419 h 7.19507 v 0.120419 q -0.18063,0.632203 -0.36126,1.565454 -0.15052,0.933252 -0.27094,2.348181 -0.0903,1.384825 -0.18063,3.311537 -0.0602,1.896608 -0.0602,4.455523 v 19.59828 q 0,2.55891 0.0602,4.48563 0.0903,1.8966 0.18063,3.28143 0.12042,1.38482 0.27094,2.31807 0.18063,0.93326 0.36126,1.56546 v 0.12042 h -7.19507 z"
             id="path256"
             style="font-size:61.6548px;font-family:Marcellus;-inkscape-font-specification:Marcellus;fill:#3a5416;fill-opacity:1;fill-rule:evenodd;stroke:none;stroke-width:2.53877;stroke-linejoin:bevel;stroke-opacity:1;paint-order:stroke fill markers"
             transform="rotate(18.055612)"
             aria-label="I" /><path
             d="m 36.750166,145.69642 q -3.552376,0 -6.41234,0.33115 -2.859964,0.30105 -4.937201,0.66231 -2.408391,0.45157 -4.304998,0.99346 l 0.873041,-4.87699 q 0.361259,0.0301 1.083776,0.0602 0.722517,0.0301 1.595559,0.0602 0.903147,0.0301 1.866503,0.0602 0.993461,0 1.866503,0.0301 0.873041,0 1.535349,0.0301 0.692412,0 0.993461,0 h 17.189888 q 0.301049,0 0.963356,0 0.692412,-0.0301 1.565454,-0.0301 0.873042,-0.0301 1.836398,-0.0301 0.993461,-0.0301 1.866503,-0.0602 0.903146,-0.0301 1.625663,-0.0602 0.722518,-0.0301 1.083776,-0.0602 l 0.873042,4.87699 q -1.926713,-0.54189 -4.335103,-0.99346 -2.077237,-0.36126 -4.937201,-0.66231 -2.859964,-0.33115 -6.41234,-0.33115 v 28.75016 q 0,2.55892 0.06021,4.48563 0.09031,1.89661 0.18063,3.28143 0.120419,1.38483 0.270944,2.31808 0.180629,0.93325 0.361258,1.56545 v 0.12042 H 35.90723 v -0.12042 q 0.18063,-0.6322 0.331154,-1.56545 0.150524,-0.93325 0.270944,-2.31808 0.120419,-1.38482 0.180629,-3.28143 0.06021,-1.92671 0.06021,-4.48563 z"
             id="path257"
             style="font-size:61.6548px;font-family:Marcellus;-inkscape-font-specification:Marcellus;fill:#3a5416;fill-opacity:1;fill-rule:evenodd;stroke:none;stroke-width:2.53877;stroke-linejoin:bevel;stroke-opacity:1;paint-order:stroke fill markers"
             transform="rotate(-25.60554)"
             aria-label="T" /></g><g
           id="g259"
           style="fill:#3a5416;fill-opacity:1;stroke:none;stroke-opacity:1"
           transform="matrix(1.4113474,0,0,1.4113474,1439.751,362.08849)"><path
             d="m 146.37399,116.87328 q 0.18063,-0.6322 0.33116,-1.56546 0.15052,-0.93325 0.27094,-2.31807 0.12042,-1.38483 0.18063,-3.28143 0.0602,-1.92672 0.0602,-4.48563 V 85.62441 q 0,-2.558915 -0.0602,-4.455523 -0.0602,-1.926712 -0.18063,-3.311537 -0.12042,-1.414929 -0.27094,-2.348181 -0.15053,-0.933251 -0.33116,-1.565454 v -0.120419 h 7.19507 v 0.120419 q -0.18063,0.632203 -0.36126,1.565454 -0.15052,0.933252 -0.27094,2.348181 -0.0903,1.384825 -0.18063,3.311537 -0.0602,1.896608 -0.0602,4.455523 v 19.59828 q 0,2.55891 0.0602,4.48563 0.0903,1.8966 0.18063,3.28143 0.12042,1.38482 0.27094,2.31807 0.18063,0.93326 0.36126,1.56546 v 0.12042 h -7.19507 z"
             id="path258"
             style="font-size:61.6548px;font-family:Marcellus;-inkscape-font-specification:Marcellus;fill:#3a5416;fill-opacity:1;fill-rule:evenodd;stroke:none;stroke-width:2.53877;stroke-linejoin:bevel;stroke-opacity:1;paint-order:stroke fill markers"
             transform="rotate(18.055612)"
             aria-label="I" /><path
             d="m 36.750166,145.69642 q -3.552376,0 -6.41234,0.33115 -2.859964,0.30105 -4.937201,0.66231 -2.408391,0.45157 -4.304998,0.99346 l 0.873041,-4.87699 q 0.361259,0.0301 1.083776,0.0602 0.722517,0.0301 1.595559,0.0602 0.903147,0.0301 1.866503,0.0602 0.993461,0 1.866503,0.0301 0.873041,0 1.535349,0.0301 0.692412,0 0.993461,0 h 17.189888 q 0.301049,0 0.963356,0 0.692412,-0.0301 1.565454,-0.0301 0.873042,-0.0301 1.836398,-0.0301 0.993461,-0.0301 1.866503,-0.0602 0.903146,-0.0301 1.625663,-0.0602 0.722518,-0.0301 1.083776,-0.0602 l 0.873042,4.87699 q -1.926713,-0.54189 -4.335103,-0.99346 -2.077237,-0.36126 -4.937201,-0.66231 -2.859964,-0.33115 -6.41234,-0.33115 v 28.75016 q 0,2.55892 0.06021,4.48563 0.09031,1.89661 0.18063,3.28143 0.120419,1.38483 0.270944,2.31808 0.180629,0.93325 0.361258,1.56545 v 0.12042 H 35.90723 v -0.12042 q 0.18063,-0.6322 0.331154,-1.56545 0.150524,-0.93325 0.270944,-2.31808 0.120419,-1.38482 0.180629,-3.28143 0.06021,-1.92671 0.06021,-4.48563 z"
             id="path259"
             style="font-size:61.6548px;font-family:Marcellus;-inkscape-font-specification:Marcellus;fill:#3a5416;fill-opacity:1;fill-rule:evenodd;stroke:none;stroke-width:2.53877;stroke-linejoin:bevel;stroke-opacity:1;paint-order:stroke fill markers"
             transform="rotate(-25.60554)"
             aria-label="T" /></g><g
           id="g261"
           style="fill:#3a5416;fill-opacity:1;stroke:none;stroke-opacity:1"
           transform="matrix(1.4113474,0,0,1.4113474,1508.3735,362.08849)"><path
             d="m 146.37399,116.87328 q 0.18063,-0.6322 0.33116,-1.56546 0.15052,-0.93325 0.27094,-2.31807 0.12042,-1.38483 0.18063,-3.28143 0.0602,-1.92672 0.0602,-4.48563 V 85.62441 q 0,-2.558915 -0.0602,-4.455523 -0.0602,-1.926712 -0.18063,-3.311537 -0.12042,-1.414929 -0.27094,-2.348181 -0.15053,-0.933251 -0.33116,-1.565454 v -0.120419 h 7.19507 v 0.120419 q -0.18063,0.632203 -0.36126,1.565454 -0.15052,0.933252 -0.27094,2.348181 -0.0903,1.384825 -0.18063,3.311537 -0.0602,1.896608 -0.0602,4.455523 v 19.59828 q 0,2.55891 0.0602,4.48563 0.0903,1.8966 0.18063,3.28143 0.12042,1.38482 0.27094,2.31807 0.18063,0.93326 0.36126,1.56546 v 0.12042 h -7.19507 z"
             id="path260"
             style="font-size:61.6548px;font-family:Marcellus;-inkscape-font-specification:Marcellus;fill:#3a5416;fill-opacity:1;fill-rule:evenodd;stroke:none;stroke-width:2.53877;stroke-linejoin:bevel;stroke-opacity:1;paint-order:stroke fill markers"
             transform="rotate(18.055612)"
             aria-label="I" /><path
             d="m 36.750166,145.69642 q -3.552376,0 -6.41234,0.33115 -2.859964,0.30105 -4.937201,0.66231 -2.408391,0.45157 -4.304998,0.99346 l 0.873041,-4.87699 q 0.361259,0.0301 1.083776,0.0602 0.722517,0.0301 1.595559,0.0602 0.903147,0.0301 1.866503,0.0602 0.993461,0 1.866503,0.0301 0.873041,0 1.535349,0.0301 0.692412,0 0.993461,0 h 17.189888 q 0.301049,0 0.963356,0 0.692412,-0.0301 1.565454,-0.0301 0.873042,-0.0301 1.836398,-0.0301 0.993461,-0.0301 1.866503,-0.0602 0.903146,-0.0301 1.625663,-0.0602 0.722518,-0.0301 1.083776,-0.0602 l 0.873042,4.87699 q -1.926713,-0.54189 -4.335103,-0.99346 -2.077237,-0.36126 -4.937201,-0.66231 -2.859964,-0.33115 -6.41234,-0.33115 v 28.75016 q 0,2.55892 0.06021,4.48563 0.09031,1.89661 0.18063,3.28143 0.120419,1.38483 0.270944,2.31808 0.180629,0.93325 0.361258,1.56545 v 0.12042 H 35.90723 v -0.12042 q 0.18063,-0.6322 0.331154,-1.56545 0.150524,-0.93325 0.270944,-2.31808 0.120419,-1.38482 0.180629,-3.28143 0.06021,-1.92671 0.06021,-4.48563 z"
             id="path261"
             style="font-size:61.6548px;font-family:Marcellus;-inkscape-font-specification:Marcellus;fill:#3a5416;fill-opacity:1;fill-rule:evenodd;stroke:none;stroke-width:2.53877;stroke-linejoin:bevel;stroke-opacity:1;paint-order:stroke fill markers"
             transform="rotate(-25.60554)"
             aria-label="T" /></g><g
           id="g263"
           style="fill:#3a5416;fill-opacity:1;stroke:none;stroke-opacity:1"
           transform="matrix(1.4113474,0,0,1.4113474,1575.5713,285.51925)"><path
             d="m 146.37399,116.87328 q 0.18063,-0.6322 0.33116,-1.56546 0.15052,-0.93325 0.27094,-2.31807 0.12042,-1.38483 0.18063,-3.28143 0.0602,-1.92672 0.0602,-4.48563 V 85.62441 q 0,-2.558915 -0.0602,-4.455523 -0.0602,-1.926712 -0.18063,-3.311537 -0.12042,-1.414929 -0.27094,-2.348181 -0.15053,-0.933251 -0.33116,-1.565454 v -0.120419 h 7.19507 v 0.120419 q -0.18063,0.632203 -0.36126,1.565454 -0.15052,0.933252 -0.27094,2.348181 -0.0903,1.384825 -0.18063,3.311537 -0.0602,1.896608 -0.0602,4.455523 v 19.59828 q 0,2.55891 0.0602,4.48563 0.0903,1.8966 0.18063,3.28143 0.12042,1.38482 0.27094,2.31807 0.18063,0.93326 0.36126,1.56546 v 0.12042 h -7.19507 z"
             id="path262"
             style="font-size:61.6548px;font-family:Marcellus;-inkscape-font-specification:Marcellus;fill:#3a5416;fill-opacity:1;fill-rule:evenodd;stroke:none;stroke-width:2.53877;stroke-linejoin:bevel;stroke-opacity:1;paint-order:stroke fill markers"
             transform="rotate(18.055612)"
             aria-label="I" /><path
             d="m 36.750166,145.69642 q -3.552376,0 -6.41234,0.33115 -2.859964,0.30105 -4.937201,0.66231 -2.408391,0.45157 -4.304998,0.99346 l 0.873041,-4.87699 q 0.361259,0.0301 1.083776,0.0602 0.722517,0.0301 1.595559,0.0602 0.903147,0.0301 1.866503,0.0602 0.993461,0 1.866503,0.0301 0.873041,0 1.535349,0.0301 0.692412,0 0.993461,0 h 17.189888 q 0.301049,0 0.963356,0 0.692412,-0.0301 1.565454,-0.0301 0.873042,-0.0301 1.836398,-0.0301 0.993461,-0.0301 1.866503,-0.0602 0.903146,-0.0301 1.625663,-0.0602 0.722518,-0.0301 1.083776,-0.0602 l 0.873042,4.87699 q -1.926713,-0.54189 -4.335103,-0.99346 -2.077237,-0.36126 -4.937201,-0.66231 -2.859964,-0.33115 -6.41234,-0.33115 v 28.75016 q 0,2.55892 0.06021,4.48563 0.09031,1.89661 0.18063,3.28143 0.120419,1.38483 0.270944,2.31808 0.180629,0.93325 0.361258,1.56545 v 0.12042 H 35.90723 v -0.12042 q 0.18063,-0.6322 0.331154,-1.56545 0.150524,-0.93325 0.270944,-2.31808 0.120419,-1.38482 0.180629,-3.28143 0.06021,-1.92671 0.06021,-4.48563 z"
             id="path263"
             style="font-size:61.6548px;font-family:Marcellus;-inkscape-font-specification:Marcellus;fill:#3a5416;fill-opacity:1;fill-rule:evenodd;stroke:none;stroke-width:2.53877;stroke-linejoin:bevel;stroke-opacity:1;paint-order:stroke fill markers"
             transform="rotate(-25.60554)"
             aria-label="T" /></g><g
           id="g265"
           style="fill:#3a5416;fill-opacity:1;stroke:none;stroke-opacity:1"
           transform="matrix(1.4113474,0,0,1.4113474,1644.1938,285.51925)"><path
             d="m 146.37399,116.87328 q 0.18063,-0.6322 0.33116,-1.56546 0.15052,-0.93325 0.27094,-2.31807 0.12042,-1.38483 0.18063,-3.28143 0.0602,-1.92672 0.0602,-4.48563 V 85.62441 q 0,-2.558915 -0.0602,-4.455523 -0.0602,-1.926712 -0.18063,-3.311537 -0.12042,-1.414929 -0.27094,-2.348181 -0.15053,-0.933251 -0.33116,-1.565454 v -0.120419 h 7.19507 v 0.120419 q -0.18063,0.632203 -0.36126,1.565454 -0.15052,0.933252 -0.27094,2.348181 -0.0903,1.384825 -0.18063,3.311537 -0.0602,1.896608 -0.0602,4.455523 v 19.59828 q 0,2.55891 0.0602,4.48563 0.0903,1.8966 0.18063,3.28143 0.12042,1.38482 0.27094,2.31807 0.18063,0.93326 0.36126,1.56546 v 0.12042 h -7.19507 z"
             id="path264"
             style="font-size:61.6548px;font-family:Marcellus;-inkscape-font-specification:Marcellus;fill:#3a5416;fill-opacity:1;fill-rule:evenodd;stroke:none;stroke-width:2.53877;stroke-linejoin:bevel;stroke-opacity:1;paint-order:stroke fill markers"
             transform="rotate(18.055612)"
             aria-label="I" /><path
             d="m 36.750166,145.69642 q -3.552376,0 -6.41234,0.33115 -2.859964,0.30105 -4.937201,0.66231 -2.408391,0.45157 -4.304998,0.99346 l 0.873041,-4.87699 q 0.361259,0.0301 1.083776,0.0602 0.722517,0.0301 1.595559,0.0602 0.903147,0.0301 1.866503,0.0602 0.993461,0 1.866503,0.0301 0.873041,0 1.535349,0.0301 0.692412,0 0.993461,0 h 17.189888 q 0.301049,0 0.963356,0 0.692412,-0.0301 1.565454,-0.0301 0.873042,-0.0301 1.836398,-0.0301 0.993461,-0.0301 1.866503,-0.0602 0.903146,-0.0301 1.625663,-0.0602 0.722518,-0.0301 1.083776,-0.0602 l 0.873042,4.87699 q -1.926713,-0.54189 -4.335103,-0.99346 -2.077237,-0.36126 -4.937201,-0.66231 -2.859964,-0.33115 -6.41234,-0.33115 v 28.75016 q 0,2.55892 0.06021,4.48563 0.09031,1.89661 0.18063,3.28143 0.120419,1.38483 0.270944,2.31808 0.180629,0.93325 0.361258,1.56545 v 0.12042 H 35.90723 v -0.12042 q 0.18063,-0.6322 0.331154,-1.56545 0.150524,-0.93325 0.270944,-2.31808 0.120419,-1.38482 0.180629,-3.28143 0.06021,-1.92671 0.06021,-4.48563 z"
             id="path265"
             style="font-size:61.6548px;font-family:Marcellus;-inkscape-font-specification:Marcellus;fill:#3a5416;fill-opacity:1;fill-rule:evenodd;stroke:none;stroke-width:2.53877;stroke-linejoin:bevel;stroke-opacity:1;paint-order:stroke fill markers"
             transform="rotate(-25.60554)"
             aria-label="T" /></g><g
           id="g267"
           style="fill:#3a5416;fill-opacity:1;stroke:none;stroke-opacity:1"
           transform="matrix(1.4113474,0,0,1.4113474,1576.3869,362.08849)"><path
             d="m 146.37399,116.87328 q 0.18063,-0.6322 0.33116,-1.56546 0.15052,-0.93325 0.27094,-2.31807 0.12042,-1.38483 0.18063,-3.28143 0.0602,-1.92672 0.0602,-4.48563 V 85.62441 q 0,-2.558915 -0.0602,-4.455523 -0.0602,-1.926712 -0.18063,-3.311537 -0.12042,-1.414929 -0.27094,-2.348181 -0.15053,-0.933251 -0.33116,-1.565454 v -0.120419 h 7.19507 v 0.120419 q -0.18063,0.632203 -0.36126,1.565454 -0.15052,0.933252 -0.27094,2.348181 -0.0903,1.384825 -0.18063,3.311537 -0.0602,1.896608 -0.0602,4.455523 v 19.59828 q 0,2.55891 0.0602,4.48563 0.0903,1.8966 0.18063,3.28143 0.12042,1.38482 0.27094,2.31807 0.18063,0.93326 0.36126,1.56546 v 0.12042 h -7.19507 z"
             id="path266"
             style="font-size:61.6548px;font-family:Marcellus;-inkscape-font-specification:Marcellus;fill:#3a5416;fill-opacity:1;fill-rule:evenodd;stroke:none;stroke-width:2.53877;stroke-linejoin:bevel;stroke-opacity:1;paint-order:stroke fill markers"
             transform="rotate(18.055612)"
             aria-label="I" /><path
             d="m 36.750166,145.69642 q -3.552376,0 -6.41234,0.33115 -2.859964,0.30105 -4.937201,0.66231 -2.408391,0.45157 -4.304998,0.99346 l 0.873041,-4.87699 q 0.361259,0.0301 1.083776,0.0602 0.722517,0.0301 1.595559,0.0602 0.903147,0.0301 1.866503,0.0602 0.993461,0 1.866503,0.0301 0.873041,0 1.535349,0.0301 0.692412,0 0.993461,0 h 17.189888 q 0.301049,0 0.963356,0 0.692412,-0.0301 1.565454,-0.0301 0.873042,-0.0301 1.836398,-0.0301 0.993461,-0.0301 1.866503,-0.0602 0.903146,-0.0301 1.625663,-0.0602 0.722518,-0.0301 1.083776,-0.0602 l 0.873042,4.87699 q -1.926713,-0.54189 -4.335103,-0.99346 -2.077237,-0.36126 -4.937201,-0.66231 -2.859964,-0.33115 -6.41234,-0.33115 v 28.75016 q 0,2.55892 0.06021,4.48563 0.09031,1.89661 0.18063,3.28143 0.120419,1.38483 0.270944,2.31808 0.180629,0.93325 0.361258,1.56545 v 0.12042 H 35.90723 v -0.12042 q 0.18063,-0.6322 0.331154,-1.56545 0.150524,-0.93325 0.270944,-2.31808 0.120419,-1.38482 0.180629,-3.28143 0.06021,-1.92671 0.06021,-4.48563 z"
             id="path267"
             style="font-size:61.6548px;font-family:Marcellus;-inkscape-font-specification:Marcellus;fill:#3a5416;fill-opacity:1;fill-rule:evenodd;stroke:none;stroke-width:2.53877;stroke-linejoin:bevel;stroke-opacity:1;paint-order:stroke fill markers"
             transform="rotate(-25.60554)"
             aria-label="T" /></g><g
           id="g269"
           style="fill:#3a5416;fill-opacity:1;stroke:none;stroke-opacity:1"
           transform="matrix(1.4113474,0,0,1.4113474,1645.0094,362.08849)"><path
             d="m 146.37399,116.87328 q 0.18063,-0.6322 0.33116,-1.56546 0.15052,-0.93325 0.27094,-2.31807 0.12042,-1.38483 0.18063,-3.28143 0.0602,-1.92672 0.0602,-4.48563 V 85.62441 q 0,-2.558915 -0.0602,-4.455523 -0.0602,-1.926712 -0.18063,-3.311537 -0.12042,-1.414929 -0.27094,-2.348181 -0.15053,-0.933251 -0.33116,-1.565454 v -0.120419 h 7.19507 v 0.120419 q -0.18063,0.632203 -0.36126,1.565454 -0.15052,0.933252 -0.27094,2.348181 -0.0903,1.384825 -0.18063,3.311537 -0.0602,1.896608 -0.0602,4.455523 v 19.59828 q 0,2.55891 0.0602,4.48563 0.0903,1.8966 0.18063,3.28143 0.12042,1.38482 0.27094,2.31807 0.18063,0.93326 0.36126,1.56546 v 0.12042 h -7.19507 z"
             id="path268"
             style="font-size:61.6548px;font-family:Marcellus;-inkscape-font-specification:Marcellus;fill:#3a5416;fill-opacity:1;fill-rule:evenodd;stroke:none;stroke-width:2.53877;stroke-linejoin:bevel;stroke-opacity:1;paint-order:stroke fill markers"
             transform="rotate(18.055612)"
             aria-label="I" /><path
             d="m 36.750166,145.69642 q -3.552376,0 -6.41234,0.33115 -2.859964,0.30105 -4.937201,0.66231 -2.408391,0.45157 -4.304998,0.99346 l 0.873041,-4.87699 q 0.361259,0.0301 1.083776,0.0602 0.722517,0.0301 1.595559,0.0602 0.903147,0.0301 1.866503,0.0602 0.993461,0 1.866503,0.0301 0.873041,0 1.535349,0.0301 0.692412,0 0.993461,0 h 17.189888 q 0.301049,0 0.963356,0 0.692412,-0.0301 1.565454,-0.0301 0.873042,-0.0301 1.836398,-0.0301 0.993461,-0.0301 1.866503,-0.0602 0.903146,-0.0301 1.625663,-0.0602 0.722518,-0.0301 1.083776,-0.0602 l 0.873042,4.87699 q -1.926713,-0.54189 -4.335103,-0.99346 -2.077237,-0.36126 -4.937201,-0.66231 -2.859964,-0.33115 -6.41234,-0.33115 v 28.75016 q 0,2.55892 0.06021,4.48563 0.09031,1.89661 0.18063,3.28143 0.120419,1.38483 0.270944,2.31808 0.180629,0.93325 0.361258,1.56545 v 0.12042 H 35.90723 v -0.12042 q 0.18063,-0.6322 0.331154,-1.56545 0.150524,-0.93325 0.270944,-2.31808 0.120419,-1.38482 0.180629,-3.28143 0.06021,-1.92671 0.06021,-4.48563 z"
             id="path269"
             style="font-size:61.6548px;font-family:Marcellus;-inkscape-font-specification:Marcellus;fill:#3a5416;fill-opacity:1;fill-rule:evenodd;stroke:none;stroke-width:2.53877;stroke-linejoin:bevel;stroke-opacity:1;paint-order:stroke fill markers"
             transform="rotate(-25.60554)"
             aria-label="T" /></g><g
           id="g271"
           style="fill:#3a5416;fill-opacity:1;stroke:none;stroke-opacity:1"
           transform="matrix(1.4113474,0,0,1.4113474,1575.5713,285.51925)"><path
             d="m 146.37399,116.87328 q 0.18063,-0.6322 0.33116,-1.56546 0.15052,-0.93325 0.27094,-2.31807 0.12042,-1.38483 0.18063,-3.28143 0.0602,-1.92672 0.0602,-4.48563 V 85.62441 q 0,-2.558915 -0.0602,-4.455523 -0.0602,-1.926712 -0.18063,-3.311537 -0.12042,-1.414929 -0.27094,-2.348181 -0.15053,-0.933251 -0.33116,-1.565454 v -0.120419 h 7.19507 v 0.120419 q -0.18063,0.632203 -0.36126,1.565454 -0.15052,0.933252 -0.27094,2.348181 -0.0903,1.384825 -0.18063,3.311537 -0.0602,1.896608 -0.0602,4.455523 v 19.59828 q 0,2.55891 0.0602,4.48563 0.0903,1.8966 0.18063,3.28143 0.12042,1.38482 0.27094,2.31807 0.18063,0.93326 0.36126,1.56546 v 0.12042 h -7.19507 z"
             id="path270"
             style="font-size:61.6548px;font-family:Marcellus;-inkscape-font-specification:Marcellus;fill:#3a5416;fill-opacity:1;fill-rule:evenodd;stroke:none;stroke-width:2.53877;stroke-linejoin:bevel;stroke-opacity:1;paint-order:stroke fill markers"
             transform="rotate(18.055612)"
             aria-label="I" /><path
             d="m 36.750166,145.69642 q -3.552376,0 -6.41234,0.33115 -2.859964,0.30105 -4.937201,0.66231 -2.408391,0.45157 -4.304998,0.99346 l 0.873041,-4.87699 q 0.361259,0.0301 1.083776,0.0602 0.722517,0.0301 1.595559,0.0602 0.903147,0.0301 1.866503,0.0602 0.993461,0 1.866503,0.0301 0.873041,0 1.535349,0.0301 0.692412,0 0.993461,0 h 17.189888 q 0.301049,0 0.963356,0 0.692412,-0.0301 1.565454,-0.0301 0.873042,-0.0301 1.836398,-0.0301 0.993461,-0.0301 1.866503,-0.0602 0.903146,-0.0301 1.625663,-0.0602 0.722518,-0.0301 1.083776,-0.0602 l 0.873042,4.87699 q -1.926713,-0.54189 -4.335103,-0.99346 -2.077237,-0.36126 -4.937201,-0.66231 -2.859964,-0.33115 -6.41234,-0.33115 v 28.75016 q 0,2.55892 0.06021,4.48563 0.09031,1.89661 0.18063,3.28143 0.120419,1.38483 0.270944,2.31808 0.180629,0.93325 0.361258,1.56545 v 0.12042 H 35.90723 v -0.12042 q 0.18063,-0.6322 0.331154,-1.56545 0.150524,-0.93325 0.270944,-2.31808 0.120419,-1.38482 0.180629,-3.28143 0.06021,-1.92671 0.06021,-4.48563 z"
             id="path271"
             style="font-size:61.6548px;font-family:Marcellus;-inkscape-font-specification:Marcellus;fill:#3a5416;fill-opacity:1;fill-rule:evenodd;stroke:none;stroke-width:2.53877;stroke-linejoin:bevel;stroke-opacity:1;paint-order:stroke fill markers"
             transform="rotate(-25.60554)"
             aria-label="T" /></g><g
           id="g273"
           style="fill:#3a5416;fill-opacity:1;stroke:none;stroke-opacity:1"
           transform="matrix(1.4113474,0,0,1.4113474,1644.1938,285.51925)"><path
             d="m 146.37399,116.87328 q 0.18063,-0.6322 0.33116,-1.56546 0.15052,-0.93325 0.27094,-2.31807 0.12042,-1.38483 0.18063,-3.28143 0.0602,-1.92672 0.0602,-4.48563 V 85.62441 q 0,-2.558915 -0.0602,-4.455523 -0.0602,-1.926712 -0.18063,-3.311537 -0.12042,-1.414929 -0.27094,-2.348181 -0.15053,-0.933251 -0.33116,-1.565454 v -0.120419 h 7.19507 v 0.120419 q -0.18063,0.632203 -0.36126,1.565454 -0.15052,0.933252 -0.27094,2.348181 -0.0903,1.384825 -0.18063,3.311537 -0.0602,1.896608 -0.0602,4.455523 v 19.59828 q 0,2.55891 0.0602,4.48563 0.0903,1.8966 0.18063,3.28143 0.12042,1.38482 0.27094,2.31807 0.18063,0.93326 0.36126,1.56546 v 0.12042 h -7.19507 z"
             id="path272"
             style="font-size:61.6548px;font-family:Marcellus;-inkscape-font-specification:Marcellus;fill:#3a5416;fill-opacity:1;fill-rule:evenodd;stroke:none;stroke-width:2.53877;stroke-linejoin:bevel;stroke-opacity:1;paint-order:stroke fill markers"
             transform="rotate(18.055612)"
             aria-label="I" /><path
             d="m 36.750166,145.69642 q -3.552376,0 -6.41234,0.33115 -2.859964,0.30105 -4.937201,0.66231 -2.408391,0.45157 -4.304998,0.99346 l 0.873041,-4.87699 q 0.361259,0.0301 1.083776,0.0602 0.722517,0.0301 1.595559,0.0602 0.903147,0.0301 1.866503,0.0602 0.993461,0 1.866503,0.0301 0.873041,0 1.535349,0.0301 0.692412,0 0.993461,0 h 17.189888 q 0.301049,0 0.963356,0 0.692412,-0.0301 1.565454,-0.0301 0.873042,-0.0301 1.836398,-0.0301 0.993461,-0.0301 1.866503,-0.0602 0.903146,-0.0301 1.625663,-0.0602 0.722518,-0.0301 1.083776,-0.0602 l 0.873042,4.87699 q -1.926713,-0.54189 -4.335103,-0.99346 -2.077237,-0.36126 -4.937201,-0.66231 -2.859964,-0.33115 -6.41234,-0.33115 v 28.75016 q 0,2.55892 0.06021,4.48563 0.09031,1.89661 0.18063,3.28143 0.120419,1.38483 0.270944,2.31808 0.180629,0.93325 0.361258,1.56545 v 0.12042 H 35.90723 v -0.12042 q 0.18063,-0.6322 0.331154,-1.56545 0.150524,-0.93325 0.270944,-2.31808 0.120419,-1.38482 0.180629,-3.28143 0.06021,-1.92671 0.06021,-4.48563 z"
             id="path273"
             style="font-size:61.6548px;font-family:Marcellus;-inkscape-font-specification:Marcellus;fill:#3a5416;fill-opacity:1;fill-rule:evenodd;stroke:none;stroke-width:2.53877;stroke-linejoin:bevel;stroke-opacity:1;paint-order:stroke fill markers"
             transform="rotate(-25.60554)"
             aria-label="T" /></g><g
           id="g275"
           style="fill:#3a5416;fill-opacity:1;stroke:none;stroke-opacity:1"
           transform="matrix(1.4113474,0,0,1.4113474,1576.3869,362.08849)"><path
             d="m 146.37399,116.87328 q 0.18063,-0.6322 0.33116,-1.56546 0.15052,-0.93325 0.27094,-2.31807 0.12042,-1.38483 0.18063,-3.28143 0.0602,-1.92672 0.0602,-4.48563 V 85.62441 q 0,-2.558915 -0.0602,-4.455523 -0.0602,-1.926712 -0.18063,-3.311537 -0.12042,-1.414929 -0.27094,-2.348181 -0.15053,-0.933251 -0.33116,-1.565454 v -0.120419 h 7.19507 v 0.120419 q -0.18063,0.632203 -0.36126,1.565454 -0.15052,0.933252 -0.27094,2.348181 -0.0903,1.384825 -0.18063,3.311537 -0.0602,1.896608 -0.0602,4.455523 v 19.59828 q 0,2.55891 0.0602,4.48563 0.0903,1.8966 0.18063,3.28143 0.12042,1.38482 0.27094,2.31807 0.18063,0.93326 0.36126,1.56546 v 0.12042 h -7.19507 z"
             id="path274"
             style="font-size:61.6548px;font-family:Marcellus;-inkscape-font-specification:Marcellus;fill:#3a5416;fill-opacity:1;fill-rule:evenodd;stroke:none;stroke-width:2.53877;stroke-linejoin:bevel;stroke-opacity:1;paint-order:stroke fill markers"
             transform="rotate(18.055612)"
             aria-label="I" /><path
             d="m 36.750166,145.69642 q -3.552376,0 -6.41234,0.33115 -2.859964,0.30105 -4.937201,0.66231 -2.408391,0.45157 -4.304998,0.99346 l 0.873041,-4.87699 q 0.361259,0.0301 1.083776,0.0602 0.722517,0.0301 1.595559,0.0602 0.903147,0.0301 1.866503,0.0602 0.993461,0 1.866503,0.0301 0.873041,0 1.535349,0.0301 0.692412,0 0.993461,0 h 17.189888 q 0.301049,0 0.963356,0 0.692412,-0.0301 1.565454,-0.0301 0.873042,-0.0301 1.836398,-0.0301 0.993461,-0.0301 1.866503,-0.0602 0.903146,-0.0301 1.625663,-0.0602 0.722518,-0.0301 1.083776,-0.0602 l 0.873042,4.87699 q -1.926713,-0.54189 -4.335103,-0.99346 -2.077237,-0.36126 -4.937201,-0.66231 -2.859964,-0.33115 -6.41234,-0.33115 v 28.75016 q 0,2.55892 0.06021,4.48563 0.09031,1.89661 0.18063,3.28143 0.120419,1.38483 0.270944,2.31808 0.180629,0.93325 0.361258,1.56545 v 0.12042 H 35.90723 v -0.12042 q 0.18063,-0.6322 0.331154,-1.56545 0.150524,-0.93325 0.270944,-2.31808 0.120419,-1.38482 0.180629,-3.28143 0.06021,-1.92671 0.06021,-4.48563 z"
             id="path275"
             style="font-size:61.6548px;font-family:Marcellus;-inkscape-font-specification:Marcellus;fill:#3a5416;fill-opacity:1;fill-rule:evenodd;stroke:none;stroke-width:2.53877;stroke-linejoin:bevel;stroke-opacity:1;paint-order:stroke fill markers"
             transform="rotate(-25.60554)"
             aria-label="T" /></g><g
           id="g277"
           style="fill:#3a5416;fill-opacity:1;stroke:none;stroke-opacity:1"
           transform="matrix(1.4113474,0,0,1.4113474,1645.0094,362.08849)"><path
             d="m 146.37399,116.87328 q 0.18063,-0.6322 0.33116,-1.56546 0.15052,-0.93325 0.27094,-2.31807 0.12042,-1.38483 0.18063,-3.28143 0.0602,-1.92672 0.0602,-4.48563 V 85.62441 q 0,-2.558915 -0.0602,-4.455523 -0.0602,-1.926712 -0.18063,-3.311537 -0.12042,-1.414929 -0.27094,-2.348181 -0.15053,-0.933251 -0.33116,-1.565454 v -0.120419 h 7.19507 v 0.120419 q -0.18063,0.632203 -0.36126,1.565454 -0.15052,0.933252 -0.27094,2.348181 -0.0903,1.384825 -0.18063,3.311537 -0.0602,1.896608 -0.0602,4.455523 v 19.59828 q 0,2.55891 0.0602,4.48563 0.0903,1.8966 0.18063,3.28143 0.12042,1.38482 0.27094,2.31807 0.18063,0.93326 0.36126,1.56546 v 0.12042 h -7.19507 z"
             id="path276"
             style="font-size:61.6548px;font-family:Marcellus;-inkscape-font-specification:Marcellus;fill:#3a5416;fill-opacity:1;fill-rule:evenodd;stroke:none;stroke-width:2.53877;stroke-linejoin:bevel;stroke-opacity:1;paint-order:stroke fill markers"
             transform="rotate(18.055612)"
             aria-label="I" /><path
             d="m 36.750166,145.69642 q -3.552376,0 -6.41234,0.33115 -2.859964,0.30105 -4.937201,0.66231 -2.408391,0.45157 -4.304998,0.99346 l 0.873041,-4.87699 q 0.361259,0.0301 1.083776,0.0602 0.722517,0.0301 1.595559,0.0602 0.903147,0.0301 1.866503,0.0602 0.993461,0 1.866503,0.0301 0.873041,0 1.535349,0.0301 0.692412,0 0.993461,0 h 17.189888 q 0.301049,0 0.963356,0 0.692412,-0.0301 1.565454,-0.0301 0.873042,-0.0301 1.836398,-0.0301 0.993461,-0.0301 1.866503,-0.0602 0.903146,-0.0301 1.625663,-0.0602 0.722518,-0.0301 1.083776,-0.0602 l 0.873042,4.87699 q -1.926713,-0.54189 -4.335103,-0.99346 -2.077237,-0.36126 -4.937201,-0.66231 -2.859964,-0.33115 -6.41234,-0.33115 v 28.75016 q 0,2.55892 0.06021,4.48563 0.09031,1.89661 0.18063,3.28143 0.120419,1.38483 0.270944,2.31808 0.180629,0.93325 0.361258,1.56545 v 0.12042 H 35.90723 v -0.12042 q 0.18063,-0.6322 0.331154,-1.56545 0.150524,-0.93325 0.270944,-2.31808 0.120419,-1.38482 0.180629,-3.28143 0.06021,-1.92671 0.06021,-4.48563 z"
             id="path277"
             style="font-size:61.6548px;font-family:Marcellus;-inkscape-font-specification:Marcellus;fill:#3a5416;fill-opacity:1;fill-rule:evenodd;stroke:none;stroke-width:2.53877;stroke-linejoin:bevel;stroke-opacity:1;paint-order:stroke fill markers"
             transform="rotate(-25.60554)"
             aria-label="T" /></g></g><g
         id="g406"
         transform="translate(269.36375,0.3155452)"
         style="fill:#3a5416;fill-opacity:1;stroke:none;stroke-opacity:1"><g
           id="g279"
           style="fill:#3a5416;fill-opacity:1;stroke:none;stroke-opacity:1"
           transform="matrix(1.4113474,0,0,1.4113474,1438.9354,285.51925)"><path
             d="m 146.37399,116.87328 q 0.18063,-0.6322 0.33116,-1.56546 0.15052,-0.93325 0.27094,-2.31807 0.12042,-1.38483 0.18063,-3.28143 0.0602,-1.92672 0.0602,-4.48563 V 85.62441 q 0,-2.558915 -0.0602,-4.455523 -0.0602,-1.926712 -0.18063,-3.311537 -0.12042,-1.414929 -0.27094,-2.348181 -0.15053,-0.933251 -0.33116,-1.565454 v -0.120419 h 7.19507 v 0.120419 q -0.18063,0.632203 -0.36126,1.565454 -0.15052,0.933252 -0.27094,2.348181 -0.0903,1.384825 -0.18063,3.311537 -0.0602,1.896608 -0.0602,4.455523 v 19.59828 q 0,2.55891 0.0602,4.48563 0.0903,1.8966 0.18063,3.28143 0.12042,1.38482 0.27094,2.31807 0.18063,0.93326 0.36126,1.56546 v 0.12042 h -7.19507 z"
             id="path278"
             style="font-size:61.6548px;font-family:Marcellus;-inkscape-font-specification:Marcellus;fill:#3a5416;fill-opacity:1;fill-rule:evenodd;stroke:none;stroke-width:2.53877;stroke-linejoin:bevel;stroke-opacity:1;paint-order:stroke fill markers"
             transform="rotate(18.055612)"
             aria-label="I" /><path
             d="m 36.750166,145.69642 q -3.552376,0 -6.41234,0.33115 -2.859964,0.30105 -4.937201,0.66231 -2.408391,0.45157 -4.304998,0.99346 l 0.873041,-4.87699 q 0.361259,0.0301 1.083776,0.0602 0.722517,0.0301 1.595559,0.0602 0.903147,0.0301 1.866503,0.0602 0.993461,0 1.866503,0.0301 0.873041,0 1.535349,0.0301 0.692412,0 0.993461,0 h 17.189888 q 0.301049,0 0.963356,0 0.692412,-0.0301 1.565454,-0.0301 0.873042,-0.0301 1.836398,-0.0301 0.993461,-0.0301 1.866503,-0.0602 0.903146,-0.0301 1.625663,-0.0602 0.722518,-0.0301 1.083776,-0.0602 l 0.873042,4.87699 q -1.926713,-0.54189 -4.335103,-0.99346 -2.077237,-0.36126 -4.937201,-0.66231 -2.859964,-0.33115 -6.41234,-0.33115 v 28.75016 q 0,2.55892 0.06021,4.48563 0.09031,1.89661 0.18063,3.28143 0.120419,1.38483 0.270944,2.31808 0.180629,0.93325 0.361258,1.56545 v 0.12042 H 35.90723 v -0.12042 q 0.18063,-0.6322 0.331154,-1.56545 0.150524,-0.93325 0.270944,-2.31808 0.120419,-1.38482 0.180629,-3.28143 0.06021,-1.92671 0.06021,-4.48563 z"
             id="path279"
             style="font-size:61.6548px;font-family:Marcellus;-inkscape-font-specification:Marcellus;fill:#3a5416;fill-opacity:1;fill-rule:evenodd;stroke:none;stroke-width:2.53877;stroke-linejoin:bevel;stroke-opacity:1;paint-order:stroke fill markers"
             transform="rotate(-25.60554)"
             aria-label="T" /></g><g
           id="g281"
           style="fill:#3a5416;fill-opacity:1;stroke:none;stroke-opacity:1"
           transform="matrix(1.4113474,0,0,1.4113474,1507.5579,285.51925)"><path
             d="m 146.37399,116.87328 q 0.18063,-0.6322 0.33116,-1.56546 0.15052,-0.93325 0.27094,-2.31807 0.12042,-1.38483 0.18063,-3.28143 0.0602,-1.92672 0.0602,-4.48563 V 85.62441 q 0,-2.558915 -0.0602,-4.455523 -0.0602,-1.926712 -0.18063,-3.311537 -0.12042,-1.414929 -0.27094,-2.348181 -0.15053,-0.933251 -0.33116,-1.565454 v -0.120419 h 7.19507 v 0.120419 q -0.18063,0.632203 -0.36126,1.565454 -0.15052,0.933252 -0.27094,2.348181 -0.0903,1.384825 -0.18063,3.311537 -0.0602,1.896608 -0.0602,4.455523 v 19.59828 q 0,2.55891 0.0602,4.48563 0.0903,1.8966 0.18063,3.28143 0.12042,1.38482 0.27094,2.31807 0.18063,0.93326 0.36126,1.56546 v 0.12042 h -7.19507 z"
             id="path280"
             style="font-size:61.6548px;font-family:Marcellus;-inkscape-font-specification:Marcellus;fill:#3a5416;fill-opacity:1;fill-rule:evenodd;stroke:none;stroke-width:2.53877;stroke-linejoin:bevel;stroke-opacity:1;paint-order:stroke fill markers"
             transform="rotate(18.055612)"
             aria-label="I" /><path
             d="m 36.750166,145.69642 q -3.552376,0 -6.41234,0.33115 -2.859964,0.30105 -4.937201,0.66231 -2.408391,0.45157 -4.304998,0.99346 l 0.873041,-4.87699 q 0.361259,0.0301 1.083776,0.0602 0.722517,0.0301 1.595559,0.0602 0.903147,0.0301 1.866503,0.0602 0.993461,0 1.866503,0.0301 0.873041,0 1.535349,0.0301 0.692412,0 0.993461,0 h 17.189888 q 0.301049,0 0.963356,0 0.692412,-0.0301 1.565454,-0.0301 0.873042,-0.0301 1.836398,-0.0301 0.993461,-0.0301 1.866503,-0.0602 0.903146,-0.0301 1.625663,-0.0602 0.722518,-0.0301 1.083776,-0.0602 l 0.873042,4.87699 q -1.926713,-0.54189 -4.335103,-0.99346 -2.077237,-0.36126 -4.937201,-0.66231 -2.859964,-0.33115 -6.41234,-0.33115 v 28.75016 q 0,2.55892 0.06021,4.48563 0.09031,1.89661 0.18063,3.28143 0.120419,1.38483 0.270944,2.31808 0.180629,0.93325 0.361258,1.56545 v 0.12042 H 35.90723 v -0.12042 q 0.18063,-0.6322 0.331154,-1.56545 0.150524,-0.93325 0.270944,-2.31808 0.120419,-1.38482 0.180629,-3.28143 0.06021,-1.92671 0.06021,-4.48563 z"
             id="path281"
             style="font-size:61.6548px;font-family:Marcellus;-inkscape-font-specification:Marcellus;fill:#3a5416;fill-opacity:1;fill-rule:evenodd;stroke:none;stroke-width:2.53877;stroke-linejoin:bevel;stroke-opacity:1;paint-order:stroke fill markers"
             transform="rotate(-25.60554)"
             aria-label="T" /></g><g
           id="g283"
           style="fill:#3a5416;fill-opacity:1;stroke:none;stroke-opacity:1"
           transform="matrix(1.4113474,0,0,1.4113474,1439.751,362.08849)"><path
             d="m 146.37399,116.87328 q 0.18063,-0.6322 0.33116,-1.56546 0.15052,-0.93325 0.27094,-2.31807 0.12042,-1.38483 0.18063,-3.28143 0.0602,-1.92672 0.0602,-4.48563 V 85.62441 q 0,-2.558915 -0.0602,-4.455523 -0.0602,-1.926712 -0.18063,-3.311537 -0.12042,-1.414929 -0.27094,-2.348181 -0.15053,-0.933251 -0.33116,-1.565454 v -0.120419 h 7.19507 v 0.120419 q -0.18063,0.632203 -0.36126,1.565454 -0.15052,0.933252 -0.27094,2.348181 -0.0903,1.384825 -0.18063,3.311537 -0.0602,1.896608 -0.0602,4.455523 v 19.59828 q 0,2.55891 0.0602,4.48563 0.0903,1.8966 0.18063,3.28143 0.12042,1.38482 0.27094,2.31807 0.18063,0.93326 0.36126,1.56546 v 0.12042 h -7.19507 z"
             id="path282"
             style="font-size:61.6548px;font-family:Marcellus;-inkscape-font-specification:Marcellus;fill:#3a5416;fill-opacity:1;fill-rule:evenodd;stroke:none;stroke-width:2.53877;stroke-linejoin:bevel;stroke-opacity:1;paint-order:stroke fill markers"
             transform="rotate(18.055612)"
             aria-label="I" /><path
             d="m 36.750166,145.69642 q -3.552376,0 -6.41234,0.33115 -2.859964,0.30105 -4.937201,0.66231 -2.408391,0.45157 -4.304998,0.99346 l 0.873041,-4.87699 q 0.361259,0.0301 1.083776,0.0602 0.722517,0.0301 1.595559,0.0602 0.903147,0.0301 1.866503,0.0602 0.993461,0 1.866503,0.0301 0.873041,0 1.535349,0.0301 0.692412,0 0.993461,0 h 17.189888 q 0.301049,0 0.963356,0 0.692412,-0.0301 1.565454,-0.0301 0.873042,-0.0301 1.836398,-0.0301 0.993461,-0.0301 1.866503,-0.0602 0.903146,-0.0301 1.625663,-0.0602 0.722518,-0.0301 1.083776,-0.0602 l 0.873042,4.87699 q -1.926713,-0.54189 -4.335103,-0.99346 -2.077237,-0.36126 -4.937201,-0.66231 -2.859964,-0.33115 -6.41234,-0.33115 v 28.75016 q 0,2.55892 0.06021,4.48563 0.09031,1.89661 0.18063,3.28143 0.120419,1.38483 0.270944,2.31808 0.180629,0.93325 0.361258,1.56545 v 0.12042 H 35.90723 v -0.12042 q 0.18063,-0.6322 0.331154,-1.56545 0.150524,-0.93325 0.270944,-2.31808 0.120419,-1.38482 0.180629,-3.28143 0.06021,-1.92671 0.06021,-4.48563 z"
             id="path283"
             style="font-size:61.6548px;font-family:Marcellus;-inkscape-font-specification:Marcellus;fill:#3a5416;fill-opacity:1;fill-rule:evenodd;stroke:none;stroke-width:2.53877;stroke-linejoin:bevel;stroke-opacity:1;paint-order:stroke fill markers"
             transform="rotate(-25.60554)"
             aria-label="T" /></g><g
           id="g285"
           style="fill:#3a5416;fill-opacity:1;stroke:none;stroke-opacity:1"
           transform="matrix(1.4113474,0,0,1.4113474,1508.3735,362.08849)"><path
             d="m 146.37399,116.87328 q 0.18063,-0.6322 0.33116,-1.56546 0.15052,-0.93325 0.27094,-2.31807 0.12042,-1.38483 0.18063,-3.28143 0.0602,-1.92672 0.0602,-4.48563 V 85.62441 q 0,-2.558915 -0.0602,-4.455523 -0.0602,-1.926712 -0.18063,-3.311537 -0.12042,-1.414929 -0.27094,-2.348181 -0.15053,-0.933251 -0.33116,-1.565454 v -0.120419 h 7.19507 v 0.120419 q -0.18063,0.632203 -0.36126,1.565454 -0.15052,0.933252 -0.27094,2.348181 -0.0903,1.384825 -0.18063,3.311537 -0.0602,1.896608 -0.0602,4.455523 v 19.59828 q 0,2.55891 0.0602,4.48563 0.0903,1.8966 0.18063,3.28143 0.12042,1.38482 0.27094,2.31807 0.18063,0.93326 0.36126,1.56546 v 0.12042 h -7.19507 z"
             id="path284"
             style="font-size:61.6548px;font-family:Marcellus;-inkscape-font-specification:Marcellus;fill:#3a5416;fill-opacity:1;fill-rule:evenodd;stroke:none;stroke-width:2.53877;stroke-linejoin:bevel;stroke-opacity:1;paint-order:stroke fill markers"
             transform="rotate(18.055612)"
             aria-label="I" /><path
             d="m 36.750166,145.69642 q -3.552376,0 -6.41234,0.33115 -2.859964,0.30105 -4.937201,0.66231 -2.408391,0.45157 -4.304998,0.99346 l 0.873041,-4.87699 q 0.361259,0.0301 1.083776,0.0602 0.722517,0.0301 1.595559,0.0602 0.903147,0.0301 1.866503,0.0602 0.993461,0 1.866503,0.0301 0.873041,0 1.535349,0.0301 0.692412,0 0.993461,0 h 17.189888 q 0.301049,0 0.963356,0 0.692412,-0.0301 1.565454,-0.0301 0.873042,-0.0301 1.836398,-0.0301 0.993461,-0.0301 1.866503,-0.0602 0.903146,-0.0301 1.625663,-0.0602 0.722518,-0.0301 1.083776,-0.0602 l 0.873042,4.87699 q -1.926713,-0.54189 -4.335103,-0.99346 -2.077237,-0.36126 -4.937201,-0.66231 -2.859964,-0.33115 -6.41234,-0.33115 v 28.75016 q 0,2.55892 0.06021,4.48563 0.09031,1.89661 0.18063,3.28143 0.120419,1.38483 0.270944,2.31808 0.180629,0.93325 0.361258,1.56545 v 0.12042 H 35.90723 v -0.12042 q 0.18063,-0.6322 0.331154,-1.56545 0.150524,-0.93325 0.270944,-2.31808 0.120419,-1.38482 0.180629,-3.28143 0.06021,-1.92671 0.06021,-4.48563 z"
             id="path285"
             style="font-size:61.6548px;font-family:Marcellus;-inkscape-font-specification:Marcellus;fill:#3a5416;fill-opacity:1;fill-rule:evenodd;stroke:none;stroke-width:2.53877;stroke-linejoin:bevel;stroke-opacity:1;paint-order:stroke fill markers"
             transform="rotate(-25.60554)"
             aria-label="T" /></g><g
           id="g287"
           style="fill:#3a5416;fill-opacity:1;stroke:none;stroke-opacity:1"
           transform="matrix(1.4113474,0,0,1.4113474,1438.9354,285.51925)"><path
             d="m 146.37399,116.87328 q 0.18063,-0.6322 0.33116,-1.56546 0.15052,-0.93325 0.27094,-2.31807 0.12042,-1.38483 0.18063,-3.28143 0.0602,-1.92672 0.0602,-4.48563 V 85.62441 q 0,-2.558915 -0.0602,-4.455523 -0.0602,-1.926712 -0.18063,-3.311537 -0.12042,-1.414929 -0.27094,-2.348181 -0.15053,-0.933251 -0.33116,-1.565454 v -0.120419 h 7.19507 v 0.120419 q -0.18063,0.632203 -0.36126,1.565454 -0.15052,0.933252 -0.27094,2.348181 -0.0903,1.384825 -0.18063,3.311537 -0.0602,1.896608 -0.0602,4.455523 v 19.59828 q 0,2.55891 0.0602,4.48563 0.0903,1.8966 0.18063,3.28143 0.12042,1.38482 0.27094,2.31807 0.18063,0.93326 0.36126,1.56546 v 0.12042 h -7.19507 z"
             id="path286"
             style="font-size:61.6548px;font-family:Marcellus;-inkscape-font-specification:Marcellus;fill:#3a5416;fill-opacity:1;fill-rule:evenodd;stroke:none;stroke-width:2.53877;stroke-linejoin:bevel;stroke-opacity:1;paint-order:stroke fill markers"
             transform="rotate(18.055612)"
             aria-label="I" /><path
             d="m 36.750166,145.69642 q -3.552376,0 -6.41234,0.33115 -2.859964,0.30105 -4.937201,0.66231 -2.408391,0.45157 -4.304998,0.99346 l 0.873041,-4.87699 q 0.361259,0.0301 1.083776,0.0602 0.722517,0.0301 1.595559,0.0602 0.903147,0.0301 1.866503,0.0602 0.993461,0 1.866503,0.0301 0.873041,0 1.535349,0.0301 0.692412,0 0.993461,0 h 17.189888 q 0.301049,0 0.963356,0 0.692412,-0.0301 1.565454,-0.0301 0.873042,-0.0301 1.836398,-0.0301 0.993461,-0.0301 1.866503,-0.0602 0.903146,-0.0301 1.625663,-0.0602 0.722518,-0.0301 1.083776,-0.0602 l 0.873042,4.87699 q -1.926713,-0.54189 -4.335103,-0.99346 -2.077237,-0.36126 -4.937201,-0.66231 -2.859964,-0.33115 -6.41234,-0.33115 v 28.75016 q 0,2.55892 0.06021,4.48563 0.09031,1.89661 0.18063,3.28143 0.120419,1.38483 0.270944,2.31808 0.180629,0.93325 0.361258,1.56545 v 0.12042 H 35.90723 v -0.12042 q 0.18063,-0.6322 0.331154,-1.56545 0.150524,-0.93325 0.270944,-2.31808 0.120419,-1.38482 0.180629,-3.28143 0.06021,-1.92671 0.06021,-4.48563 z"
             id="path287"
             style="font-size:61.6548px;font-family:Marcellus;-inkscape-font-specification:Marcellus;fill:#3a5416;fill-opacity:1;fill-rule:evenodd;stroke:none;stroke-width:2.53877;stroke-linejoin:bevel;stroke-opacity:1;paint-order:stroke fill markers"
             transform="rotate(-25.60554)"
             aria-label="T" /></g><g
           id="g289"
           style="fill:#3a5416;fill-opacity:1;stroke:none;stroke-opacity:1"
           transform="matrix(1.4113474,0,0,1.4113474,1507.5579,285.51925)"><path
             d="m 146.37399,116.87328 q 0.18063,-0.6322 0.33116,-1.56546 0.15052,-0.93325 0.27094,-2.31807 0.12042,-1.38483 0.18063,-3.28143 0.0602,-1.92672 0.0602,-4.48563 V 85.62441 q 0,-2.558915 -0.0602,-4.455523 -0.0602,-1.926712 -0.18063,-3.311537 -0.12042,-1.414929 -0.27094,-2.348181 -0.15053,-0.933251 -0.33116,-1.565454 v -0.120419 h 7.19507 v 0.120419 q -0.18063,0.632203 -0.36126,1.565454 -0.15052,0.933252 -0.27094,2.348181 -0.0903,1.384825 -0.18063,3.311537 -0.0602,1.896608 -0.0602,4.455523 v 19.59828 q 0,2.55891 0.0602,4.48563 0.0903,1.8966 0.18063,3.28143 0.12042,1.38482 0.27094,2.31807 0.18063,0.93326 0.36126,1.56546 v 0.12042 h -7.19507 z"
             id="path288"
             style="font-size:61.6548px;font-family:Marcellus;-inkscape-font-specification:Marcellus;fill:#3a5416;fill-opacity:1;fill-rule:evenodd;stroke:none;stroke-width:2.53877;stroke-linejoin:bevel;stroke-opacity:1;paint-order:stroke fill markers"
             transform="rotate(18.055612)"
             aria-label="I" /><path
             d="m 36.750166,145.69642 q -3.552376,0 -6.41234,0.33115 -2.859964,0.30105 -4.937201,0.66231 -2.408391,0.45157 -4.304998,0.99346 l 0.873041,-4.87699 q 0.361259,0.0301 1.083776,0.0602 0.722517,0.0301 1.595559,0.0602 0.903147,0.0301 1.866503,0.0602 0.993461,0 1.866503,0.0301 0.873041,0 1.535349,0.0301 0.692412,0 0.993461,0 h 17.189888 q 0.301049,0 0.963356,0 0.692412,-0.0301 1.565454,-0.0301 0.873042,-0.0301 1.836398,-0.0301 0.993461,-0.0301 1.866503,-0.0602 0.903146,-0.0301 1.625663,-0.0602 0.722518,-0.0301 1.083776,-0.0602 l 0.873042,4.87699 q -1.926713,-0.54189 -4.335103,-0.99346 -2.077237,-0.36126 -4.937201,-0.66231 -2.859964,-0.33115 -6.41234,-0.33115 v 28.75016 q 0,2.55892 0.06021,4.48563 0.09031,1.89661 0.18063,3.28143 0.120419,1.38483 0.270944,2.31808 0.180629,0.93325 0.361258,1.56545 v 0.12042 H 35.90723 v -0.12042 q 0.18063,-0.6322 0.331154,-1.56545 0.150524,-0.93325 0.270944,-2.31808 0.120419,-1.38482 0.180629,-3.28143 0.06021,-1.92671 0.06021,-4.48563 z"
             id="path289"
             style="font-size:61.6548px;font-family:Marcellus;-inkscape-font-specification:Marcellus;fill:#3a5416;fill-opacity:1;fill-rule:evenodd;stroke:none;stroke-width:2.53877;stroke-linejoin:bevel;stroke-opacity:1;paint-order:stroke fill markers"
             transform="rotate(-25.60554)"
             aria-label="T" /></g><g
           id="g291"
           style="fill:#3a5416;fill-opacity:1;stroke:none;stroke-opacity:1"
           transform="matrix(1.4113474,0,0,1.4113474,1439.751,362.08849)"><path
             d="m 146.37399,116.87328 q 0.18063,-0.6322 0.33116,-1.56546 0.15052,-0.93325 0.27094,-2.31807 0.12042,-1.38483 0.18063,-3.28143 0.0602,-1.92672 0.0602,-4.48563 V 85.62441 q 0,-2.558915 -0.0602,-4.455523 -0.0602,-1.926712 -0.18063,-3.311537 -0.12042,-1.414929 -0.27094,-2.348181 -0.15053,-0.933251 -0.33116,-1.565454 v -0.120419 h 7.19507 v 0.120419 q -0.18063,0.632203 -0.36126,1.565454 -0.15052,0.933252 -0.27094,2.348181 -0.0903,1.384825 -0.18063,3.311537 -0.0602,1.896608 -0.0602,4.455523 v 19.59828 q 0,2.55891 0.0602,4.48563 0.0903,1.8966 0.18063,3.28143 0.12042,1.38482 0.27094,2.31807 0.18063,0.93326 0.36126,1.56546 v 0.12042 h -7.19507 z"
             id="path290"
             style="font-size:61.6548px;font-family:Marcellus;-inkscape-font-specification:Marcellus;fill:#3a5416;fill-opacity:1;fill-rule:evenodd;stroke:none;stroke-width:2.53877;stroke-linejoin:bevel;stroke-opacity:1;paint-order:stroke fill markers"
             transform="rotate(18.055612)"
             aria-label="I" /><path
             d="m 36.750166,145.69642 q -3.552376,0 -6.41234,0.33115 -2.859964,0.30105 -4.937201,0.66231 -2.408391,0.45157 -4.304998,0.99346 l 0.873041,-4.87699 q 0.361259,0.0301 1.083776,0.0602 0.722517,0.0301 1.595559,0.0602 0.903147,0.0301 1.866503,0.0602 0.993461,0 1.866503,0.0301 0.873041,0 1.535349,0.0301 0.692412,0 0.993461,0 h 17.189888 q 0.301049,0 0.963356,0 0.692412,-0.0301 1.565454,-0.0301 0.873042,-0.0301 1.836398,-0.0301 0.993461,-0.0301 1.866503,-0.0602 0.903146,-0.0301 1.625663,-0.0602 0.722518,-0.0301 1.083776,-0.0602 l 0.873042,4.87699 q -1.926713,-0.54189 -4.335103,-0.99346 -2.077237,-0.36126 -4.937201,-0.66231 -2.859964,-0.33115 -6.41234,-0.33115 v 28.75016 q 0,2.55892 0.06021,4.48563 0.09031,1.89661 0.18063,3.28143 0.120419,1.38483 0.270944,2.31808 0.180629,0.93325 0.361258,1.56545 v 0.12042 H 35.90723 v -0.12042 q 0.18063,-0.6322 0.331154,-1.56545 0.150524,-0.93325 0.270944,-2.31808 0.120419,-1.38482 0.180629,-3.28143 0.06021,-1.92671 0.06021,-4.48563 z"
             id="path291"
             style="font-size:61.6548px;font-family:Marcellus;-inkscape-font-specification:Marcellus;fill:#3a5416;fill-opacity:1;fill-rule:evenodd;stroke:none;stroke-width:2.53877;stroke-linejoin:bevel;stroke-opacity:1;paint-order:stroke fill markers"
             transform="rotate(-25.60554)"
             aria-label="T" /></g><g
           id="g293"
           style="fill:#3a5416;fill-opacity:1;stroke:none;stroke-opacity:1"
           transform="matrix(1.4113474,0,0,1.4113474,1508.3735,362.08849)"><path
             d="m 146.37399,116.87328 q 0.18063,-0.6322 0.33116,-1.56546 0.15052,-0.93325 0.27094,-2.31807 0.12042,-1.38483 0.18063,-3.28143 0.0602,-1.92672 0.0602,-4.48563 V 85.62441 q 0,-2.558915 -0.0602,-4.455523 -0.0602,-1.926712 -0.18063,-3.311537 -0.12042,-1.414929 -0.27094,-2.348181 -0.15053,-0.933251 -0.33116,-1.565454 v -0.120419 h 7.19507 v 0.120419 q -0.18063,0.632203 -0.36126,1.565454 -0.15052,0.933252 -0.27094,2.348181 -0.0903,1.384825 -0.18063,3.311537 -0.0602,1.896608 -0.0602,4.455523 v 19.59828 q 0,2.55891 0.0602,4.48563 0.0903,1.8966 0.18063,3.28143 0.12042,1.38482 0.27094,2.31807 0.18063,0.93326 0.36126,1.56546 v 0.12042 h -7.19507 z"
             id="path292"
             style="font-size:61.6548px;font-family:Marcellus;-inkscape-font-specification:Marcellus;fill:#3a5416;fill-opacity:1;fill-rule:evenodd;stroke:none;stroke-width:2.53877;stroke-linejoin:bevel;stroke-opacity:1;paint-order:stroke fill markers"
             transform="rotate(18.055612)"
             aria-label="I" /><path
             d="m 36.750166,145.69642 q -3.552376,0 -6.41234,0.33115 -2.859964,0.30105 -4.937201,0.66231 -2.408391,0.45157 -4.304998,0.99346 l 0.873041,-4.87699 q 0.361259,0.0301 1.083776,0.0602 0.722517,0.0301 1.595559,0.0602 0.903147,0.0301 1.866503,0.0602 0.993461,0 1.866503,0.0301 0.873041,0 1.535349,0.0301 0.692412,0 0.993461,0 h 17.189888 q 0.301049,0 0.963356,0 0.692412,-0.0301 1.565454,-0.0301 0.873042,-0.0301 1.836398,-0.0301 0.993461,-0.0301 1.866503,-0.0602 0.903146,-0.0301 1.625663,-0.0602 0.722518,-0.0301 1.083776,-0.0602 l 0.873042,4.87699 q -1.926713,-0.54189 -4.335103,-0.99346 -2.077237,-0.36126 -4.937201,-0.66231 -2.859964,-0.33115 -6.41234,-0.33115 v 28.75016 q 0,2.55892 0.06021,4.48563 0.09031,1.89661 0.18063,3.28143 0.120419,1.38483 0.270944,2.31808 0.180629,0.93325 0.361258,1.56545 v 0.12042 H 35.90723 v -0.12042 q 0.18063,-0.6322 0.331154,-1.56545 0.150524,-0.93325 0.270944,-2.31808 0.120419,-1.38482 0.180629,-3.28143 0.06021,-1.92671 0.06021,-4.48563 z"
             id="path293"
             style="font-size:61.6548px;font-family:Marcellus;-inkscape-font-specification:Marcellus;fill:#3a5416;fill-opacity:1;fill-rule:evenodd;stroke:none;stroke-width:2.53877;stroke-linejoin:bevel;stroke-opacity:1;paint-order:stroke fill markers"
             transform="rotate(-25.60554)"
             aria-label="T" /></g><g
           id="g295"
           style="fill:#3a5416;fill-opacity:1;stroke:none;stroke-opacity:1"
           transform="matrix(1.4113474,0,0,1.4113474,1575.5713,285.51925)"><path
             d="m 146.37399,116.87328 q 0.18063,-0.6322 0.33116,-1.56546 0.15052,-0.93325 0.27094,-2.31807 0.12042,-1.38483 0.18063,-3.28143 0.0602,-1.92672 0.0602,-4.48563 V 85.62441 q 0,-2.558915 -0.0602,-4.455523 -0.0602,-1.926712 -0.18063,-3.311537 -0.12042,-1.414929 -0.27094,-2.348181 -0.15053,-0.933251 -0.33116,-1.565454 v -0.120419 h 7.19507 v 0.120419 q -0.18063,0.632203 -0.36126,1.565454 -0.15052,0.933252 -0.27094,2.348181 -0.0903,1.384825 -0.18063,3.311537 -0.0602,1.896608 -0.0602,4.455523 v 19.59828 q 0,2.55891 0.0602,4.48563 0.0903,1.8966 0.18063,3.28143 0.12042,1.38482 0.27094,2.31807 0.18063,0.93326 0.36126,1.56546 v 0.12042 h -7.19507 z"
             id="path294"
             style="font-size:61.6548px;font-family:Marcellus;-inkscape-font-specification:Marcellus;fill:#3a5416;fill-opacity:1;fill-rule:evenodd;stroke:none;stroke-width:2.53877;stroke-linejoin:bevel;stroke-opacity:1;paint-order:stroke fill markers"
             transform="rotate(18.055612)"
             aria-label="I" /><path
             d="m 36.750166,145.69642 q -3.552376,0 -6.41234,0.33115 -2.859964,0.30105 -4.937201,0.66231 -2.408391,0.45157 -4.304998,0.99346 l 0.873041,-4.87699 q 0.361259,0.0301 1.083776,0.0602 0.722517,0.0301 1.595559,0.0602 0.903147,0.0301 1.866503,0.0602 0.993461,0 1.866503,0.0301 0.873041,0 1.535349,0.0301 0.692412,0 0.993461,0 h 17.189888 q 0.301049,0 0.963356,0 0.692412,-0.0301 1.565454,-0.0301 0.873042,-0.0301 1.836398,-0.0301 0.993461,-0.0301 1.866503,-0.0602 0.903146,-0.0301 1.625663,-0.0602 0.722518,-0.0301 1.083776,-0.0602 l 0.873042,4.87699 q -1.926713,-0.54189 -4.335103,-0.99346 -2.077237,-0.36126 -4.937201,-0.66231 -2.859964,-0.33115 -6.41234,-0.33115 v 28.75016 q 0,2.55892 0.06021,4.48563 0.09031,1.89661 0.18063,3.28143 0.120419,1.38483 0.270944,2.31808 0.180629,0.93325 0.361258,1.56545 v 0.12042 H 35.90723 v -0.12042 q 0.18063,-0.6322 0.331154,-1.56545 0.150524,-0.93325 0.270944,-2.31808 0.120419,-1.38482 0.180629,-3.28143 0.06021,-1.92671 0.06021,-4.48563 z"
             id="path295"
             style="font-size:61.6548px;font-family:Marcellus;-inkscape-font-specification:Marcellus;fill:#3a5416;fill-opacity:1;fill-rule:evenodd;stroke:none;stroke-width:2.53877;stroke-linejoin:bevel;stroke-opacity:1;paint-order:stroke fill markers"
             transform="rotate(-25.60554)"
             aria-label="T" /></g><g
           id="g297"
           style="fill:#3a5416;fill-opacity:1;stroke:none;stroke-opacity:1"
           transform="matrix(1.4113474,0,0,1.4113474,1644.1938,285.51925)"><path
             d="m 146.37399,116.87328 q 0.18063,-0.6322 0.33116,-1.56546 0.15052,-0.93325 0.27094,-2.31807 0.12042,-1.38483 0.18063,-3.28143 0.0602,-1.92672 0.0602,-4.48563 V 85.62441 q 0,-2.558915 -0.0602,-4.455523 -0.0602,-1.926712 -0.18063,-3.311537 -0.12042,-1.414929 -0.27094,-2.348181 -0.15053,-0.933251 -0.33116,-1.565454 v -0.120419 h 7.19507 v 0.120419 q -0.18063,0.632203 -0.36126,1.565454 -0.15052,0.933252 -0.27094,2.348181 -0.0903,1.384825 -0.18063,3.311537 -0.0602,1.896608 -0.0602,4.455523 v 19.59828 q 0,2.55891 0.0602,4.48563 0.0903,1.8966 0.18063,3.28143 0.12042,1.38482 0.27094,2.31807 0.18063,0.93326 0.36126,1.56546 v 0.12042 h -7.19507 z"
             id="path296"
             style="font-size:61.6548px;font-family:Marcellus;-inkscape-font-specification:Marcellus;fill:#3a5416;fill-opacity:1;fill-rule:evenodd;stroke:none;stroke-width:2.53877;stroke-linejoin:bevel;stroke-opacity:1;paint-order:stroke fill markers"
             transform="rotate(18.055612)"
             aria-label="I" /><path
             d="m 36.750166,145.69642 q -3.552376,0 -6.41234,0.33115 -2.859964,0.30105 -4.937201,0.66231 -2.408391,0.45157 -4.304998,0.99346 l 0.873041,-4.87699 q 0.361259,0.0301 1.083776,0.0602 0.722517,0.0301 1.595559,0.0602 0.903147,0.0301 1.866503,0.0602 0.993461,0 1.866503,0.0301 0.873041,0 1.535349,0.0301 0.692412,0 0.993461,0 h 17.189888 q 0.301049,0 0.963356,0 0.692412,-0.0301 1.565454,-0.0301 0.873042,-0.0301 1.836398,-0.0301 0.993461,-0.0301 1.866503,-0.0602 0.903146,-0.0301 1.625663,-0.0602 0.722518,-0.0301 1.083776,-0.0602 l 0.873042,4.87699 q -1.926713,-0.54189 -4.335103,-0.99346 -2.077237,-0.36126 -4.937201,-0.66231 -2.859964,-0.33115 -6.41234,-0.33115 v 28.75016 q 0,2.55892 0.06021,4.48563 0.09031,1.89661 0.18063,3.28143 0.120419,1.38483 0.270944,2.31808 0.180629,0.93325 0.361258,1.56545 v 0.12042 H 35.90723 v -0.12042 q 0.18063,-0.6322 0.331154,-1.56545 0.150524,-0.93325 0.270944,-2.31808 0.120419,-1.38482 0.180629,-3.28143 0.06021,-1.92671 0.06021,-4.48563 z"
             id="path297"
             style="font-size:61.6548px;font-family:Marcellus;-inkscape-font-specification:Marcellus;fill:#3a5416;fill-opacity:1;fill-rule:evenodd;stroke:none;stroke-width:2.53877;stroke-linejoin:bevel;stroke-opacity:1;paint-order:stroke fill markers"
             transform="rotate(-25.60554)"
             aria-label="T" /></g><g
           id="g299"
           style="fill:#3a5416;fill-opacity:1;stroke:none;stroke-opacity:1"
           transform="matrix(1.4113474,0,0,1.4113474,1576.3869,362.08849)"><path
             d="m 146.37399,116.87328 q 0.18063,-0.6322 0.33116,-1.56546 0.15052,-0.93325 0.27094,-2.31807 0.12042,-1.38483 0.18063,-3.28143 0.0602,-1.92672 0.0602,-4.48563 V 85.62441 q 0,-2.558915 -0.0602,-4.455523 -0.0602,-1.926712 -0.18063,-3.311537 -0.12042,-1.414929 -0.27094,-2.348181 -0.15053,-0.933251 -0.33116,-1.565454 v -0.120419 h 7.19507 v 0.120419 q -0.18063,0.632203 -0.36126,1.565454 -0.15052,0.933252 -0.27094,2.348181 -0.0903,1.384825 -0.18063,3.311537 -0.0602,1.896608 -0.0602,4.455523 v 19.59828 q 0,2.55891 0.0602,4.48563 0.0903,1.8966 0.18063,3.28143 0.12042,1.38482 0.27094,2.31807 0.18063,0.93326 0.36126,1.56546 v 0.12042 h -7.19507 z"
             id="path298"
             style="font-size:61.6548px;font-family:Marcellus;-inkscape-font-specification:Marcellus;fill:#3a5416;fill-opacity:1;fill-rule:evenodd;stroke:none;stroke-width:2.53877;stroke-linejoin:bevel;stroke-opacity:1;paint-order:stroke fill markers"
             transform="rotate(18.055612)"
             aria-label="I" /><path
             d="m 36.750166,145.69642 q -3.552376,0 -6.41234,0.33115 -2.859964,0.30105 -4.937201,0.66231 -2.408391,0.45157 -4.304998,0.99346 l 0.873041,-4.87699 q 0.361259,0.0301 1.083776,0.0602 0.722517,0.0301 1.595559,0.0602 0.903147,0.0301 1.866503,0.0602 0.993461,0 1.866503,0.0301 0.873041,0 1.535349,0.0301 0.692412,0 0.993461,0 h 17.189888 q 0.301049,0 0.963356,0 0.692412,-0.0301 1.565454,-0.0301 0.873042,-0.0301 1.836398,-0.0301 0.993461,-0.0301 1.866503,-0.0602 0.903146,-0.0301 1.625663,-0.0602 0.722518,-0.0301 1.083776,-0.0602 l 0.873042,4.87699 q -1.926713,-0.54189 -4.335103,-0.99346 -2.077237,-0.36126 -4.937201,-0.66231 -2.859964,-0.33115 -6.41234,-0.33115 v 28.75016 q 0,2.55892 0.06021,4.48563 0.09031,1.89661 0.18063,3.28143 0.120419,1.38483 0.270944,2.31808 0.180629,0.93325 0.361258,1.56545 v 0.12042 H 35.90723 v -0.12042 q 0.18063,-0.6322 0.331154,-1.56545 0.150524,-0.93325 0.270944,-2.31808 0.120419,-1.38482 0.180629,-3.28143 0.06021,-1.92671 0.06021,-4.48563 z"
             id="path299"
             style="font-size:61.6548px;font-family:Marcellus;-inkscape-font-specification:Marcellus;fill:#3a5416;fill-opacity:1;fill-rule:evenodd;stroke:none;stroke-width:2.53877;stroke-linejoin:bevel;stroke-opacity:1;paint-order:stroke fill markers"
             transform="rotate(-25.60554)"
             aria-label="T" /></g><g
           id="g301"
           style="fill:#3a5416;fill-opacity:1;stroke:none;stroke-opacity:1"
           transform="matrix(1.4113474,0,0,1.4113474,1645.0094,362.08849)"><path
             d="m 146.37399,116.87328 q 0.18063,-0.6322 0.33116,-1.56546 0.15052,-0.93325 0.27094,-2.31807 0.12042,-1.38483 0.18063,-3.28143 0.0602,-1.92672 0.0602,-4.48563 V 85.62441 q 0,-2.558915 -0.0602,-4.455523 -0.0602,-1.926712 -0.18063,-3.311537 -0.12042,-1.414929 -0.27094,-2.348181 -0.15053,-0.933251 -0.33116,-1.565454 v -0.120419 h 7.19507 v 0.120419 q -0.18063,0.632203 -0.36126,1.565454 -0.15052,0.933252 -0.27094,2.348181 -0.0903,1.384825 -0.18063,3.311537 -0.0602,1.896608 -0.0602,4.455523 v 19.59828 q 0,2.55891 0.0602,4.48563 0.0903,1.8966 0.18063,3.28143 0.12042,1.38482 0.27094,2.31807 0.18063,0.93326 0.36126,1.56546 v 0.12042 h -7.19507 z"
             id="path300"
             style="font-size:61.6548px;font-family:Marcellus;-inkscape-font-specification:Marcellus;fill:#3a5416;fill-opacity:1;fill-rule:evenodd;stroke:none;stroke-width:2.53877;stroke-linejoin:bevel;stroke-opacity:1;paint-order:stroke fill markers"
             transform="rotate(18.055612)"
             aria-label="I" /><path
             d="m 36.750166,145.69642 q -3.552376,0 -6.41234,0.33115 -2.859964,0.30105 -4.937201,0.66231 -2.408391,0.45157 -4.304998,0.99346 l 0.873041,-4.87699 q 0.361259,0.0301 1.083776,0.0602 0.722517,0.0301 1.595559,0.0602 0.903147,0.0301 1.866503,0.0602 0.993461,0 1.866503,0.0301 0.873041,0 1.535349,0.0301 0.692412,0 0.993461,0 h 17.189888 q 0.301049,0 0.963356,0 0.692412,-0.0301 1.565454,-0.0301 0.873042,-0.0301 1.836398,-0.0301 0.993461,-0.0301 1.866503,-0.0602 0.903146,-0.0301 1.625663,-0.0602 0.722518,-0.0301 1.083776,-0.0602 l 0.873042,4.87699 q -1.926713,-0.54189 -4.335103,-0.99346 -2.077237,-0.36126 -4.937201,-0.66231 -2.859964,-0.33115 -6.41234,-0.33115 v 28.75016 q 0,2.55892 0.06021,4.48563 0.09031,1.89661 0.18063,3.28143 0.120419,1.38483 0.270944,2.31808 0.180629,0.93325 0.361258,1.56545 v 0.12042 H 35.90723 v -0.12042 q 0.18063,-0.6322 0.331154,-1.56545 0.150524,-0.93325 0.270944,-2.31808 0.120419,-1.38482 0.180629,-3.28143 0.06021,-1.92671 0.06021,-4.48563 z"
             id="path301"
             style="font-size:61.6548px;font-family:Marcellus;-inkscape-font-specification:Marcellus;fill:#3a5416;fill-opacity:1;fill-rule:evenodd;stroke:none;stroke-width:2.53877;stroke-linejoin:bevel;stroke-opacity:1;paint-order:stroke fill markers"
             transform="rotate(-25.60554)"
             aria-label="T" /></g><g
           id="g303"
           style="fill:#3a5416;fill-opacity:1;stroke:none;stroke-opacity:1"
           transform="matrix(1.4113474,0,0,1.4113474,1575.5713,285.51925)"><path
             d="m 146.37399,116.87328 q 0.18063,-0.6322 0.33116,-1.56546 0.15052,-0.93325 0.27094,-2.31807 0.12042,-1.38483 0.18063,-3.28143 0.0602,-1.92672 0.0602,-4.48563 V 85.62441 q 0,-2.558915 -0.0602,-4.455523 -0.0602,-1.926712 -0.18063,-3.311537 -0.12042,-1.414929 -0.27094,-2.348181 -0.15053,-0.933251 -0.33116,-1.565454 v -0.120419 h 7.19507 v 0.120419 q -0.18063,0.632203 -0.36126,1.565454 -0.15052,0.933252 -0.27094,2.348181 -0.0903,1.384825 -0.18063,3.311537 -0.0602,1.896608 -0.0602,4.455523 v 19.59828 q 0,2.55891 0.0602,4.48563 0.0903,1.8966 0.18063,3.28143 0.12042,1.38482 0.27094,2.31807 0.18063,0.93326 0.36126,1.56546 v 0.12042 h -7.19507 z"
             id="path302"
             style="font-size:61.6548px;font-family:Marcellus;-inkscape-font-specification:Marcellus;fill:#3a5416;fill-opacity:1;fill-rule:evenodd;stroke:none;stroke-width:2.53877;stroke-linejoin:bevel;stroke-opacity:1;paint-order:stroke fill markers"
             transform="rotate(18.055612)"
             aria-label="I" /><path
             d="m 36.750166,145.69642 q -3.552376,0 -6.41234,0.33115 -2.859964,0.30105 -4.937201,0.66231 -2.408391,0.45157 -4.304998,0.99346 l 0.873041,-4.87699 q 0.361259,0.0301 1.083776,0.0602 0.722517,0.0301 1.595559,0.0602 0.903147,0.0301 1.866503,0.0602 0.993461,0 1.866503,0.0301 0.873041,0 1.535349,0.0301 0.692412,0 0.993461,0 h 17.189888 q 0.301049,0 0.963356,0 0.692412,-0.0301 1.565454,-0.0301 0.873042,-0.0301 1.836398,-0.0301 0.993461,-0.0301 1.866503,-0.0602 0.903146,-0.0301 1.625663,-0.0602 0.722518,-0.0301 1.083776,-0.0602 l 0.873042,4.87699 q -1.926713,-0.54189 -4.335103,-0.99346 -2.077237,-0.36126 -4.937201,-0.66231 -2.859964,-0.33115 -6.41234,-0.33115 v 28.75016 q 0,2.55892 0.06021,4.48563 0.09031,1.89661 0.18063,3.28143 0.120419,1.38483 0.270944,2.31808 0.180629,0.93325 0.361258,1.56545 v 0.12042 H 35.90723 v -0.12042 q 0.18063,-0.6322 0.331154,-1.56545 0.150524,-0.93325 0.270944,-2.31808 0.120419,-1.38482 0.180629,-3.28143 0.06021,-1.92671 0.06021,-4.48563 z"
             id="path303"
             style="font-size:61.6548px;font-family:Marcellus;-inkscape-font-specification:Marcellus;fill:#3a5416;fill-opacity:1;fill-rule:evenodd;stroke:none;stroke-width:2.53877;stroke-linejoin:bevel;stroke-opacity:1;paint-order:stroke fill markers"
             transform="rotate(-25.60554)"
             aria-label="T" /></g><g
           id="g305"
           style="fill:#3a5416;fill-opacity:1;stroke:none;stroke-opacity:1"
           transform="matrix(1.4113474,0,0,1.4113474,1644.1938,285.51925)"><path
             d="m 146.37399,116.87328 q 0.18063,-0.6322 0.33116,-1.56546 0.15052,-0.93325 0.27094,-2.31807 0.12042,-1.38483 0.18063,-3.28143 0.0602,-1.92672 0.0602,-4.48563 V 85.62441 q 0,-2.558915 -0.0602,-4.455523 -0.0602,-1.926712 -0.18063,-3.311537 -0.12042,-1.414929 -0.27094,-2.348181 -0.15053,-0.933251 -0.33116,-1.565454 v -0.120419 h 7.19507 v 0.120419 q -0.18063,0.632203 -0.36126,1.565454 -0.15052,0.933252 -0.27094,2.348181 -0.0903,1.384825 -0.18063,3.311537 -0.0602,1.896608 -0.0602,4.455523 v 19.59828 q 0,2.55891 0.0602,4.48563 0.0903,1.8966 0.18063,3.28143 0.12042,1.38482 0.27094,2.31807 0.18063,0.93326 0.36126,1.56546 v 0.12042 h -7.19507 z"
             id="path304"
             style="font-size:61.6548px;font-family:Marcellus;-inkscape-font-specification:Marcellus;fill:#3a5416;fill-opacity:1;fill-rule:evenodd;stroke:none;stroke-width:2.53877;stroke-linejoin:bevel;stroke-opacity:1;paint-order:stroke fill markers"
             transform="rotate(18.055612)"
             aria-label="I" /><path
             d="m 36.750166,145.69642 q -3.552376,0 -6.41234,0.33115 -2.859964,0.30105 -4.937201,0.66231 -2.408391,0.45157 -4.304998,0.99346 l 0.873041,-4.87699 q 0.361259,0.0301 1.083776,0.0602 0.722517,0.0301 1.595559,0.0602 0.903147,0.0301 1.866503,0.0602 0.993461,0 1.866503,0.0301 0.873041,0 1.535349,0.0301 0.692412,0 0.993461,0 h 17.189888 q 0.301049,0 0.963356,0 0.692412,-0.0301 1.565454,-0.0301 0.873042,-0.0301 1.836398,-0.0301 0.993461,-0.0301 1.866503,-0.0602 0.903146,-0.0301 1.625663,-0.0602 0.722518,-0.0301 1.083776,-0.0602 l 0.873042,4.87699 q -1.926713,-0.54189 -4.335103,-0.99346 -2.077237,-0.36126 -4.937201,-0.66231 -2.859964,-0.33115 -6.41234,-0.33115 v 28.75016 q 0,2.55892 0.06021,4.48563 0.09031,1.89661 0.18063,3.28143 0.120419,1.38483 0.270944,2.31808 0.180629,0.93325 0.361258,1.56545 v 0.12042 H 35.90723 v -0.12042 q 0.18063,-0.6322 0.331154,-1.56545 0.150524,-0.93325 0.270944,-2.31808 0.120419,-1.38482 0.180629,-3.28143 0.06021,-1.92671 0.06021,-4.48563 z"
             id="path305"
             style="font-size:61.6548px;font-family:Marcellus;-inkscape-font-specification:Marcellus;fill:#3a5416;fill-opacity:1;fill-rule:evenodd;stroke:none;stroke-width:2.53877;stroke-linejoin:bevel;stroke-opacity:1;paint-order:stroke fill markers"
             transform="rotate(-25.60554)"
             aria-label="T" /></g><g
           id="g307"
           style="fill:#3a5416;fill-opacity:1;stroke:none;stroke-opacity:1"
           transform="matrix(1.4113474,0,0,1.4113474,1576.3869,362.08849)"><path
             d="m 146.37399,116.87328 q 0.18063,-0.6322 0.33116,-1.56546 0.15052,-0.93325 0.27094,-2.31807 0.12042,-1.38483 0.18063,-3.28143 0.0602,-1.92672 0.0602,-4.48563 V 85.62441 q 0,-2.558915 -0.0602,-4.455523 -0.0602,-1.926712 -0.18063,-3.311537 -0.12042,-1.414929 -0.27094,-2.348181 -0.15053,-0.933251 -0.33116,-1.565454 v -0.120419 h 7.19507 v 0.120419 q -0.18063,0.632203 -0.36126,1.565454 -0.15052,0.933252 -0.27094,2.348181 -0.0903,1.384825 -0.18063,3.311537 -0.0602,1.896608 -0.0602,4.455523 v 19.59828 q 0,2.55891 0.0602,4.48563 0.0903,1.8966 0.18063,3.28143 0.12042,1.38482 0.27094,2.31807 0.18063,0.93326 0.36126,1.56546 v 0.12042 h -7.19507 z"
             id="path306"
             style="font-size:61.6548px;font-family:Marcellus;-inkscape-font-specification:Marcellus;fill:#3a5416;fill-opacity:1;fill-rule:evenodd;stroke:none;stroke-width:2.53877;stroke-linejoin:bevel;stroke-opacity:1;paint-order:stroke fill markers"
             transform="rotate(18.055612)"
             aria-label="I" /><path
             d="m 36.750166,145.69642 q -3.552376,0 -6.41234,0.33115 -2.859964,0.30105 -4.937201,0.66231 -2.408391,0.45157 -4.304998,0.99346 l 0.873041,-4.87699 q 0.361259,0.0301 1.083776,0.0602 0.722517,0.0301 1.595559,0.0602 0.903147,0.0301 1.866503,0.0602 0.993461,0 1.866503,0.0301 0.873041,0 1.535349,0.0301 0.692412,0 0.993461,0 h 17.189888 q 0.301049,0 0.963356,0 0.692412,-0.0301 1.565454,-0.0301 0.873042,-0.0301 1.836398,-0.0301 0.993461,-0.0301 1.866503,-0.0602 0.903146,-0.0301 1.625663,-0.0602 0.722518,-0.0301 1.083776,-0.0602 l 0.873042,4.87699 q -1.926713,-0.54189 -4.335103,-0.99346 -2.077237,-0.36126 -4.937201,-0.66231 -2.859964,-0.33115 -6.41234,-0.33115 v 28.75016 q 0,2.55892 0.06021,4.48563 0.09031,1.89661 0.18063,3.28143 0.120419,1.38483 0.270944,2.31808 0.180629,0.93325 0.361258,1.56545 v 0.12042 H 35.90723 v -0.12042 q 0.18063,-0.6322 0.331154,-1.56545 0.150524,-0.93325 0.270944,-2.31808 0.120419,-1.38482 0.180629,-3.28143 0.06021,-1.92671 0.06021,-4.48563 z"
             id="path307"
             style="font-size:61.6548px;font-family:Marcellus;-inkscape-font-specification:Marcellus;fill:#3a5416;fill-opacity:1;fill-rule:evenodd;stroke:none;stroke-width:2.53877;stroke-linejoin:bevel;stroke-opacity:1;paint-order:stroke fill markers"
             transform="rotate(-25.60554)"
             aria-label="T" /></g><g
           id="g309"
           style="fill:#3a5416;fill-opacity:1;stroke:none;stroke-opacity:1"
           transform="matrix(1.4113474,0,0,1.4113474,1645.0094,362.08849)"><path
             d="m 146.37399,116.87328 q 0.18063,-0.6322 0.33116,-1.56546 0.15052,-0.93325 0.27094,-2.31807 0.12042,-1.38483 0.18063,-3.28143 0.0602,-1.92672 0.0602,-4.48563 V 85.62441 q 0,-2.558915 -0.0602,-4.455523 -0.0602,-1.926712 -0.18063,-3.311537 -0.12042,-1.414929 -0.27094,-2.348181 -0.15053,-0.933251 -0.33116,-1.565454 v -0.120419 h 7.19507 v 0.120419 q -0.18063,0.632203 -0.36126,1.565454 -0.15052,0.933252 -0.27094,2.348181 -0.0903,1.384825 -0.18063,3.311537 -0.0602,1.896608 -0.0602,4.455523 v 19.59828 q 0,2.55891 0.0602,4.48563 0.0903,1.8966 0.18063,3.28143 0.12042,1.38482 0.27094,2.31807 0.18063,0.93326 0.36126,1.56546 v 0.12042 h -7.19507 z"
             id="path308"
             style="font-size:61.6548px;font-family:Marcellus;-inkscape-font-specification:Marcellus;fill:#3a5416;fill-opacity:1;fill-rule:evenodd;stroke:none;stroke-width:2.53877;stroke-linejoin:bevel;stroke-opacity:1;paint-order:stroke fill markers"
             transform="rotate(18.055612)"
             aria-label="I" /><path
             d="m 36.750166,145.69642 q -3.552376,0 -6.41234,0.33115 -2.859964,0.30105 -4.937201,0.66231 -2.408391,0.45157 -4.304998,0.99346 l 0.873041,-4.87699 q 0.361259,0.0301 1.083776,0.0602 0.722517,0.0301 1.595559,0.0602 0.903147,0.0301 1.866503,0.0602 0.993461,0 1.866503,0.0301 0.873041,0 1.535349,0.0301 0.692412,0 0.993461,0 h 17.189888 q 0.301049,0 0.963356,0 0.692412,-0.0301 1.565454,-0.0301 0.873042,-0.0301 1.836398,-0.0301 0.993461,-0.0301 1.866503,-0.0602 0.903146,-0.0301 1.625663,-0.0602 0.722518,-0.0301 1.083776,-0.0602 l 0.873042,4.87699 q -1.926713,-0.54189 -4.335103,-0.99346 -2.077237,-0.36126 -4.937201,-0.66231 -2.859964,-0.33115 -6.41234,-0.33115 v 28.75016 q 0,2.55892 0.06021,4.48563 0.09031,1.89661 0.18063,3.28143 0.120419,1.38483 0.270944,2.31808 0.180629,0.93325 0.361258,1.56545 v 0.12042 H 35.90723 v -0.12042 q 0.18063,-0.6322 0.331154,-1.56545 0.150524,-0.93325 0.270944,-2.31808 0.120419,-1.38482 0.180629,-3.28143 0.06021,-1.92671 0.06021,-4.48563 z"
             id="path309"
             style="font-size:61.6548px;font-family:Marcellus;-inkscape-font-specification:Marcellus;fill:#3a5416;fill-opacity:1;fill-rule:evenodd;stroke:none;stroke-width:2.53877;stroke-linejoin:bevel;stroke-opacity:1;paint-order:stroke fill markers"
             transform="rotate(-25.60554)"
             aria-label="T" /></g><g
           id="g311"
           style="fill:#3a5416;fill-opacity:1;stroke:none;stroke-opacity:1"
           transform="matrix(1.4113474,0,0,1.4113474,1438.9354,285.51925)"><path
             d="m 146.37399,116.87328 q 0.18063,-0.6322 0.33116,-1.56546 0.15052,-0.93325 0.27094,-2.31807 0.12042,-1.38483 0.18063,-3.28143 0.0602,-1.92672 0.0602,-4.48563 V 85.62441 q 0,-2.558915 -0.0602,-4.455523 -0.0602,-1.926712 -0.18063,-3.311537 -0.12042,-1.414929 -0.27094,-2.348181 -0.15053,-0.933251 -0.33116,-1.565454 v -0.120419 h 7.19507 v 0.120419 q -0.18063,0.632203 -0.36126,1.565454 -0.15052,0.933252 -0.27094,2.348181 -0.0903,1.384825 -0.18063,3.311537 -0.0602,1.896608 -0.0602,4.455523 v 19.59828 q 0,2.55891 0.0602,4.48563 0.0903,1.8966 0.18063,3.28143 0.12042,1.38482 0.27094,2.31807 0.18063,0.93326 0.36126,1.56546 v 0.12042 h -7.19507 z"
             id="path310"
             style="font-size:61.6548px;font-family:Marcellus;-inkscape-font-specification:Marcellus;fill:#3a5416;fill-opacity:1;fill-rule:evenodd;stroke:none;stroke-width:2.53877;stroke-linejoin:bevel;stroke-opacity:1;paint-order:stroke fill markers"
             transform="rotate(18.055612)"
             aria-label="I" /><path
             d="m 36.750166,145.69642 q -3.552376,0 -6.41234,0.33115 -2.859964,0.30105 -4.937201,0.66231 -2.408391,0.45157 -4.304998,0.99346 l 0.873041,-4.87699 q 0.361259,0.0301 1.083776,0.0602 0.722517,0.0301 1.595559,0.0602 0.903147,0.0301 1.866503,0.0602 0.993461,0 1.866503,0.0301 0.873041,0 1.535349,0.0301 0.692412,0 0.993461,0 h 17.189888 q 0.301049,0 0.963356,0 0.692412,-0.0301 1.565454,-0.0301 0.873042,-0.0301 1.836398,-0.0301 0.993461,-0.0301 1.866503,-0.0602 0.903146,-0.0301 1.625663,-0.0602 0.722518,-0.0301 1.083776,-0.0602 l 0.873042,4.87699 q -1.926713,-0.54189 -4.335103,-0.99346 -2.077237,-0.36126 -4.937201,-0.66231 -2.859964,-0.33115 -6.41234,-0.33115 v 28.75016 q 0,2.55892 0.06021,4.48563 0.09031,1.89661 0.18063,3.28143 0.120419,1.38483 0.270944,2.31808 0.180629,0.93325 0.361258,1.56545 v 0.12042 H 35.90723 v -0.12042 q 0.18063,-0.6322 0.331154,-1.56545 0.150524,-0.93325 0.270944,-2.31808 0.120419,-1.38482 0.180629,-3.28143 0.06021,-1.92671 0.06021,-4.48563 z"
             id="path311"
             style="font-size:61.6548px;font-family:Marcellus;-inkscape-font-specification:Marcellus;fill:#3a5416;fill-opacity:1;fill-rule:evenodd;stroke:none;stroke-width:2.53877;stroke-linejoin:bevel;stroke-opacity:1;paint-order:stroke fill markers"
             transform="rotate(-25.60554)"
             aria-label="T" /></g><g
           id="g313"
           style="fill:#3a5416;fill-opacity:1;stroke:none;stroke-opacity:1"
           transform="matrix(1.4113474,0,0,1.4113474,1507.5579,285.51925)"><path
             d="m 146.37399,116.87328 q 0.18063,-0.6322 0.33116,-1.56546 0.15052,-0.93325 0.27094,-2.31807 0.12042,-1.38483 0.18063,-3.28143 0.0602,-1.92672 0.0602,-4.48563 V 85.62441 q 0,-2.558915 -0.0602,-4.455523 -0.0602,-1.926712 -0.18063,-3.311537 -0.12042,-1.414929 -0.27094,-2.348181 -0.15053,-0.933251 -0.33116,-1.565454 v -0.120419 h 7.19507 v 0.120419 q -0.18063,0.632203 -0.36126,1.565454 -0.15052,0.933252 -0.27094,2.348181 -0.0903,1.384825 -0.18063,3.311537 -0.0602,1.896608 -0.0602,4.455523 v 19.59828 q 0,2.55891 0.0602,4.48563 0.0903,1.8966 0.18063,3.28143 0.12042,1.38482 0.27094,2.31807 0.18063,0.93326 0.36126,1.56546 v 0.12042 h -7.19507 z"
             id="path312"
             style="font-size:61.6548px;font-family:Marcellus;-inkscape-font-specification:Marcellus;fill:#3a5416;fill-opacity:1;fill-rule:evenodd;stroke:none;stroke-width:2.53877;stroke-linejoin:bevel;stroke-opacity:1;paint-order:stroke fill markers"
             transform="rotate(18.055612)"
             aria-label="I" /><path
             d="m 36.750166,145.69642 q -3.552376,0 -6.41234,0.33115 -2.859964,0.30105 -4.937201,0.66231 -2.408391,0.45157 -4.304998,0.99346 l 0.873041,-4.87699 q 0.361259,0.0301 1.083776,0.0602 0.722517,0.0301 1.595559,0.0602 0.903147,0.0301 1.866503,0.0602 0.993461,0 1.866503,0.0301 0.873041,0 1.535349,0.0301 0.692412,0 0.993461,0 h 17.189888 q 0.301049,0 0.963356,0 0.692412,-0.0301 1.565454,-0.0301 0.873042,-0.0301 1.836398,-0.0301 0.993461,-0.0301 1.866503,-0.0602 0.903146,-0.0301 1.625663,-0.0602 0.722518,-0.0301 1.083776,-0.0602 l 0.873042,4.87699 q -1.926713,-0.54189 -4.335103,-0.99346 -2.077237,-0.36126 -4.937201,-0.66231 -2.859964,-0.33115 -6.41234,-0.33115 v 28.75016 q 0,2.55892 0.06021,4.48563 0.09031,1.89661 0.18063,3.28143 0.120419,1.38483 0.270944,2.31808 0.180629,0.93325 0.361258,1.56545 v 0.12042 H 35.90723 v -0.12042 q 0.18063,-0.6322 0.331154,-1.56545 0.150524,-0.93325 0.270944,-2.31808 0.120419,-1.38482 0.180629,-3.28143 0.06021,-1.92671 0.06021,-4.48563 z"
             id="path313"
             style="font-size:61.6548px;font-family:Marcellus;-inkscape-font-specification:Marcellus;fill:#3a5416;fill-opacity:1;fill-rule:evenodd;stroke:none;stroke-width:2.53877;stroke-linejoin:bevel;stroke-opacity:1;paint-order:stroke fill markers"
             transform="rotate(-25.60554)"
             aria-label="T" /></g><g
           id="g315"
           style="fill:#3a5416;fill-opacity:1;stroke:none;stroke-opacity:1"
           transform="matrix(1.4113474,0,0,1.4113474,1439.751,362.08849)"><path
             d="m 146.37399,116.87328 q 0.18063,-0.6322 0.33116,-1.56546 0.15052,-0.93325 0.27094,-2.31807 0.12042,-1.38483 0.18063,-3.28143 0.0602,-1.92672 0.0602,-4.48563 V 85.62441 q 0,-2.558915 -0.0602,-4.455523 -0.0602,-1.926712 -0.18063,-3.311537 -0.12042,-1.414929 -0.27094,-2.348181 -0.15053,-0.933251 -0.33116,-1.565454 v -0.120419 h 7.19507 v 0.120419 q -0.18063,0.632203 -0.36126,1.565454 -0.15052,0.933252 -0.27094,2.348181 -0.0903,1.384825 -0.18063,3.311537 -0.0602,1.896608 -0.0602,4.455523 v 19.59828 q 0,2.55891 0.0602,4.48563 0.0903,1.8966 0.18063,3.28143 0.12042,1.38482 0.27094,2.31807 0.18063,0.93326 0.36126,1.56546 v 0.12042 h -7.19507 z"
             id="path314"
             style="font-size:61.6548px;font-family:Marcellus;-inkscape-font-specification:Marcellus;fill:#3a5416;fill-opacity:1;fill-rule:evenodd;stroke:none;stroke-width:2.53877;stroke-linejoin:bevel;stroke-opacity:1;paint-order:stroke fill markers"
             transform="rotate(18.055612)"
             aria-label="I" /><path
             d="m 36.750166,145.69642 q -3.552376,0 -6.41234,0.33115 -2.859964,0.30105 -4.937201,0.66231 -2.408391,0.45157 -4.304998,0.99346 l 0.873041,-4.87699 q 0.361259,0.0301 1.083776,0.0602 0.722517,0.0301 1.595559,0.0602 0.903147,0.0301 1.866503,0.0602 0.993461,0 1.866503,0.0301 0.873041,0 1.535349,0.0301 0.692412,0 0.993461,0 h 17.189888 q 0.301049,0 0.963356,0 0.692412,-0.0301 1.565454,-0.0301 0.873042,-0.0301 1.836398,-0.0301 0.993461,-0.0301 1.866503,-0.0602 0.903146,-0.0301 1.625663,-0.0602 0.722518,-0.0301 1.083776,-0.0602 l 0.873042,4.87699 q -1.926713,-0.54189 -4.335103,-0.99346 -2.077237,-0.36126 -4.937201,-0.66231 -2.859964,-0.33115 -6.41234,-0.33115 v 28.75016 q 0,2.55892 0.06021,4.48563 0.09031,1.89661 0.18063,3.28143 0.120419,1.38483 0.270944,2.31808 0.180629,0.93325 0.361258,1.56545 v 0.12042 H 35.90723 v -0.12042 q 0.18063,-0.6322 0.331154,-1.56545 0.150524,-0.93325 0.270944,-2.31808 0.120419,-1.38482 0.180629,-3.28143 0.06021,-1.92671 0.06021,-4.48563 z"
             id="path315"
             style="font-size:61.6548px;font-family:Marcellus;-inkscape-font-specification:Marcellus;fill:#3a5416;fill-opacity:1;fill-rule:evenodd;stroke:none;stroke-width:2.53877;stroke-linejoin:bevel;stroke-opacity:1;paint-order:stroke fill markers"
             transform="rotate(-25.60554)"
             aria-label="T" /></g><g
           id="g317"
           style="fill:#3a5416;fill-opacity:1;stroke:none;stroke-opacity:1"
           transform="matrix(1.4113474,0,0,1.4113474,1508.3735,362.08849)"><path
             d="m 146.37399,116.87328 q 0.18063,-0.6322 0.33116,-1.56546 0.15052,-0.93325 0.27094,-2.31807 0.12042,-1.38483 0.18063,-3.28143 0.0602,-1.92672 0.0602,-4.48563 V 85.62441 q 0,-2.558915 -0.0602,-4.455523 -0.0602,-1.926712 -0.18063,-3.311537 -0.12042,-1.414929 -0.27094,-2.348181 -0.15053,-0.933251 -0.33116,-1.565454 v -0.120419 h 7.19507 v 0.120419 q -0.18063,0.632203 -0.36126,1.565454 -0.15052,0.933252 -0.27094,2.348181 -0.0903,1.384825 -0.18063,3.311537 -0.0602,1.896608 -0.0602,4.455523 v 19.59828 q 0,2.55891 0.0602,4.48563 0.0903,1.8966 0.18063,3.28143 0.12042,1.38482 0.27094,2.31807 0.18063,0.93326 0.36126,1.56546 v 0.12042 h -7.19507 z"
             id="path316"
             style="font-size:61.6548px;font-family:Marcellus;-inkscape-font-specification:Marcellus;fill:#3a5416;fill-opacity:1;fill-rule:evenodd;stroke:none;stroke-width:2.53877;stroke-linejoin:bevel;stroke-opacity:1;paint-order:stroke fill markers"
             transform="rotate(18.055612)"
             aria-label="I" /><path
             d="m 36.750166,145.69642 q -3.552376,0 -6.41234,0.33115 -2.859964,0.30105 -4.937201,0.66231 -2.408391,0.45157 -4.304998,0.99346 l 0.873041,-4.87699 q 0.361259,0.0301 1.083776,0.0602 0.722517,0.0301 1.595559,0.0602 0.903147,0.0301 1.866503,0.0602 0.993461,0 1.866503,0.0301 0.873041,0 1.535349,0.0301 0.692412,0 0.993461,0 h 17.189888 q 0.301049,0 0.963356,0 0.692412,-0.0301 1.565454,-0.0301 0.873042,-0.0301 1.836398,-0.0301 0.993461,-0.0301 1.866503,-0.0602 0.903146,-0.0301 1.625663,-0.0602 0.722518,-0.0301 1.083776,-0.0602 l 0.873042,4.87699 q -1.926713,-0.54189 -4.335103,-0.99346 -2.077237,-0.36126 -4.937201,-0.66231 -2.859964,-0.33115 -6.41234,-0.33115 v 28.75016 q 0,2.55892 0.06021,4.48563 0.09031,1.89661 0.18063,3.28143 0.120419,1.38483 0.270944,2.31808 0.180629,0.93325 0.361258,1.56545 v 0.12042 H 35.90723 v -0.12042 q 0.18063,-0.6322 0.331154,-1.56545 0.150524,-0.93325 0.270944,-2.31808 0.120419,-1.38482 0.180629,-3.28143 0.06021,-1.92671 0.06021,-4.48563 z"
             id="path317"
             style="font-size:61.6548px;font-family:Marcellus;-inkscape-font-specification:Marcellus;fill:#3a5416;fill-opacity:1;fill-rule:evenodd;stroke:none;stroke-width:2.53877;stroke-linejoin:bevel;stroke-opacity:1;paint-order:stroke fill markers"
             transform="rotate(-25.60554)"
             aria-label="T" /></g><g
           id="g319"
           style="fill:#3a5416;fill-opacity:1;stroke:none;stroke-opacity:1"
           transform="matrix(1.4113474,0,0,1.4113474,1438.9354,285.51925)"><path
             d="m 146.37399,116.87328 q 0.18063,-0.6322 0.33116,-1.56546 0.15052,-0.93325 0.27094,-2.31807 0.12042,-1.38483 0.18063,-3.28143 0.0602,-1.92672 0.0602,-4.48563 V 85.62441 q 0,-2.558915 -0.0602,-4.455523 -0.0602,-1.926712 -0.18063,-3.311537 -0.12042,-1.414929 -0.27094,-2.348181 -0.15053,-0.933251 -0.33116,-1.565454 v -0.120419 h 7.19507 v 0.120419 q -0.18063,0.632203 -0.36126,1.565454 -0.15052,0.933252 -0.27094,2.348181 -0.0903,1.384825 -0.18063,3.311537 -0.0602,1.896608 -0.0602,4.455523 v 19.59828 q 0,2.55891 0.0602,4.48563 0.0903,1.8966 0.18063,3.28143 0.12042,1.38482 0.27094,2.31807 0.18063,0.93326 0.36126,1.56546 v 0.12042 h -7.19507 z"
             id="path318"
             style="font-size:61.6548px;font-family:Marcellus;-inkscape-font-specification:Marcellus;fill:#3a5416;fill-opacity:1;fill-rule:evenodd;stroke:none;stroke-width:2.53877;stroke-linejoin:bevel;stroke-opacity:1;paint-order:stroke fill markers"
             transform="rotate(18.055612)"
             aria-label="I" /><path
             d="m 36.750166,145.69642 q -3.552376,0 -6.41234,0.33115 -2.859964,0.30105 -4.937201,0.66231 -2.408391,0.45157 -4.304998,0.99346 l 0.873041,-4.87699 q 0.361259,0.0301 1.083776,0.0602 0.722517,0.0301 1.595559,0.0602 0.903147,0.0301 1.866503,0.0602 0.993461,0 1.866503,0.0301 0.873041,0 1.535349,0.0301 0.692412,0 0.993461,0 h 17.189888 q 0.301049,0 0.963356,0 0.692412,-0.0301 1.565454,-0.0301 0.873042,-0.0301 1.836398,-0.0301 0.993461,-0.0301 1.866503,-0.0602 0.903146,-0.0301 1.625663,-0.0602 0.722518,-0.0301 1.083776,-0.0602 l 0.873042,4.87699 q -1.926713,-0.54189 -4.335103,-0.99346 -2.077237,-0.36126 -4.937201,-0.66231 -2.859964,-0.33115 -6.41234,-0.33115 v 28.75016 q 0,2.55892 0.06021,4.48563 0.09031,1.89661 0.18063,3.28143 0.120419,1.38483 0.270944,2.31808 0.180629,0.93325 0.361258,1.56545 v 0.12042 H 35.90723 v -0.12042 q 0.18063,-0.6322 0.331154,-1.56545 0.150524,-0.93325 0.270944,-2.31808 0.120419,-1.38482 0.180629,-3.28143 0.06021,-1.92671 0.06021,-4.48563 z"
             id="path319"
             style="font-size:61.6548px;font-family:Marcellus;-inkscape-font-specification:Marcellus;fill:#3a5416;fill-opacity:1;fill-rule:evenodd;stroke:none;stroke-width:2.53877;stroke-linejoin:bevel;stroke-opacity:1;paint-order:stroke fill markers"
             transform="rotate(-25.60554)"
             aria-label="T" /></g><g
           id="g321"
           style="fill:#3a5416;fill-opacity:1;stroke:none;stroke-opacity:1"
           transform="matrix(1.4113474,0,0,1.4113474,1507.5579,285.51925)"><path
             d="m 146.37399,116.87328 q 0.18063,-0.6322 0.33116,-1.56546 0.15052,-0.93325 0.27094,-2.31807 0.12042,-1.38483 0.18063,-3.28143 0.0602,-1.92672 0.0602,-4.48563 V 85.62441 q 0,-2.558915 -0.0602,-4.455523 -0.0602,-1.926712 -0.18063,-3.311537 -0.12042,-1.414929 -0.27094,-2.348181 -0.15053,-0.933251 -0.33116,-1.565454 v -0.120419 h 7.19507 v 0.120419 q -0.18063,0.632203 -0.36126,1.565454 -0.15052,0.933252 -0.27094,2.348181 -0.0903,1.384825 -0.18063,3.311537 -0.0602,1.896608 -0.0602,4.455523 v 19.59828 q 0,2.55891 0.0602,4.48563 0.0903,1.8966 0.18063,3.28143 0.12042,1.38482 0.27094,2.31807 0.18063,0.93326 0.36126,1.56546 v 0.12042 h -7.19507 z"
             id="path320"
             style="font-size:61.6548px;font-family:Marcellus;-inkscape-font-specification:Marcellus;fill:#3a5416;fill-opacity:1;fill-rule:evenodd;stroke:none;stroke-width:2.53877;stroke-linejoin:bevel;stroke-opacity:1;paint-order:stroke fill markers"
             transform="rotate(18.055612)"
             aria-label="I" /><path
             d="m 36.750166,145.69642 q -3.552376,0 -6.41234,0.33115 -2.859964,0.30105 -4.937201,0.66231 -2.408391,0.45157 -4.304998,0.99346 l 0.873041,-4.87699 q 0.361259,0.0301 1.083776,0.0602 0.722517,0.0301 1.595559,0.0602 0.903147,0.0301 1.866503,0.0602 0.993461,0 1.866503,0.0301 0.873041,0 1.535349,0.0301 0.692412,0 0.993461,0 h 17.189888 q 0.301049,0 0.963356,0 0.692412,-0.0301 1.565454,-0.0301 0.873042,-0.0301 1.836398,-0.0301 0.993461,-0.0301 1.866503,-0.0602 0.903146,-0.0301 1.625663,-0.0602 0.722518,-0.0301 1.083776,-0.0602 l 0.873042,4.87699 q -1.926713,-0.54189 -4.335103,-0.99346 -2.077237,-0.36126 -4.937201,-0.66231 -2.859964,-0.33115 -6.41234,-0.33115 v 28.75016 q 0,2.55892 0.06021,4.48563 0.09031,1.89661 0.18063,3.28143 0.120419,1.38483 0.270944,2.31808 0.180629,0.93325 0.361258,1.56545 v 0.12042 H 35.90723 v -0.12042 q 0.18063,-0.6322 0.331154,-1.56545 0.150524,-0.93325 0.270944,-2.31808 0.120419,-1.38482 0.180629,-3.28143 0.06021,-1.92671 0.06021,-4.48563 z"
             id="path321"
             style="font-size:61.6548px;font-family:Marcellus;-inkscape-font-specification:Marcellus;fill:#3a5416;fill-opacity:1;fill-rule:evenodd;stroke:none;stroke-width:2.53877;stroke-linejoin:bevel;stroke-opacity:1;paint-order:stroke fill markers"
             transform="rotate(-25.60554)"
             aria-label="T" /></g><g
           id="g323"
           style="fill:#3a5416;fill-opacity:1;stroke:none;stroke-opacity:1"
           transform="matrix(1.4113474,0,0,1.4113474,1439.751,362.08849)"><path
             d="m 146.37399,116.87328 q 0.18063,-0.6322 0.33116,-1.56546 0.15052,-0.93325 0.27094,-2.31807 0.12042,-1.38483 0.18063,-3.28143 0.0602,-1.92672 0.0602,-4.48563 V 85.62441 q 0,-2.558915 -0.0602,-4.455523 -0.0602,-1.926712 -0.18063,-3.311537 -0.12042,-1.414929 -0.27094,-2.348181 -0.15053,-0.933251 -0.33116,-1.565454 v -0.120419 h 7.19507 v 0.120419 q -0.18063,0.632203 -0.36126,1.565454 -0.15052,0.933252 -0.27094,2.348181 -0.0903,1.384825 -0.18063,3.311537 -0.0602,1.896608 -0.0602,4.455523 v 19.59828 q 0,2.55891 0.0602,4.48563 0.0903,1.8966 0.18063,3.28143 0.12042,1.38482 0.27094,2.31807 0.18063,0.93326 0.36126,1.56546 v 0.12042 h -7.19507 z"
             id="path322"
             style="font-size:61.6548px;font-family:Marcellus;-inkscape-font-specification:Marcellus;fill:#3a5416;fill-opacity:1;fill-rule:evenodd;stroke:none;stroke-width:2.53877;stroke-linejoin:bevel;stroke-opacity:1;paint-order:stroke fill markers"
             transform="rotate(18.055612)"
             aria-label="I" /><path
             d="m 36.750166,145.69642 q -3.552376,0 -6.41234,0.33115 -2.859964,0.30105 -4.937201,0.66231 -2.408391,0.45157 -4.304998,0.99346 l 0.873041,-4.87699 q 0.361259,0.0301 1.083776,0.0602 0.722517,0.0301 1.595559,0.0602 0.903147,0.0301 1.866503,0.0602 0.993461,0 1.866503,0.0301 0.873041,0 1.535349,0.0301 0.692412,0 0.993461,0 h 17.189888 q 0.301049,0 0.963356,0 0.692412,-0.0301 1.565454,-0.0301 0.873042,-0.0301 1.836398,-0.0301 0.993461,-0.0301 1.866503,-0.0602 0.903146,-0.0301 1.625663,-0.0602 0.722518,-0.0301 1.083776,-0.0602 l 0.873042,4.87699 q -1.926713,-0.54189 -4.335103,-0.99346 -2.077237,-0.36126 -4.937201,-0.66231 -2.859964,-0.33115 -6.41234,-0.33115 v 28.75016 q 0,2.55892 0.06021,4.48563 0.09031,1.89661 0.18063,3.28143 0.120419,1.38483 0.270944,2.31808 0.180629,0.93325 0.361258,1.56545 v 0.12042 H 35.90723 v -0.12042 q 0.18063,-0.6322 0.331154,-1.56545 0.150524,-0.93325 0.270944,-2.31808 0.120419,-1.38482 0.180629,-3.28143 0.06021,-1.92671 0.06021,-4.48563 z"
             id="path323"
             style="font-size:61.6548px;font-family:Marcellus;-inkscape-font-specification:Marcellus;fill:#3a5416;fill-opacity:1;fill-rule:evenodd;stroke:none;stroke-width:2.53877;stroke-linejoin:bevel;stroke-opacity:1;paint-order:stroke fill markers"
             transform="rotate(-25.60554)"
             aria-label="T" /></g><g
           id="g325"
           style="fill:#3a5416;fill-opacity:1;stroke:none;stroke-opacity:1"
           transform="matrix(1.4113474,0,0,1.4113474,1508.3735,362.08849)"><path
             d="m 146.37399,116.87328 q 0.18063,-0.6322 0.33116,-1.56546 0.15052,-0.93325 0.27094,-2.31807 0.12042,-1.38483 0.18063,-3.28143 0.0602,-1.92672 0.0602,-4.48563 V 85.62441 q 0,-2.558915 -0.0602,-4.455523 -0.0602,-1.926712 -0.18063,-3.311537 -0.12042,-1.414929 -0.27094,-2.348181 -0.15053,-0.933251 -0.33116,-1.565454 v -0.120419 h 7.19507 v 0.120419 q -0.18063,0.632203 -0.36126,1.565454 -0.15052,0.933252 -0.27094,2.348181 -0.0903,1.384825 -0.18063,3.311537 -0.0602,1.896608 -0.0602,4.455523 v 19.59828 q 0,2.55891 0.0602,4.48563 0.0903,1.8966 0.18063,3.28143 0.12042,1.38482 0.27094,2.31807 0.18063,0.93326 0.36126,1.56546 v 0.12042 h -7.19507 z"
             id="path324"
             style="font-size:61.6548px;font-family:Marcellus;-inkscape-font-specification:Marcellus;fill:#3a5416;fill-opacity:1;fill-rule:evenodd;stroke:none;stroke-width:2.53877;stroke-linejoin:bevel;stroke-opacity:1;paint-order:stroke fill markers"
             transform="rotate(18.055612)"
             aria-label="I" /><path
             d="m 36.750166,145.69642 q -3.552376,0 -6.41234,0.33115 -2.859964,0.30105 -4.937201,0.66231 -2.408391,0.45157 -4.304998,0.99346 l 0.873041,-4.87699 q 0.361259,0.0301 1.083776,0.0602 0.722517,0.0301 1.595559,0.0602 0.903147,0.0301 1.866503,0.0602 0.993461,0 1.866503,0.0301 0.873041,0 1.535349,0.0301 0.692412,0 0.993461,0 h 17.189888 q 0.301049,0 0.963356,0 0.692412,-0.0301 1.565454,-0.0301 0.873042,-0.0301 1.836398,-0.0301 0.993461,-0.0301 1.866503,-0.0602 0.903146,-0.0301 1.625663,-0.0602 0.722518,-0.0301 1.083776,-0.0602 l 0.873042,4.87699 q -1.926713,-0.54189 -4.335103,-0.99346 -2.077237,-0.36126 -4.937201,-0.66231 -2.859964,-0.33115 -6.41234,-0.33115 v 28.75016 q 0,2.55892 0.06021,4.48563 0.09031,1.89661 0.18063,3.28143 0.120419,1.38483 0.270944,2.31808 0.180629,0.93325 0.361258,1.56545 v 0.12042 H 35.90723 v -0.12042 q 0.18063,-0.6322 0.331154,-1.56545 0.150524,-0.93325 0.270944,-2.31808 0.120419,-1.38482 0.180629,-3.28143 0.06021,-1.92671 0.06021,-4.48563 z"
             id="path325"
             style="font-size:61.6548px;font-family:Marcellus;-inkscape-font-specification:Marcellus;fill:#3a5416;fill-opacity:1;fill-rule:evenodd;stroke:none;stroke-width:2.53877;stroke-linejoin:bevel;stroke-opacity:1;paint-order:stroke fill markers"
             transform="rotate(-25.60554)"
             aria-label="T" /></g><g
           id="g327"
           style="fill:#3a5416;fill-opacity:1;stroke:none;stroke-opacity:1"
           transform="matrix(1.4113474,0,0,1.4113474,1575.5713,285.51925)"><path
             d="m 146.37399,116.87328 q 0.18063,-0.6322 0.33116,-1.56546 0.15052,-0.93325 0.27094,-2.31807 0.12042,-1.38483 0.18063,-3.28143 0.0602,-1.92672 0.0602,-4.48563 V 85.62441 q 0,-2.558915 -0.0602,-4.455523 -0.0602,-1.926712 -0.18063,-3.311537 -0.12042,-1.414929 -0.27094,-2.348181 -0.15053,-0.933251 -0.33116,-1.565454 v -0.120419 h 7.19507 v 0.120419 q -0.18063,0.632203 -0.36126,1.565454 -0.15052,0.933252 -0.27094,2.348181 -0.0903,1.384825 -0.18063,3.311537 -0.0602,1.896608 -0.0602,4.455523 v 19.59828 q 0,2.55891 0.0602,4.48563 0.0903,1.8966 0.18063,3.28143 0.12042,1.38482 0.27094,2.31807 0.18063,0.93326 0.36126,1.56546 v 0.12042 h -7.19507 z"
             id="path326"
             style="font-size:61.6548px;font-family:Marcellus;-inkscape-font-specification:Marcellus;fill:#3a5416;fill-opacity:1;fill-rule:evenodd;stroke:none;stroke-width:2.53877;stroke-linejoin:bevel;stroke-opacity:1;paint-order:stroke fill markers"
             transform="rotate(18.055612)"
             aria-label="I" /><path
             d="m 36.750166,145.69642 q -3.552376,0 -6.41234,0.33115 -2.859964,0.30105 -4.937201,0.66231 -2.408391,0.45157 -4.304998,0.99346 l 0.873041,-4.87699 q 0.361259,0.0301 1.083776,0.0602 0.722517,0.0301 1.595559,0.0602 0.903147,0.0301 1.866503,0.0602 0.993461,0 1.866503,0.0301 0.873041,0 1.535349,0.0301 0.692412,0 0.993461,0 h 17.189888 q 0.301049,0 0.963356,0 0.692412,-0.0301 1.565454,-0.0301 0.873042,-0.0301 1.836398,-0.0301 0.993461,-0.0301 1.866503,-0.0602 0.903146,-0.0301 1.625663,-0.0602 0.722518,-0.0301 1.083776,-0.0602 l 0.873042,4.87699 q -1.926713,-0.54189 -4.335103,-0.99346 -2.077237,-0.36126 -4.937201,-0.66231 -2.859964,-0.33115 -6.41234,-0.33115 v 28.75016 q 0,2.55892 0.06021,4.48563 0.09031,1.89661 0.18063,3.28143 0.120419,1.38483 0.270944,2.31808 0.180629,0.93325 0.361258,1.56545 v 0.12042 H 35.90723 v -0.12042 q 0.18063,-0.6322 0.331154,-1.56545 0.150524,-0.93325 0.270944,-2.31808 0.120419,-1.38482 0.180629,-3.28143 0.06021,-1.92671 0.06021,-4.48563 z"
             id="path327"
             style="font-size:61.6548px;font-family:Marcellus;-inkscape-font-specification:Marcellus;fill:#3a5416;fill-opacity:1;fill-rule:evenodd;stroke:none;stroke-width:2.53877;stroke-linejoin:bevel;stroke-opacity:1;paint-order:stroke fill markers"
             transform="rotate(-25.60554)"
             aria-label="T" /></g><g
           id="g329"
           style="fill:#3a5416;fill-opacity:1;stroke:none;stroke-opacity:1"
           transform="matrix(1.4113474,0,0,1.4113474,1644.1938,285.51925)"><path
             d="m 146.37399,116.87328 q 0.18063,-0.6322 0.33116,-1.56546 0.15052,-0.93325 0.27094,-2.31807 0.12042,-1.38483 0.18063,-3.28143 0.0602,-1.92672 0.0602,-4.48563 V 85.62441 q 0,-2.558915 -0.0602,-4.455523 -0.0602,-1.926712 -0.18063,-3.311537 -0.12042,-1.414929 -0.27094,-2.348181 -0.15053,-0.933251 -0.33116,-1.565454 v -0.120419 h 7.19507 v 0.120419 q -0.18063,0.632203 -0.36126,1.565454 -0.15052,0.933252 -0.27094,2.348181 -0.0903,1.384825 -0.18063,3.311537 -0.0602,1.896608 -0.0602,4.455523 v 19.59828 q 0,2.55891 0.0602,4.48563 0.0903,1.8966 0.18063,3.28143 0.12042,1.38482 0.27094,2.31807 0.18063,0.93326 0.36126,1.56546 v 0.12042 h -7.19507 z"
             id="path328"
             style="font-size:61.6548px;font-family:Marcellus;-inkscape-font-specification:Marcellus;fill:#3a5416;fill-opacity:1;fill-rule:evenodd;stroke:none;stroke-width:2.53877;stroke-linejoin:bevel;stroke-opacity:1;paint-order:stroke fill markers"
             transform="rotate(18.055612)"
             aria-label="I" /><path
             d="m 36.750166,145.69642 q -3.552376,0 -6.41234,0.33115 -2.859964,0.30105 -4.937201,0.66231 -2.408391,0.45157 -4.304998,0.99346 l 0.873041,-4.87699 q 0.361259,0.0301 1.083776,0.0602 0.722517,0.0301 1.595559,0.0602 0.903147,0.0301 1.866503,0.0602 0.993461,0 1.866503,0.0301 0.873041,0 1.535349,0.0301 0.692412,0 0.993461,0 h 17.189888 q 0.301049,0 0.963356,0 0.692412,-0.0301 1.565454,-0.0301 0.873042,-0.0301 1.836398,-0.0301 0.993461,-0.0301 1.866503,-0.0602 0.903146,-0.0301 1.625663,-0.0602 0.722518,-0.0301 1.083776,-0.0602 l 0.873042,4.87699 q -1.926713,-0.54189 -4.335103,-0.99346 -2.077237,-0.36126 -4.937201,-0.66231 -2.859964,-0.33115 -6.41234,-0.33115 v 28.75016 q 0,2.55892 0.06021,4.48563 0.09031,1.89661 0.18063,3.28143 0.120419,1.38483 0.270944,2.31808 0.180629,0.93325 0.361258,1.56545 v 0.12042 H 35.90723 v -0.12042 q 0.18063,-0.6322 0.331154,-1.56545 0.150524,-0.93325 0.270944,-2.31808 0.120419,-1.38482 0.180629,-3.28143 0.06021,-1.92671 0.06021,-4.48563 z"
             id="path329"
             style="font-size:61.6548px;font-family:Marcellus;-inkscape-font-specification:Marcellus;fill:#3a5416;fill-opacity:1;fill-rule:evenodd;stroke:none;stroke-width:2.53877;stroke-linejoin:bevel;stroke-opacity:1;paint-order:stroke fill markers"
             transform="rotate(-25.60554)"
             aria-label="T" /></g><g
           id="g331"
           style="fill:#3a5416;fill-opacity:1;stroke:none;stroke-opacity:1"
           transform="matrix(1.4113474,0,0,1.4113474,1576.3869,362.08849)"><path
             d="m 146.37399,116.87328 q 0.18063,-0.6322 0.33116,-1.56546 0.15052,-0.93325 0.27094,-2.31807 0.12042,-1.38483 0.18063,-3.28143 0.0602,-1.92672 0.0602,-4.48563 V 85.62441 q 0,-2.558915 -0.0602,-4.455523 -0.0602,-1.926712 -0.18063,-3.311537 -0.12042,-1.414929 -0.27094,-2.348181 -0.15053,-0.933251 -0.33116,-1.565454 v -0.120419 h 7.19507 v 0.120419 q -0.18063,0.632203 -0.36126,1.565454 -0.15052,0.933252 -0.27094,2.348181 -0.0903,1.384825 -0.18063,3.311537 -0.0602,1.896608 -0.0602,4.455523 v 19.59828 q 0,2.55891 0.0602,4.48563 0.0903,1.8966 0.18063,3.28143 0.12042,1.38482 0.27094,2.31807 0.18063,0.93326 0.36126,1.56546 v 0.12042 h -7.19507 z"
             id="path330"
             style="font-size:61.6548px;font-family:Marcellus;-inkscape-font-specification:Marcellus;fill:#3a5416;fill-opacity:1;fill-rule:evenodd;stroke:none;stroke-width:2.53877;stroke-linejoin:bevel;stroke-opacity:1;paint-order:stroke fill markers"
             transform="rotate(18.055612)"
             aria-label="I" /><path
             d="m 36.750166,145.69642 q -3.552376,0 -6.41234,0.33115 -2.859964,0.30105 -4.937201,0.66231 -2.408391,0.45157 -4.304998,0.99346 l 0.873041,-4.87699 q 0.361259,0.0301 1.083776,0.0602 0.722517,0.0301 1.595559,0.0602 0.903147,0.0301 1.866503,0.0602 0.993461,0 1.866503,0.0301 0.873041,0 1.535349,0.0301 0.692412,0 0.993461,0 h 17.189888 q 0.301049,0 0.963356,0 0.692412,-0.0301 1.565454,-0.0301 0.873042,-0.0301 1.836398,-0.0301 0.993461,-0.0301 1.866503,-0.0602 0.903146,-0.0301 1.625663,-0.0602 0.722518,-0.0301 1.083776,-0.0602 l 0.873042,4.87699 q -1.926713,-0.54189 -4.335103,-0.99346 -2.077237,-0.36126 -4.937201,-0.66231 -2.859964,-0.33115 -6.41234,-0.33115 v 28.75016 q 0,2.55892 0.06021,4.48563 0.09031,1.89661 0.18063,3.28143 0.120419,1.38483 0.270944,2.31808 0.180629,0.93325 0.361258,1.56545 v 0.12042 H 35.90723 v -0.12042 q 0.18063,-0.6322 0.331154,-1.56545 0.150524,-0.93325 0.270944,-2.31808 0.120419,-1.38482 0.180629,-3.28143 0.06021,-1.92671 0.06021,-4.48563 z"
             id="path331"
             style="font-size:61.6548px;font-family:Marcellus;-inkscape-font-specification:Marcellus;fill:#3a5416;fill-opacity:1;fill-rule:evenodd;stroke:none;stroke-width:2.53877;stroke-linejoin:bevel;stroke-opacity:1;paint-order:stroke fill markers"
             transform="rotate(-25.60554)"
             aria-label="T" /></g><g
           id="g333"
           style="fill:#3a5416;fill-opacity:1;stroke:none;stroke-opacity:1"
           transform="matrix(1.4113474,0,0,1.4113474,1645.0094,362.08849)"><path
             d="m 146.37399,116.87328 q 0.18063,-0.6322 0.33116,-1.56546 0.15052,-0.93325 0.27094,-2.31807 0.12042,-1.38483 0.18063,-3.28143 0.0602,-1.92672 0.0602,-4.48563 V 85.62441 q 0,-2.558915 -0.0602,-4.455523 -0.0602,-1.926712 -0.18063,-3.311537 -0.12042,-1.414929 -0.27094,-2.348181 -0.15053,-0.933251 -0.33116,-1.565454 v -0.120419 h 7.19507 v 0.120419 q -0.18063,0.632203 -0.36126,1.565454 -0.15052,0.933252 -0.27094,2.348181 -0.0903,1.384825 -0.18063,3.311537 -0.0602,1.896608 -0.0602,4.455523 v 19.59828 q 0,2.55891 0.0602,4.48563 0.0903,1.8966 0.18063,3.28143 0.12042,1.38482 0.27094,2.31807 0.18063,0.93326 0.36126,1.56546 v 0.12042 h -7.19507 z"
             id="path332"
             style="font-size:61.6548px;font-family:Marcellus;-inkscape-font-specification:Marcellus;fill:#3a5416;fill-opacity:1;fill-rule:evenodd;stroke:none;stroke-width:2.53877;stroke-linejoin:bevel;stroke-opacity:1;paint-order:stroke fill markers"
             transform="rotate(18.055612)"
             aria-label="I" /><path
             d="m 36.750166,145.69642 q -3.552376,0 -6.41234,0.33115 -2.859964,0.30105 -4.937201,0.66231 -2.408391,0.45157 -4.304998,0.99346 l 0.873041,-4.87699 q 0.361259,0.0301 1.083776,0.0602 0.722517,0.0301 1.595559,0.0602 0.903147,0.0301 1.866503,0.0602 0.993461,0 1.866503,0.0301 0.873041,0 1.535349,0.0301 0.692412,0 0.993461,0 h 17.189888 q 0.301049,0 0.963356,0 0.692412,-0.0301 1.565454,-0.0301 0.873042,-0.0301 1.836398,-0.0301 0.993461,-0.0301 1.866503,-0.0602 0.903146,-0.0301 1.625663,-0.0602 0.722518,-0.0301 1.083776,-0.0602 l 0.873042,4.87699 q -1.926713,-0.54189 -4.335103,-0.99346 -2.077237,-0.36126 -4.937201,-0.66231 -2.859964,-0.33115 -6.41234,-0.33115 v 28.75016 q 0,2.55892 0.06021,4.48563 0.09031,1.89661 0.18063,3.28143 0.120419,1.38483 0.270944,2.31808 0.180629,0.93325 0.361258,1.56545 v 0.12042 H 35.90723 v -0.12042 q 0.18063,-0.6322 0.331154,-1.56545 0.150524,-0.93325 0.270944,-2.31808 0.120419,-1.38482 0.180629,-3.28143 0.06021,-1.92671 0.06021,-4.48563 z"
             id="path333"
             style="font-size:61.6548px;font-family:Marcellus;-inkscape-font-specification:Marcellus;fill:#3a5416;fill-opacity:1;fill-rule:evenodd;stroke:none;stroke-width:2.53877;stroke-linejoin:bevel;stroke-opacity:1;paint-order:stroke fill markers"
             transform="rotate(-25.60554)"
             aria-label="T" /></g><g
           id="g335"
           style="fill:#3a5416;fill-opacity:1;stroke:none;stroke-opacity:1"
           transform="matrix(1.4113474,0,0,1.4113474,1575.5713,285.51925)"><path
             d="m 146.37399,116.87328 q 0.18063,-0.6322 0.33116,-1.56546 0.15052,-0.93325 0.27094,-2.31807 0.12042,-1.38483 0.18063,-3.28143 0.0602,-1.92672 0.0602,-4.48563 V 85.62441 q 0,-2.558915 -0.0602,-4.455523 -0.0602,-1.926712 -0.18063,-3.311537 -0.12042,-1.414929 -0.27094,-2.348181 -0.15053,-0.933251 -0.33116,-1.565454 v -0.120419 h 7.19507 v 0.120419 q -0.18063,0.632203 -0.36126,1.565454 -0.15052,0.933252 -0.27094,2.348181 -0.0903,1.384825 -0.18063,3.311537 -0.0602,1.896608 -0.0602,4.455523 v 19.59828 q 0,2.55891 0.0602,4.48563 0.0903,1.8966 0.18063,3.28143 0.12042,1.38482 0.27094,2.31807 0.18063,0.93326 0.36126,1.56546 v 0.12042 h -7.19507 z"
             id="path334"
             style="font-size:61.6548px;font-family:Marcellus;-inkscape-font-specification:Marcellus;fill:#3a5416;fill-opacity:1;fill-rule:evenodd;stroke:none;stroke-width:2.53877;stroke-linejoin:bevel;stroke-opacity:1;paint-order:stroke fill markers"
             transform="rotate(18.055612)"
             aria-label="I" /><path
             d="m 36.750166,145.69642 q -3.552376,0 -6.41234,0.33115 -2.859964,0.30105 -4.937201,0.66231 -2.408391,0.45157 -4.304998,0.99346 l 0.873041,-4.87699 q 0.361259,0.0301 1.083776,0.0602 0.722517,0.0301 1.595559,0.0602 0.903147,0.0301 1.866503,0.0602 0.993461,0 1.866503,0.0301 0.873041,0 1.535349,0.0301 0.692412,0 0.993461,0 h 17.189888 q 0.301049,0 0.963356,0 0.692412,-0.0301 1.565454,-0.0301 0.873042,-0.0301 1.836398,-0.0301 0.993461,-0.0301 1.866503,-0.0602 0.903146,-0.0301 1.625663,-0.0602 0.722518,-0.0301 1.083776,-0.0602 l 0.873042,4.87699 q -1.926713,-0.54189 -4.335103,-0.99346 -2.077237,-0.36126 -4.937201,-0.66231 -2.859964,-0.33115 -6.41234,-0.33115 v 28.75016 q 0,2.55892 0.06021,4.48563 0.09031,1.89661 0.18063,3.28143 0.120419,1.38483 0.270944,2.31808 0.180629,0.93325 0.361258,1.56545 v 0.12042 H 35.90723 v -0.12042 q 0.18063,-0.6322 0.331154,-1.56545 0.150524,-0.93325 0.270944,-2.31808 0.120419,-1.38482 0.180629,-3.28143 0.06021,-1.92671 0.06021,-4.48563 z"
             id="path335"
             style="font-size:61.6548px;font-family:Marcellus;-inkscape-font-specification:Marcellus;fill:#3a5416;fill-opacity:1;fill-rule:evenodd;stroke:none;stroke-width:2.53877;stroke-linejoin:bevel;stroke-opacity:1;paint-order:stroke fill markers"
             transform="rotate(-25.60554)"
             aria-label="T" /></g><g
           id="g337"
           style="fill:#3a5416;fill-opacity:1;stroke:none;stroke-opacity:1"
           transform="matrix(1.4113474,0,0,1.4113474,1644.1938,285.51925)"><path
             d="m 146.37399,116.87328 q 0.18063,-0.6322 0.33116,-1.56546 0.15052,-0.93325 0.27094,-2.31807 0.12042,-1.38483 0.18063,-3.28143 0.0602,-1.92672 0.0602,-4.48563 V 85.62441 q 0,-2.558915 -0.0602,-4.455523 -0.0602,-1.926712 -0.18063,-3.311537 -0.12042,-1.414929 -0.27094,-2.348181 -0.15053,-0.933251 -0.33116,-1.565454 v -0.120419 h 7.19507 v 0.120419 q -0.18063,0.632203 -0.36126,1.565454 -0.15052,0.933252 -0.27094,2.348181 -0.0903,1.384825 -0.18063,3.311537 -0.0602,1.896608 -0.0602,4.455523 v 19.59828 q 0,2.55891 0.0602,4.48563 0.0903,1.8966 0.18063,3.28143 0.12042,1.38482 0.27094,2.31807 0.18063,0.93326 0.36126,1.56546 v 0.12042 h -7.19507 z"
             id="path336"
             style="font-size:61.6548px;font-family:Marcellus;-inkscape-font-specification:Marcellus;fill:#3a5416;fill-opacity:1;fill-rule:evenodd;stroke:none;stroke-width:2.53877;stroke-linejoin:bevel;stroke-opacity:1;paint-order:stroke fill markers"
             transform="rotate(18.055612)"
             aria-label="I" /><path
             d="m 36.750166,145.69642 q -3.552376,0 -6.41234,0.33115 -2.859964,0.30105 -4.937201,0.66231 -2.408391,0.45157 -4.304998,0.99346 l 0.873041,-4.87699 q 0.361259,0.0301 1.083776,0.0602 0.722517,0.0301 1.595559,0.0602 0.903147,0.0301 1.866503,0.0602 0.993461,0 1.866503,0.0301 0.873041,0 1.535349,0.0301 0.692412,0 0.993461,0 h 17.189888 q 0.301049,0 0.963356,0 0.692412,-0.0301 1.565454,-0.0301 0.873042,-0.0301 1.836398,-0.0301 0.993461,-0.0301 1.866503,-0.0602 0.903146,-0.0301 1.625663,-0.0602 0.722518,-0.0301 1.083776,-0.0602 l 0.873042,4.87699 q -1.926713,-0.54189 -4.335103,-0.99346 -2.077237,-0.36126 -4.937201,-0.66231 -2.859964,-0.33115 -6.41234,-0.33115 v 28.75016 q 0,2.55892 0.06021,4.48563 0.09031,1.89661 0.18063,3.28143 0.120419,1.38483 0.270944,2.31808 0.180629,0.93325 0.361258,1.56545 v 0.12042 H 35.90723 v -0.12042 q 0.18063,-0.6322 0.331154,-1.56545 0.150524,-0.93325 0.270944,-2.31808 0.120419,-1.38482 0.180629,-3.28143 0.06021,-1.92671 0.06021,-4.48563 z"
             id="path337"
             style="font-size:61.6548px;font-family:Marcellus;-inkscape-font-specification:Marcellus;fill:#3a5416;fill-opacity:1;fill-rule:evenodd;stroke:none;stroke-width:2.53877;stroke-linejoin:bevel;stroke-opacity:1;paint-order:stroke fill markers"
             transform="rotate(-25.60554)"
             aria-label="T" /></g><g
           id="g339"
           style="fill:#3a5416;fill-opacity:1;stroke:none;stroke-opacity:1"
           transform="matrix(1.4113474,0,0,1.4113474,1576.3869,362.08849)"><path
             d="m 146.37399,116.87328 q 0.18063,-0.6322 0.33116,-1.56546 0.15052,-0.93325 0.27094,-2.31807 0.12042,-1.38483 0.18063,-3.28143 0.0602,-1.92672 0.0602,-4.48563 V 85.62441 q 0,-2.558915 -0.0602,-4.455523 -0.0602,-1.926712 -0.18063,-3.311537 -0.12042,-1.414929 -0.27094,-2.348181 -0.15053,-0.933251 -0.33116,-1.565454 v -0.120419 h 7.19507 v 0.120419 q -0.18063,0.632203 -0.36126,1.565454 -0.15052,0.933252 -0.27094,2.348181 -0.0903,1.384825 -0.18063,3.311537 -0.0602,1.896608 -0.0602,4.455523 v 19.59828 q 0,2.55891 0.0602,4.48563 0.0903,1.8966 0.18063,3.28143 0.12042,1.38482 0.27094,2.31807 0.18063,0.93326 0.36126,1.56546 v 0.12042 h -7.19507 z"
             id="path338"
             style="font-size:61.6548px;font-family:Marcellus;-inkscape-font-specification:Marcellus;fill:#3a5416;fill-opacity:1;fill-rule:evenodd;stroke:none;stroke-width:2.53877;stroke-linejoin:bevel;stroke-opacity:1;paint-order:stroke fill markers"
             transform="rotate(18.055612)"
             aria-label="I" /><path
             d="m 36.750166,145.69642 q -3.552376,0 -6.41234,0.33115 -2.859964,0.30105 -4.937201,0.66231 -2.408391,0.45157 -4.304998,0.99346 l 0.873041,-4.87699 q 0.361259,0.0301 1.083776,0.0602 0.722517,0.0301 1.595559,0.0602 0.903147,0.0301 1.866503,0.0602 0.993461,0 1.866503,0.0301 0.873041,0 1.535349,0.0301 0.692412,0 0.993461,0 h 17.189888 q 0.301049,0 0.963356,0 0.692412,-0.0301 1.565454,-0.0301 0.873042,-0.0301 1.836398,-0.0301 0.993461,-0.0301 1.866503,-0.0602 0.903146,-0.0301 1.625663,-0.0602 0.722518,-0.0301 1.083776,-0.0602 l 0.873042,4.87699 q -1.926713,-0.54189 -4.335103,-0.99346 -2.077237,-0.36126 -4.937201,-0.66231 -2.859964,-0.33115 -6.41234,-0.33115 v 28.75016 q 0,2.55892 0.06021,4.48563 0.09031,1.89661 0.18063,3.28143 0.120419,1.38483 0.270944,2.31808 0.180629,0.93325 0.361258,1.56545 v 0.12042 H 35.90723 v -0.12042 q 0.18063,-0.6322 0.331154,-1.56545 0.150524,-0.93325 0.270944,-2.31808 0.120419,-1.38482 0.180629,-3.28143 0.06021,-1.92671 0.06021,-4.48563 z"
             id="path339"
             style="font-size:61.6548px;font-family:Marcellus;-inkscape-font-specification:Marcellus;fill:#3a5416;fill-opacity:1;fill-rule:evenodd;stroke:none;stroke-width:2.53877;stroke-linejoin:bevel;stroke-opacity:1;paint-order:stroke fill markers"
             transform="rotate(-25.60554)"
             aria-label="T" /></g><g
           id="g341"
           style="fill:#3a5416;fill-opacity:1;stroke:none;stroke-opacity:1"
           transform="matrix(1.4113474,0,0,1.4113474,1645.0094,362.08849)"><path
             d="m 146.37399,116.87328 q 0.18063,-0.6322 0.33116,-1.56546 0.15052,-0.93325 0.27094,-2.31807 0.12042,-1.38483 0.18063,-3.28143 0.0602,-1.92672 0.0602,-4.48563 V 85.62441 q 0,-2.558915 -0.0602,-4.455523 -0.0602,-1.926712 -0.18063,-3.311537 -0.12042,-1.414929 -0.27094,-2.348181 -0.15053,-0.933251 -0.33116,-1.565454 v -0.120419 h 7.19507 v 0.120419 q -0.18063,0.632203 -0.36126,1.565454 -0.15052,0.933252 -0.27094,2.348181 -0.0903,1.384825 -0.18063,3.311537 -0.0602,1.896608 -0.0602,4.455523 v 19.59828 q 0,2.55891 0.0602,4.48563 0.0903,1.8966 0.18063,3.28143 0.12042,1.38482 0.27094,2.31807 0.18063,0.93326 0.36126,1.56546 v 0.12042 h -7.19507 z"
             id="path340"
             style="font-size:61.6548px;font-family:Marcellus;-inkscape-font-specification:Marcellus;fill:#3a5416;fill-opacity:1;fill-rule:evenodd;stroke:none;stroke-width:2.53877;stroke-linejoin:bevel;stroke-opacity:1;paint-order:stroke fill markers"
             transform="rotate(18.055612)"
             aria-label="I" /><path
             d="m 36.750166,145.69642 q -3.552376,0 -6.41234,0.33115 -2.859964,0.30105 -4.937201,0.66231 -2.408391,0.45157 -4.304998,0.99346 l 0.873041,-4.87699 q 0.361259,0.0301 1.083776,0.0602 0.722517,0.0301 1.595559,0.0602 0.903147,0.0301 1.866503,0.0602 0.993461,0 1.866503,0.0301 0.873041,0 1.535349,0.0301 0.692412,0 0.993461,0 h 17.189888 q 0.301049,0 0.963356,0 0.692412,-0.0301 1.565454,-0.0301 0.873042,-0.0301 1.836398,-0.0301 0.993461,-0.0301 1.866503,-0.0602 0.903146,-0.0301 1.625663,-0.0602 0.722518,-0.0301 1.083776,-0.0602 l 0.873042,4.87699 q -1.926713,-0.54189 -4.335103,-0.99346 -2.077237,-0.36126 -4.937201,-0.66231 -2.859964,-0.33115 -6.41234,-0.33115 v 28.75016 q 0,2.55892 0.06021,4.48563 0.09031,1.89661 0.18063,3.28143 0.120419,1.38483 0.270944,2.31808 0.180629,0.93325 0.361258,1.56545 v 0.12042 H 35.90723 v -0.12042 q 0.18063,-0.6322 0.331154,-1.56545 0.150524,-0.93325 0.270944,-2.31808 0.120419,-1.38482 0.180629,-3.28143 0.06021,-1.92671 0.06021,-4.48563 z"
             id="path341"
             style="font-size:61.6548px;font-family:Marcellus;-inkscape-font-specification:Marcellus;fill:#3a5416;fill-opacity:1;fill-rule:evenodd;stroke:none;stroke-width:2.53877;stroke-linejoin:bevel;stroke-opacity:1;paint-order:stroke fill markers"
             transform="rotate(-25.60554)"
             aria-label="T" /></g><g
           id="g343"
           style="fill:#3a5416;fill-opacity:1;stroke:none;stroke-opacity:1"
           transform="matrix(1.4113474,0,0,1.4113474,1438.9354,285.51925)"><path
             d="m 146.37399,116.87328 q 0.18063,-0.6322 0.33116,-1.56546 0.15052,-0.93325 0.27094,-2.31807 0.12042,-1.38483 0.18063,-3.28143 0.0602,-1.92672 0.0602,-4.48563 V 85.62441 q 0,-2.558915 -0.0602,-4.455523 -0.0602,-1.926712 -0.18063,-3.311537 -0.12042,-1.414929 -0.27094,-2.348181 -0.15053,-0.933251 -0.33116,-1.565454 v -0.120419 h 7.19507 v 0.120419 q -0.18063,0.632203 -0.36126,1.565454 -0.15052,0.933252 -0.27094,2.348181 -0.0903,1.384825 -0.18063,3.311537 -0.0602,1.896608 -0.0602,4.455523 v 19.59828 q 0,2.55891 0.0602,4.48563 0.0903,1.8966 0.18063,3.28143 0.12042,1.38482 0.27094,2.31807 0.18063,0.93326 0.36126,1.56546 v 0.12042 h -7.19507 z"
             id="path342"
             style="font-size:61.6548px;font-family:Marcellus;-inkscape-font-specification:Marcellus;fill:#3a5416;fill-opacity:1;fill-rule:evenodd;stroke:none;stroke-width:2.53877;stroke-linejoin:bevel;stroke-opacity:1;paint-order:stroke fill markers"
             transform="rotate(18.055612)"
             aria-label="I" /><path
             d="m 36.750166,145.69642 q -3.552376,0 -6.41234,0.33115 -2.859964,0.30105 -4.937201,0.66231 -2.408391,0.45157 -4.304998,0.99346 l 0.873041,-4.87699 q 0.361259,0.0301 1.083776,0.0602 0.722517,0.0301 1.595559,0.0602 0.903147,0.0301 1.866503,0.0602 0.993461,0 1.866503,0.0301 0.873041,0 1.535349,0.0301 0.692412,0 0.993461,0 h 17.189888 q 0.301049,0 0.963356,0 0.692412,-0.0301 1.565454,-0.0301 0.873042,-0.0301 1.836398,-0.0301 0.993461,-0.0301 1.866503,-0.0602 0.903146,-0.0301 1.625663,-0.0602 0.722518,-0.0301 1.083776,-0.0602 l 0.873042,4.87699 q -1.926713,-0.54189 -4.335103,-0.99346 -2.077237,-0.36126 -4.937201,-0.66231 -2.859964,-0.33115 -6.41234,-0.33115 v 28.75016 q 0,2.55892 0.06021,4.48563 0.09031,1.89661 0.18063,3.28143 0.120419,1.38483 0.270944,2.31808 0.180629,0.93325 0.361258,1.56545 v 0.12042 H 35.90723 v -0.12042 q 0.18063,-0.6322 0.331154,-1.56545 0.150524,-0.93325 0.270944,-2.31808 0.120419,-1.38482 0.180629,-3.28143 0.06021,-1.92671 0.06021,-4.48563 z"
             id="path343"
             style="font-size:61.6548px;font-family:Marcellus;-inkscape-font-specification:Marcellus;fill:#3a5416;fill-opacity:1;fill-rule:evenodd;stroke:none;stroke-width:2.53877;stroke-linejoin:bevel;stroke-opacity:1;paint-order:stroke fill markers"
             transform="rotate(-25.60554)"
             aria-label="T" /></g><g
           id="g345"
           style="fill:#3a5416;fill-opacity:1;stroke:none;stroke-opacity:1"
           transform="matrix(1.4113474,0,0,1.4113474,1507.5579,285.51925)"><path
             d="m 146.37399,116.87328 q 0.18063,-0.6322 0.33116,-1.56546 0.15052,-0.93325 0.27094,-2.31807 0.12042,-1.38483 0.18063,-3.28143 0.0602,-1.92672 0.0602,-4.48563 V 85.62441 q 0,-2.558915 -0.0602,-4.455523 -0.0602,-1.926712 -0.18063,-3.311537 -0.12042,-1.414929 -0.27094,-2.348181 -0.15053,-0.933251 -0.33116,-1.565454 v -0.120419 h 7.19507 v 0.120419 q -0.18063,0.632203 -0.36126,1.565454 -0.15052,0.933252 -0.27094,2.348181 -0.0903,1.384825 -0.18063,3.311537 -0.0602,1.896608 -0.0602,4.455523 v 19.59828 q 0,2.55891 0.0602,4.48563 0.0903,1.8966 0.18063,3.28143 0.12042,1.38482 0.27094,2.31807 0.18063,0.93326 0.36126,1.56546 v 0.12042 h -7.19507 z"
             id="path344"
             style="font-size:61.6548px;font-family:Marcellus;-inkscape-font-specification:Marcellus;fill:#3a5416;fill-opacity:1;fill-rule:evenodd;stroke:none;stroke-width:2.53877;stroke-linejoin:bevel;stroke-opacity:1;paint-order:stroke fill markers"
             transform="rotate(18.055612)"
             aria-label="I" /><path
             d="m 36.750166,145.69642 q -3.552376,0 -6.41234,0.33115 -2.859964,0.30105 -4.937201,0.66231 -2.408391,0.45157 -4.304998,0.99346 l 0.873041,-4.87699 q 0.361259,0.0301 1.083776,0.0602 0.722517,0.0301 1.595559,0.0602 0.903147,0.0301 1.866503,0.0602 0.993461,0 1.866503,0.0301 0.873041,0 1.535349,0.0301 0.692412,0 0.993461,0 h 17.189888 q 0.301049,0 0.963356,0 0.692412,-0.0301 1.565454,-0.0301 0.873042,-0.0301 1.836398,-0.0301 0.993461,-0.0301 1.866503,-0.0602 0.903146,-0.0301 1.625663,-0.0602 0.722518,-0.0301 1.083776,-0.0602 l 0.873042,4.87699 q -1.926713,-0.54189 -4.335103,-0.99346 -2.077237,-0.36126 -4.937201,-0.66231 -2.859964,-0.33115 -6.41234,-0.33115 v 28.75016 q 0,2.55892 0.06021,4.48563 0.09031,1.89661 0.18063,3.28143 0.120419,1.38483 0.270944,2.31808 0.180629,0.93325 0.361258,1.56545 v 0.12042 H 35.90723 v -0.12042 q 0.18063,-0.6322 0.331154,-1.56545 0.150524,-0.93325 0.270944,-2.31808 0.120419,-1.38482 0.180629,-3.28143 0.06021,-1.92671 0.06021,-4.48563 z"
             id="path345"
             style="font-size:61.6548px;font-family:Marcellus;-inkscape-font-specification:Marcellus;fill:#3a5416;fill-opacity:1;fill-rule:evenodd;stroke:none;stroke-width:2.53877;stroke-linejoin:bevel;stroke-opacity:1;paint-order:stroke fill markers"
             transform="rotate(-25.60554)"
             aria-label="T" /></g><g
           id="g347"
           style="fill:#3a5416;fill-opacity:1;stroke:none;stroke-opacity:1"
           transform="matrix(1.4113474,0,0,1.4113474,1439.751,362.08849)"><path
             d="m 146.37399,116.87328 q 0.18063,-0.6322 0.33116,-1.56546 0.15052,-0.93325 0.27094,-2.31807 0.12042,-1.38483 0.18063,-3.28143 0.0602,-1.92672 0.0602,-4.48563 V 85.62441 q 0,-2.558915 -0.0602,-4.455523 -0.0602,-1.926712 -0.18063,-3.311537 -0.12042,-1.414929 -0.27094,-2.348181 -0.15053,-0.933251 -0.33116,-1.565454 v -0.120419 h 7.19507 v 0.120419 q -0.18063,0.632203 -0.36126,1.565454 -0.15052,0.933252 -0.27094,2.348181 -0.0903,1.384825 -0.18063,3.311537 -0.0602,1.896608 -0.0602,4.455523 v 19.59828 q 0,2.55891 0.0602,4.48563 0.0903,1.8966 0.18063,3.28143 0.12042,1.38482 0.27094,2.31807 0.18063,0.93326 0.36126,1.56546 v 0.12042 h -7.19507 z"
             id="path346"
             style="font-size:61.6548px;font-family:Marcellus;-inkscape-font-specification:Marcellus;fill:#3a5416;fill-opacity:1;fill-rule:evenodd;stroke:none;stroke-width:2.53877;stroke-linejoin:bevel;stroke-opacity:1;paint-order:stroke fill markers"
             transform="rotate(18.055612)"
             aria-label="I" /><path
             d="m 36.750166,145.69642 q -3.552376,0 -6.41234,0.33115 -2.859964,0.30105 -4.937201,0.66231 -2.408391,0.45157 -4.304998,0.99346 l 0.873041,-4.87699 q 0.361259,0.0301 1.083776,0.0602 0.722517,0.0301 1.595559,0.0602 0.903147,0.0301 1.866503,0.0602 0.993461,0 1.866503,0.0301 0.873041,0 1.535349,0.0301 0.692412,0 0.993461,0 h 17.189888 q 0.301049,0 0.963356,0 0.692412,-0.0301 1.565454,-0.0301 0.873042,-0.0301 1.836398,-0.0301 0.993461,-0.0301 1.866503,-0.0602 0.903146,-0.0301 1.625663,-0.0602 0.722518,-0.0301 1.083776,-0.0602 l 0.873042,4.87699 q -1.926713,-0.54189 -4.335103,-0.99346 -2.077237,-0.36126 -4.937201,-0.66231 -2.859964,-0.33115 -6.41234,-0.33115 v 28.75016 q 0,2.55892 0.06021,4.48563 0.09031,1.89661 0.18063,3.28143 0.120419,1.38483 0.270944,2.31808 0.180629,0.93325 0.361258,1.56545 v 0.12042 H 35.90723 v -0.12042 q 0.18063,-0.6322 0.331154,-1.56545 0.150524,-0.93325 0.270944,-2.31808 0.120419,-1.38482 0.180629,-3.28143 0.06021,-1.92671 0.06021,-4.48563 z"
             id="path347"
             style="font-size:61.6548px;font-family:Marcellus;-inkscape-font-specification:Marcellus;fill:#3a5416;fill-opacity:1;fill-rule:evenodd;stroke:none;stroke-width:2.53877;stroke-linejoin:bevel;stroke-opacity:1;paint-order:stroke fill markers"
             transform="rotate(-25.60554)"
             aria-label="T" /></g><g
           id="g349"
           style="fill:#3a5416;fill-opacity:1;stroke:none;stroke-opacity:1"
           transform="matrix(1.4113474,0,0,1.4113474,1508.3735,362.08849)"><path
             d="m 146.37399,116.87328 q 0.18063,-0.6322 0.33116,-1.56546 0.15052,-0.93325 0.27094,-2.31807 0.12042,-1.38483 0.18063,-3.28143 0.0602,-1.92672 0.0602,-4.48563 V 85.62441 q 0,-2.558915 -0.0602,-4.455523 -0.0602,-1.926712 -0.18063,-3.311537 -0.12042,-1.414929 -0.27094,-2.348181 -0.15053,-0.933251 -0.33116,-1.565454 v -0.120419 h 7.19507 v 0.120419 q -0.18063,0.632203 -0.36126,1.565454 -0.15052,0.933252 -0.27094,2.348181 -0.0903,1.384825 -0.18063,3.311537 -0.0602,1.896608 -0.0602,4.455523 v 19.59828 q 0,2.55891 0.0602,4.48563 0.0903,1.8966 0.18063,3.28143 0.12042,1.38482 0.27094,2.31807 0.18063,0.93326 0.36126,1.56546 v 0.12042 h -7.19507 z"
             id="path348"
             style="font-size:61.6548px;font-family:Marcellus;-inkscape-font-specification:Marcellus;fill:#3a5416;fill-opacity:1;fill-rule:evenodd;stroke:none;stroke-width:2.53877;stroke-linejoin:bevel;stroke-opacity:1;paint-order:stroke fill markers"
             transform="rotate(18.055612)"
             aria-label="I" /><path
             d="m 36.750166,145.69642 q -3.552376,0 -6.41234,0.33115 -2.859964,0.30105 -4.937201,0.66231 -2.408391,0.45157 -4.304998,0.99346 l 0.873041,-4.87699 q 0.361259,0.0301 1.083776,0.0602 0.722517,0.0301 1.595559,0.0602 0.903147,0.0301 1.866503,0.0602 0.993461,0 1.866503,0.0301 0.873041,0 1.535349,0.0301 0.692412,0 0.993461,0 h 17.189888 q 0.301049,0 0.963356,0 0.692412,-0.0301 1.565454,-0.0301 0.873042,-0.0301 1.836398,-0.0301 0.993461,-0.0301 1.866503,-0.0602 0.903146,-0.0301 1.625663,-0.0602 0.722518,-0.0301 1.083776,-0.0602 l 0.873042,4.87699 q -1.926713,-0.54189 -4.335103,-0.99346 -2.077237,-0.36126 -4.937201,-0.66231 -2.859964,-0.33115 -6.41234,-0.33115 v 28.75016 q 0,2.55892 0.06021,4.48563 0.09031,1.89661 0.18063,3.28143 0.120419,1.38483 0.270944,2.31808 0.180629,0.93325 0.361258,1.56545 v 0.12042 H 35.90723 v -0.12042 q 0.18063,-0.6322 0.331154,-1.56545 0.150524,-0.93325 0.270944,-2.31808 0.120419,-1.38482 0.180629,-3.28143 0.06021,-1.92671 0.06021,-4.48563 z"
             id="path349"
             style="font-size:61.6548px;font-family:Marcellus;-inkscape-font-specification:Marcellus;fill:#3a5416;fill-opacity:1;fill-rule:evenodd;stroke:none;stroke-width:2.53877;stroke-linejoin:bevel;stroke-opacity:1;paint-order:stroke fill markers"
             transform="rotate(-25.60554)"
             aria-label="T" /></g><g
           id="g351"
           style="fill:#3a5416;fill-opacity:1;stroke:none;stroke-opacity:1"
           transform="matrix(1.4113474,0,0,1.4113474,1438.9354,285.51925)"><path
             d="m 146.37399,116.87328 q 0.18063,-0.6322 0.33116,-1.56546 0.15052,-0.93325 0.27094,-2.31807 0.12042,-1.38483 0.18063,-3.28143 0.0602,-1.92672 0.0602,-4.48563 V 85.62441 q 0,-2.558915 -0.0602,-4.455523 -0.0602,-1.926712 -0.18063,-3.311537 -0.12042,-1.414929 -0.27094,-2.348181 -0.15053,-0.933251 -0.33116,-1.565454 v -0.120419 h 7.19507 v 0.120419 q -0.18063,0.632203 -0.36126,1.565454 -0.15052,0.933252 -0.27094,2.348181 -0.0903,1.384825 -0.18063,3.311537 -0.0602,1.896608 -0.0602,4.455523 v 19.59828 q 0,2.55891 0.0602,4.48563 0.0903,1.8966 0.18063,3.28143 0.12042,1.38482 0.27094,2.31807 0.18063,0.93326 0.36126,1.56546 v 0.12042 h -7.19507 z"
             id="path350"
             style="font-size:61.6548px;font-family:Marcellus;-inkscape-font-specification:Marcellus;fill:#3a5416;fill-opacity:1;fill-rule:evenodd;stroke:none;stroke-width:2.53877;stroke-linejoin:bevel;stroke-opacity:1;paint-order:stroke fill markers"
             transform="rotate(18.055612)"
             aria-label="I" /><path
             d="m 36.750166,145.69642 q -3.552376,0 -6.41234,0.33115 -2.859964,0.30105 -4.937201,0.66231 -2.408391,0.45157 -4.304998,0.99346 l 0.873041,-4.87699 q 0.361259,0.0301 1.083776,0.0602 0.722517,0.0301 1.595559,0.0602 0.903147,0.0301 1.866503,0.0602 0.993461,0 1.866503,0.0301 0.873041,0 1.535349,0.0301 0.692412,0 0.993461,0 h 17.189888 q 0.301049,0 0.963356,0 0.692412,-0.0301 1.565454,-0.0301 0.873042,-0.0301 1.836398,-0.0301 0.993461,-0.0301 1.866503,-0.0602 0.903146,-0.0301 1.625663,-0.0602 0.722518,-0.0301 1.083776,-0.0602 l 0.873042,4.87699 q -1.926713,-0.54189 -4.335103,-0.99346 -2.077237,-0.36126 -4.937201,-0.66231 -2.859964,-0.33115 -6.41234,-0.33115 v 28.75016 q 0,2.55892 0.06021,4.48563 0.09031,1.89661 0.18063,3.28143 0.120419,1.38483 0.270944,2.31808 0.180629,0.93325 0.361258,1.56545 v 0.12042 H 35.90723 v -0.12042 q 0.18063,-0.6322 0.331154,-1.56545 0.150524,-0.93325 0.270944,-2.31808 0.120419,-1.38482 0.180629,-3.28143 0.06021,-1.92671 0.06021,-4.48563 z"
             id="path351"
             style="font-size:61.6548px;font-family:Marcellus;-inkscape-font-specification:Marcellus;fill:#3a5416;fill-opacity:1;fill-rule:evenodd;stroke:none;stroke-width:2.53877;stroke-linejoin:bevel;stroke-opacity:1;paint-order:stroke fill markers"
             transform="rotate(-25.60554)"
             aria-label="T" /></g><g
           id="g353"
           style="fill:#3a5416;fill-opacity:1;stroke:none;stroke-opacity:1"
           transform="matrix(1.4113474,0,0,1.4113474,1507.5579,285.51925)"><path
             d="m 146.37399,116.87328 q 0.18063,-0.6322 0.33116,-1.56546 0.15052,-0.93325 0.27094,-2.31807 0.12042,-1.38483 0.18063,-3.28143 0.0602,-1.92672 0.0602,-4.48563 V 85.62441 q 0,-2.558915 -0.0602,-4.455523 -0.0602,-1.926712 -0.18063,-3.311537 -0.12042,-1.414929 -0.27094,-2.348181 -0.15053,-0.933251 -0.33116,-1.565454 v -0.120419 h 7.19507 v 0.120419 q -0.18063,0.632203 -0.36126,1.565454 -0.15052,0.933252 -0.27094,2.348181 -0.0903,1.384825 -0.18063,3.311537 -0.0602,1.896608 -0.0602,4.455523 v 19.59828 q 0,2.55891 0.0602,4.48563 0.0903,1.8966 0.18063,3.28143 0.12042,1.38482 0.27094,2.31807 0.18063,0.93326 0.36126,1.56546 v 0.12042 h -7.19507 z"
             id="path352"
             style="font-size:61.6548px;font-family:Marcellus;-inkscape-font-specification:Marcellus;fill:#3a5416;fill-opacity:1;fill-rule:evenodd;stroke:none;stroke-width:2.53877;stroke-linejoin:bevel;stroke-opacity:1;paint-order:stroke fill markers"
             transform="rotate(18.055612)"
             aria-label="I" /><path
             d="m 36.750166,145.69642 q -3.552376,0 -6.41234,0.33115 -2.859964,0.30105 -4.937201,0.66231 -2.408391,0.45157 -4.304998,0.99346 l 0.873041,-4.87699 q 0.361259,0.0301 1.083776,0.0602 0.722517,0.0301 1.595559,0.0602 0.903147,0.0301 1.866503,0.0602 0.993461,0 1.866503,0.0301 0.873041,0 1.535349,0.0301 0.692412,0 0.993461,0 h 17.189888 q 0.301049,0 0.963356,0 0.692412,-0.0301 1.565454,-0.0301 0.873042,-0.0301 1.836398,-0.0301 0.993461,-0.0301 1.866503,-0.0602 0.903146,-0.0301 1.625663,-0.0602 0.722518,-0.0301 1.083776,-0.0602 l 0.873042,4.87699 q -1.926713,-0.54189 -4.335103,-0.99346 -2.077237,-0.36126 -4.937201,-0.66231 -2.859964,-0.33115 -6.41234,-0.33115 v 28.75016 q 0,2.55892 0.06021,4.48563 0.09031,1.89661 0.18063,3.28143 0.120419,1.38483 0.270944,2.31808 0.180629,0.93325 0.361258,1.56545 v 0.12042 H 35.90723 v -0.12042 q 0.18063,-0.6322 0.331154,-1.56545 0.150524,-0.93325 0.270944,-2.31808 0.120419,-1.38482 0.180629,-3.28143 0.06021,-1.92671 0.06021,-4.48563 z"
             id="path353"
             style="font-size:61.6548px;font-family:Marcellus;-inkscape-font-specification:Marcellus;fill:#3a5416;fill-opacity:1;fill-rule:evenodd;stroke:none;stroke-width:2.53877;stroke-linejoin:bevel;stroke-opacity:1;paint-order:stroke fill markers"
             transform="rotate(-25.60554)"
             aria-label="T" /></g><g
           id="g355"
           style="fill:#3a5416;fill-opacity:1;stroke:none;stroke-opacity:1"
           transform="matrix(1.4113474,0,0,1.4113474,1439.751,362.08849)"><path
             d="m 146.37399,116.87328 q 0.18063,-0.6322 0.33116,-1.56546 0.15052,-0.93325 0.27094,-2.31807 0.12042,-1.38483 0.18063,-3.28143 0.0602,-1.92672 0.0602,-4.48563 V 85.62441 q 0,-2.558915 -0.0602,-4.455523 -0.0602,-1.926712 -0.18063,-3.311537 -0.12042,-1.414929 -0.27094,-2.348181 -0.15053,-0.933251 -0.33116,-1.565454 v -0.120419 h 7.19507 v 0.120419 q -0.18063,0.632203 -0.36126,1.565454 -0.15052,0.933252 -0.27094,2.348181 -0.0903,1.384825 -0.18063,3.311537 -0.0602,1.896608 -0.0602,4.455523 v 19.59828 q 0,2.55891 0.0602,4.48563 0.0903,1.8966 0.18063,3.28143 0.12042,1.38482 0.27094,2.31807 0.18063,0.93326 0.36126,1.56546 v 0.12042 h -7.19507 z"
             id="path354"
             style="font-size:61.6548px;font-family:Marcellus;-inkscape-font-specification:Marcellus;fill:#3a5416;fill-opacity:1;fill-rule:evenodd;stroke:none;stroke-width:2.53877;stroke-linejoin:bevel;stroke-opacity:1;paint-order:stroke fill markers"
             transform="rotate(18.055612)"
             aria-label="I" /><path
             d="m 36.750166,145.69642 q -3.552376,0 -6.41234,0.33115 -2.859964,0.30105 -4.937201,0.66231 -2.408391,0.45157 -4.304998,0.99346 l 0.873041,-4.87699 q 0.361259,0.0301 1.083776,0.0602 0.722517,0.0301 1.595559,0.0602 0.903147,0.0301 1.866503,0.0602 0.993461,0 1.866503,0.0301 0.873041,0 1.535349,0.0301 0.692412,0 0.993461,0 h 17.189888 q 0.301049,0 0.963356,0 0.692412,-0.0301 1.565454,-0.0301 0.873042,-0.0301 1.836398,-0.0301 0.993461,-0.0301 1.866503,-0.0602 0.903146,-0.0301 1.625663,-0.0602 0.722518,-0.0301 1.083776,-0.0602 l 0.873042,4.87699 q -1.926713,-0.54189 -4.335103,-0.99346 -2.077237,-0.36126 -4.937201,-0.66231 -2.859964,-0.33115 -6.41234,-0.33115 v 28.75016 q 0,2.55892 0.06021,4.48563 0.09031,1.89661 0.18063,3.28143 0.120419,1.38483 0.270944,2.31808 0.180629,0.93325 0.361258,1.56545 v 0.12042 H 35.90723 v -0.12042 q 0.18063,-0.6322 0.331154,-1.56545 0.150524,-0.93325 0.270944,-2.31808 0.120419,-1.38482 0.180629,-3.28143 0.06021,-1.92671 0.06021,-4.48563 z"
             id="path355"
             style="font-size:61.6548px;font-family:Marcellus;-inkscape-font-specification:Marcellus;fill:#3a5416;fill-opacity:1;fill-rule:evenodd;stroke:none;stroke-width:2.53877;stroke-linejoin:bevel;stroke-opacity:1;paint-order:stroke fill markers"
             transform="rotate(-25.60554)"
             aria-label="T" /></g><g
           id="g357"
           style="fill:#3a5416;fill-opacity:1;stroke:none;stroke-opacity:1"
           transform="matrix(1.4113474,0,0,1.4113474,1508.3735,362.08849)"><path
             d="m 146.37399,116.87328 q 0.18063,-0.6322 0.33116,-1.56546 0.15052,-0.93325 0.27094,-2.31807 0.12042,-1.38483 0.18063,-3.28143 0.0602,-1.92672 0.0602,-4.48563 V 85.62441 q 0,-2.558915 -0.0602,-4.455523 -0.0602,-1.926712 -0.18063,-3.311537 -0.12042,-1.414929 -0.27094,-2.348181 -0.15053,-0.933251 -0.33116,-1.565454 v -0.120419 h 7.19507 v 0.120419 q -0.18063,0.632203 -0.36126,1.565454 -0.15052,0.933252 -0.27094,2.348181 -0.0903,1.384825 -0.18063,3.311537 -0.0602,1.896608 -0.0602,4.455523 v 19.59828 q 0,2.55891 0.0602,4.48563 0.0903,1.8966 0.18063,3.28143 0.12042,1.38482 0.27094,2.31807 0.18063,0.93326 0.36126,1.56546 v 0.12042 h -7.19507 z"
             id="path356"
             style="font-size:61.6548px;font-family:Marcellus;-inkscape-font-specification:Marcellus;fill:#3a5416;fill-opacity:1;fill-rule:evenodd;stroke:none;stroke-width:2.53877;stroke-linejoin:bevel;stroke-opacity:1;paint-order:stroke fill markers"
             transform="rotate(18.055612)"
             aria-label="I" /><path
             d="m 36.750166,145.69642 q -3.552376,0 -6.41234,0.33115 -2.859964,0.30105 -4.937201,0.66231 -2.408391,0.45157 -4.304998,0.99346 l 0.873041,-4.87699 q 0.361259,0.0301 1.083776,0.0602 0.722517,0.0301 1.595559,0.0602 0.903147,0.0301 1.866503,0.0602 0.993461,0 1.866503,0.0301 0.873041,0 1.535349,0.0301 0.692412,0 0.993461,0 h 17.189888 q 0.301049,0 0.963356,0 0.692412,-0.0301 1.565454,-0.0301 0.873042,-0.0301 1.836398,-0.0301 0.993461,-0.0301 1.866503,-0.0602 0.903146,-0.0301 1.625663,-0.0602 0.722518,-0.0301 1.083776,-0.0602 l 0.873042,4.87699 q -1.926713,-0.54189 -4.335103,-0.99346 -2.077237,-0.36126 -4.937201,-0.66231 -2.859964,-0.33115 -6.41234,-0.33115 v 28.75016 q 0,2.55892 0.06021,4.48563 0.09031,1.89661 0.18063,3.28143 0.120419,1.38483 0.270944,2.31808 0.180629,0.93325 0.361258,1.56545 v 0.12042 H 35.90723 v -0.12042 q 0.18063,-0.6322 0.331154,-1.56545 0.150524,-0.93325 0.270944,-2.31808 0.120419,-1.38482 0.180629,-3.28143 0.06021,-1.92671 0.06021,-4.48563 z"
             id="path357"
             style="font-size:61.6548px;font-family:Marcellus;-inkscape-font-specification:Marcellus;fill:#3a5416;fill-opacity:1;fill-rule:evenodd;stroke:none;stroke-width:2.53877;stroke-linejoin:bevel;stroke-opacity:1;paint-order:stroke fill markers"
             transform="rotate(-25.60554)"
             aria-label="T" /></g><g
           id="g359"
           style="fill:#3a5416;fill-opacity:1;stroke:none;stroke-opacity:1"
           transform="matrix(1.4113474,0,0,1.4113474,1575.5713,285.51925)"><path
             d="m 146.37399,116.87328 q 0.18063,-0.6322 0.33116,-1.56546 0.15052,-0.93325 0.27094,-2.31807 0.12042,-1.38483 0.18063,-3.28143 0.0602,-1.92672 0.0602,-4.48563 V 85.62441 q 0,-2.558915 -0.0602,-4.455523 -0.0602,-1.926712 -0.18063,-3.311537 -0.12042,-1.414929 -0.27094,-2.348181 -0.15053,-0.933251 -0.33116,-1.565454 v -0.120419 h 7.19507 v 0.120419 q -0.18063,0.632203 -0.36126,1.565454 -0.15052,0.933252 -0.27094,2.348181 -0.0903,1.384825 -0.18063,3.311537 -0.0602,1.896608 -0.0602,4.455523 v 19.59828 q 0,2.55891 0.0602,4.48563 0.0903,1.8966 0.18063,3.28143 0.12042,1.38482 0.27094,2.31807 0.18063,0.93326 0.36126,1.56546 v 0.12042 h -7.19507 z"
             id="path358"
             style="font-size:61.6548px;font-family:Marcellus;-inkscape-font-specification:Marcellus;fill:#3a5416;fill-opacity:1;fill-rule:evenodd;stroke:none;stroke-width:2.53877;stroke-linejoin:bevel;stroke-opacity:1;paint-order:stroke fill markers"
             transform="rotate(18.055612)"
             aria-label="I" /><path
             d="m 36.750166,145.69642 q -3.552376,0 -6.41234,0.33115 -2.859964,0.30105 -4.937201,0.66231 -2.408391,0.45157 -4.304998,0.99346 l 0.873041,-4.87699 q 0.361259,0.0301 1.083776,0.0602 0.722517,0.0301 1.595559,0.0602 0.903147,0.0301 1.866503,0.0602 0.993461,0 1.866503,0.0301 0.873041,0 1.535349,0.0301 0.692412,0 0.993461,0 h 17.189888 q 0.301049,0 0.963356,0 0.692412,-0.0301 1.565454,-0.0301 0.873042,-0.0301 1.836398,-0.0301 0.993461,-0.0301 1.866503,-0.0602 0.903146,-0.0301 1.625663,-0.0602 0.722518,-0.0301 1.083776,-0.0602 l 0.873042,4.87699 q -1.926713,-0.54189 -4.335103,-0.99346 -2.077237,-0.36126 -4.937201,-0.66231 -2.859964,-0.33115 -6.41234,-0.33115 v 28.75016 q 0,2.55892 0.06021,4.48563 0.09031,1.89661 0.18063,3.28143 0.120419,1.38483 0.270944,2.31808 0.180629,0.93325 0.361258,1.56545 v 0.12042 H 35.90723 v -0.12042 q 0.18063,-0.6322 0.331154,-1.56545 0.150524,-0.93325 0.270944,-2.31808 0.120419,-1.38482 0.180629,-3.28143 0.06021,-1.92671 0.06021,-4.48563 z"
             id="path359"
             style="font-size:61.6548px;font-family:Marcellus;-inkscape-font-specification:Marcellus;fill:#3a5416;fill-opacity:1;fill-rule:evenodd;stroke:none;stroke-width:2.53877;stroke-linejoin:bevel;stroke-opacity:1;paint-order:stroke fill markers"
             transform="rotate(-25.60554)"
             aria-label="T" /></g><g
           id="g361"
           style="fill:#3a5416;fill-opacity:1;stroke:none;stroke-opacity:1"
           transform="matrix(1.4113474,0,0,1.4113474,1644.1938,285.51925)"><path
             d="m 146.37399,116.87328 q 0.18063,-0.6322 0.33116,-1.56546 0.15052,-0.93325 0.27094,-2.31807 0.12042,-1.38483 0.18063,-3.28143 0.0602,-1.92672 0.0602,-4.48563 V 85.62441 q 0,-2.558915 -0.0602,-4.455523 -0.0602,-1.926712 -0.18063,-3.311537 -0.12042,-1.414929 -0.27094,-2.348181 -0.15053,-0.933251 -0.33116,-1.565454 v -0.120419 h 7.19507 v 0.120419 q -0.18063,0.632203 -0.36126,1.565454 -0.15052,0.933252 -0.27094,2.348181 -0.0903,1.384825 -0.18063,3.311537 -0.0602,1.896608 -0.0602,4.455523 v 19.59828 q 0,2.55891 0.0602,4.48563 0.0903,1.8966 0.18063,3.28143 0.12042,1.38482 0.27094,2.31807 0.18063,0.93326 0.36126,1.56546 v 0.12042 h -7.19507 z"
             id="path360"
             style="font-size:61.6548px;font-family:Marcellus;-inkscape-font-specification:Marcellus;fill:#3a5416;fill-opacity:1;fill-rule:evenodd;stroke:none;stroke-width:2.53877;stroke-linejoin:bevel;stroke-opacity:1;paint-order:stroke fill markers"
             transform="rotate(18.055612)"
             aria-label="I" /><path
             d="m 36.750166,145.69642 q -3.552376,0 -6.41234,0.33115 -2.859964,0.30105 -4.937201,0.66231 -2.408391,0.45157 -4.304998,0.99346 l 0.873041,-4.87699 q 0.361259,0.0301 1.083776,0.0602 0.722517,0.0301 1.595559,0.0602 0.903147,0.0301 1.866503,0.0602 0.993461,0 1.866503,0.0301 0.873041,0 1.535349,0.0301 0.692412,0 0.993461,0 h 17.189888 q 0.301049,0 0.963356,0 0.692412,-0.0301 1.565454,-0.0301 0.873042,-0.0301 1.836398,-0.0301 0.993461,-0.0301 1.866503,-0.0602 0.903146,-0.0301 1.625663,-0.0602 0.722518,-0.0301 1.083776,-0.0602 l 0.873042,4.87699 q -1.926713,-0.54189 -4.335103,-0.99346 -2.077237,-0.36126 -4.937201,-0.66231 -2.859964,-0.33115 -6.41234,-0.33115 v 28.75016 q 0,2.55892 0.06021,4.48563 0.09031,1.89661 0.18063,3.28143 0.120419,1.38483 0.270944,2.31808 0.180629,0.93325 0.361258,1.56545 v 0.12042 H 35.90723 v -0.12042 q 0.18063,-0.6322 0.331154,-1.56545 0.150524,-0.93325 0.270944,-2.31808 0.120419,-1.38482 0.180629,-3.28143 0.06021,-1.92671 0.06021,-4.48563 z"
             id="path361"
             style="font-size:61.6548px;font-family:Marcellus;-inkscape-font-specification:Marcellus;fill:#3a5416;fill-opacity:1;fill-rule:evenodd;stroke:none;stroke-width:2.53877;stroke-linejoin:bevel;stroke-opacity:1;paint-order:stroke fill markers"
             transform="rotate(-25.60554)"
             aria-label="T" /></g><g
           id="g363"
           style="fill:#3a5416;fill-opacity:1;stroke:none;stroke-opacity:1"
           transform="matrix(1.4113474,0,0,1.4113474,1576.3869,362.08849)"><path
             d="m 146.37399,116.87328 q 0.18063,-0.6322 0.33116,-1.56546 0.15052,-0.93325 0.27094,-2.31807 0.12042,-1.38483 0.18063,-3.28143 0.0602,-1.92672 0.0602,-4.48563 V 85.62441 q 0,-2.558915 -0.0602,-4.455523 -0.0602,-1.926712 -0.18063,-3.311537 -0.12042,-1.414929 -0.27094,-2.348181 -0.15053,-0.933251 -0.33116,-1.565454 v -0.120419 h 7.19507 v 0.120419 q -0.18063,0.632203 -0.36126,1.565454 -0.15052,0.933252 -0.27094,2.348181 -0.0903,1.384825 -0.18063,3.311537 -0.0602,1.896608 -0.0602,4.455523 v 19.59828 q 0,2.55891 0.0602,4.48563 0.0903,1.8966 0.18063,3.28143 0.12042,1.38482 0.27094,2.31807 0.18063,0.93326 0.36126,1.56546 v 0.12042 h -7.19507 z"
             id="path362"
             style="font-size:61.6548px;font-family:Marcellus;-inkscape-font-specification:Marcellus;fill:#3a5416;fill-opacity:1;fill-rule:evenodd;stroke:none;stroke-width:2.53877;stroke-linejoin:bevel;stroke-opacity:1;paint-order:stroke fill markers"
             transform="rotate(18.055612)"
             aria-label="I" /><path
             d="m 36.750166,145.69642 q -3.552376,0 -6.41234,0.33115 -2.859964,0.30105 -4.937201,0.66231 -2.408391,0.45157 -4.304998,0.99346 l 0.873041,-4.87699 q 0.361259,0.0301 1.083776,0.0602 0.722517,0.0301 1.595559,0.0602 0.903147,0.0301 1.866503,0.0602 0.993461,0 1.866503,0.0301 0.873041,0 1.535349,0.0301 0.692412,0 0.993461,0 h 17.189888 q 0.301049,0 0.963356,0 0.692412,-0.0301 1.565454,-0.0301 0.873042,-0.0301 1.836398,-0.0301 0.993461,-0.0301 1.866503,-0.0602 0.903146,-0.0301 1.625663,-0.0602 0.722518,-0.0301 1.083776,-0.0602 l 0.873042,4.87699 q -1.926713,-0.54189 -4.335103,-0.99346 -2.077237,-0.36126 -4.937201,-0.66231 -2.859964,-0.33115 -6.41234,-0.33115 v 28.75016 q 0,2.55892 0.06021,4.48563 0.09031,1.89661 0.18063,3.28143 0.120419,1.38483 0.270944,2.31808 0.180629,0.93325 0.361258,1.56545 v 0.12042 H 35.90723 v -0.12042 q 0.18063,-0.6322 0.331154,-1.56545 0.150524,-0.93325 0.270944,-2.31808 0.120419,-1.38482 0.180629,-3.28143 0.06021,-1.92671 0.06021,-4.48563 z"
             id="path363"
             style="font-size:61.6548px;font-family:Marcellus;-inkscape-font-specification:Marcellus;fill:#3a5416;fill-opacity:1;fill-rule:evenodd;stroke:none;stroke-width:2.53877;stroke-linejoin:bevel;stroke-opacity:1;paint-order:stroke fill markers"
             transform="rotate(-25.60554)"
             aria-label="T" /></g><g
           id="g365"
           style="fill:#3a5416;fill-opacity:1;stroke:none;stroke-opacity:1"
           transform="matrix(1.4113474,0,0,1.4113474,1645.0094,362.08849)"><path
             d="m 146.37399,116.87328 q 0.18063,-0.6322 0.33116,-1.56546 0.15052,-0.93325 0.27094,-2.31807 0.12042,-1.38483 0.18063,-3.28143 0.0602,-1.92672 0.0602,-4.48563 V 85.62441 q 0,-2.558915 -0.0602,-4.455523 -0.0602,-1.926712 -0.18063,-3.311537 -0.12042,-1.414929 -0.27094,-2.348181 -0.15053,-0.933251 -0.33116,-1.565454 v -0.120419 h 7.19507 v 0.120419 q -0.18063,0.632203 -0.36126,1.565454 -0.15052,0.933252 -0.27094,2.348181 -0.0903,1.384825 -0.18063,3.311537 -0.0602,1.896608 -0.0602,4.455523 v 19.59828 q 0,2.55891 0.0602,4.48563 0.0903,1.8966 0.18063,3.28143 0.12042,1.38482 0.27094,2.31807 0.18063,0.93326 0.36126,1.56546 v 0.12042 h -7.19507 z"
             id="path364"
             style="font-size:61.6548px;font-family:Marcellus;-inkscape-font-specification:Marcellus;fill:#3a5416;fill-opacity:1;fill-rule:evenodd;stroke:none;stroke-width:2.53877;stroke-linejoin:bevel;stroke-opacity:1;paint-order:stroke fill markers"
             transform="rotate(18.055612)"
             aria-label="I" /><path
             d="m 36.750166,145.69642 q -3.552376,0 -6.41234,0.33115 -2.859964,0.30105 -4.937201,0.66231 -2.408391,0.45157 -4.304998,0.99346 l 0.873041,-4.87699 q 0.361259,0.0301 1.083776,0.0602 0.722517,0.0301 1.595559,0.0602 0.903147,0.0301 1.866503,0.0602 0.993461,0 1.866503,0.0301 0.873041,0 1.535349,0.0301 0.692412,0 0.993461,0 h 17.189888 q 0.301049,0 0.963356,0 0.692412,-0.0301 1.565454,-0.0301 0.873042,-0.0301 1.836398,-0.0301 0.993461,-0.0301 1.866503,-0.0602 0.903146,-0.0301 1.625663,-0.0602 0.722518,-0.0301 1.083776,-0.0602 l 0.873042,4.87699 q -1.926713,-0.54189 -4.335103,-0.99346 -2.077237,-0.36126 -4.937201,-0.66231 -2.859964,-0.33115 -6.41234,-0.33115 v 28.75016 q 0,2.55892 0.06021,4.48563 0.09031,1.89661 0.18063,3.28143 0.120419,1.38483 0.270944,2.31808 0.180629,0.93325 0.361258,1.56545 v 0.12042 H 35.90723 v -0.12042 q 0.18063,-0.6322 0.331154,-1.56545 0.150524,-0.93325 0.270944,-2.31808 0.120419,-1.38482 0.180629,-3.28143 0.06021,-1.92671 0.06021,-4.48563 z"
             id="path365"
             style="font-size:61.6548px;font-family:Marcellus;-inkscape-font-specification:Marcellus;fill:#3a5416;fill-opacity:1;fill-rule:evenodd;stroke:none;stroke-width:2.53877;stroke-linejoin:bevel;stroke-opacity:1;paint-order:stroke fill markers"
             transform="rotate(-25.60554)"
             aria-label="T" /></g><g
           id="g367"
           style="fill:#3a5416;fill-opacity:1;stroke:none;stroke-opacity:1"
           transform="matrix(1.4113474,0,0,1.4113474,1575.5713,285.51925)"><path
             d="m 146.37399,116.87328 q 0.18063,-0.6322 0.33116,-1.56546 0.15052,-0.93325 0.27094,-2.31807 0.12042,-1.38483 0.18063,-3.28143 0.0602,-1.92672 0.0602,-4.48563 V 85.62441 q 0,-2.558915 -0.0602,-4.455523 -0.0602,-1.926712 -0.18063,-3.311537 -0.12042,-1.414929 -0.27094,-2.348181 -0.15053,-0.933251 -0.33116,-1.565454 v -0.120419 h 7.19507 v 0.120419 q -0.18063,0.632203 -0.36126,1.565454 -0.15052,0.933252 -0.27094,2.348181 -0.0903,1.384825 -0.18063,3.311537 -0.0602,1.896608 -0.0602,4.455523 v 19.59828 q 0,2.55891 0.0602,4.48563 0.0903,1.8966 0.18063,3.28143 0.12042,1.38482 0.27094,2.31807 0.18063,0.93326 0.36126,1.56546 v 0.12042 h -7.19507 z"
             id="path366"
             style="font-size:61.6548px;font-family:Marcellus;-inkscape-font-specification:Marcellus;fill:#3a5416;fill-opacity:1;fill-rule:evenodd;stroke:none;stroke-width:2.53877;stroke-linejoin:bevel;stroke-opacity:1;paint-order:stroke fill markers"
             transform="rotate(18.055612)"
             aria-label="I" /><path
             d="m 36.750166,145.69642 q -3.552376,0 -6.41234,0.33115 -2.859964,0.30105 -4.937201,0.66231 -2.408391,0.45157 -4.304998,0.99346 l 0.873041,-4.87699 q 0.361259,0.0301 1.083776,0.0602 0.722517,0.0301 1.595559,0.0602 0.903147,0.0301 1.866503,0.0602 0.993461,0 1.866503,0.0301 0.873041,0 1.535349,0.0301 0.692412,0 0.993461,0 h 17.189888 q 0.301049,0 0.963356,0 0.692412,-0.0301 1.565454,-0.0301 0.873042,-0.0301 1.836398,-0.0301 0.993461,-0.0301 1.866503,-0.0602 0.903146,-0.0301 1.625663,-0.0602 0.722518,-0.0301 1.083776,-0.0602 l 0.873042,4.87699 q -1.926713,-0.54189 -4.335103,-0.99346 -2.077237,-0.36126 -4.937201,-0.66231 -2.859964,-0.33115 -6.41234,-0.33115 v 28.75016 q 0,2.55892 0.06021,4.48563 0.09031,1.89661 0.18063,3.28143 0.120419,1.38483 0.270944,2.31808 0.180629,0.93325 0.361258,1.56545 v 0.12042 H 35.90723 v -0.12042 q 0.18063,-0.6322 0.331154,-1.56545 0.150524,-0.93325 0.270944,-2.31808 0.120419,-1.38482 0.180629,-3.28143 0.06021,-1.92671 0.06021,-4.48563 z"
             id="path367"
             style="font-size:61.6548px;font-family:Marcellus;-inkscape-font-specification:Marcellus;fill:#3a5416;fill-opacity:1;fill-rule:evenodd;stroke:none;stroke-width:2.53877;stroke-linejoin:bevel;stroke-opacity:1;paint-order:stroke fill markers"
             transform="rotate(-25.60554)"
             aria-label="T" /></g><g
           id="g369"
           style="fill:#3a5416;fill-opacity:1;stroke:none;stroke-opacity:1"
           transform="matrix(1.4113474,0,0,1.4113474,1644.1938,285.51925)"><path
             d="m 146.37399,116.87328 q 0.18063,-0.6322 0.33116,-1.56546 0.15052,-0.93325 0.27094,-2.31807 0.12042,-1.38483 0.18063,-3.28143 0.0602,-1.92672 0.0602,-4.48563 V 85.62441 q 0,-2.558915 -0.0602,-4.455523 -0.0602,-1.926712 -0.18063,-3.311537 -0.12042,-1.414929 -0.27094,-2.348181 -0.15053,-0.933251 -0.33116,-1.565454 v -0.120419 h 7.19507 v 0.120419 q -0.18063,0.632203 -0.36126,1.565454 -0.15052,0.933252 -0.27094,2.348181 -0.0903,1.384825 -0.18063,3.311537 -0.0602,1.896608 -0.0602,4.455523 v 19.59828 q 0,2.55891 0.0602,4.48563 0.0903,1.8966 0.18063,3.28143 0.12042,1.38482 0.27094,2.31807 0.18063,0.93326 0.36126,1.56546 v 0.12042 h -7.19507 z"
             id="path368"
             style="font-size:61.6548px;font-family:Marcellus;-inkscape-font-specification:Marcellus;fill:#3a5416;fill-opacity:1;fill-rule:evenodd;stroke:none;stroke-width:2.53877;stroke-linejoin:bevel;stroke-opacity:1;paint-order:stroke fill markers"
             transform="rotate(18.055612)"
             aria-label="I" /><path
             d="m 36.750166,145.69642 q -3.552376,0 -6.41234,0.33115 -2.859964,0.30105 -4.937201,0.66231 -2.408391,0.45157 -4.304998,0.99346 l 0.873041,-4.87699 q 0.361259,0.0301 1.083776,0.0602 0.722517,0.0301 1.595559,0.0602 0.903147,0.0301 1.866503,0.0602 0.993461,0 1.866503,0.0301 0.873041,0 1.535349,0.0301 0.692412,0 0.993461,0 h 17.189888 q 0.301049,0 0.963356,0 0.692412,-0.0301 1.565454,-0.0301 0.873042,-0.0301 1.836398,-0.0301 0.993461,-0.0301 1.866503,-0.0602 0.903146,-0.0301 1.625663,-0.0602 0.722518,-0.0301 1.083776,-0.0602 l 0.873042,4.87699 q -1.926713,-0.54189 -4.335103,-0.99346 -2.077237,-0.36126 -4.937201,-0.66231 -2.859964,-0.33115 -6.41234,-0.33115 v 28.75016 q 0,2.55892 0.06021,4.48563 0.09031,1.89661 0.18063,3.28143 0.120419,1.38483 0.270944,2.31808 0.180629,0.93325 0.361258,1.56545 v 0.12042 H 35.90723 v -0.12042 q 0.18063,-0.6322 0.331154,-1.56545 0.150524,-0.93325 0.270944,-2.31808 0.120419,-1.38482 0.180629,-3.28143 0.06021,-1.92671 0.06021,-4.48563 z"
             id="path369"
             style="font-size:61.6548px;font-family:Marcellus;-inkscape-font-specification:Marcellus;fill:#3a5416;fill-opacity:1;fill-rule:evenodd;stroke:none;stroke-width:2.53877;stroke-linejoin:bevel;stroke-opacity:1;paint-order:stroke fill markers"
             transform="rotate(-25.60554)"
             aria-label="T" /></g><g
           id="g371"
           style="fill:#3a5416;fill-opacity:1;stroke:none;stroke-opacity:1"
           transform="matrix(1.4113474,0,0,1.4113474,1576.3869,362.08849)"><path
             d="m 146.37399,116.87328 q 0.18063,-0.6322 0.33116,-1.56546 0.15052,-0.93325 0.27094,-2.31807 0.12042,-1.38483 0.18063,-3.28143 0.0602,-1.92672 0.0602,-4.48563 V 85.62441 q 0,-2.558915 -0.0602,-4.455523 -0.0602,-1.926712 -0.18063,-3.311537 -0.12042,-1.414929 -0.27094,-2.348181 -0.15053,-0.933251 -0.33116,-1.565454 v -0.120419 h 7.19507 v 0.120419 q -0.18063,0.632203 -0.36126,1.565454 -0.15052,0.933252 -0.27094,2.348181 -0.0903,1.384825 -0.18063,3.311537 -0.0602,1.896608 -0.0602,4.455523 v 19.59828 q 0,2.55891 0.0602,4.48563 0.0903,1.8966 0.18063,3.28143 0.12042,1.38482 0.27094,2.31807 0.18063,0.93326 0.36126,1.56546 v 0.12042 h -7.19507 z"
             id="path370"
             style="font-size:61.6548px;font-family:Marcellus;-inkscape-font-specification:Marcellus;fill:#3a5416;fill-opacity:1;fill-rule:evenodd;stroke:none;stroke-width:2.53877;stroke-linejoin:bevel;stroke-opacity:1;paint-order:stroke fill markers"
             transform="rotate(18.055612)"
             aria-label="I" /><path
             d="m 36.750166,145.69642 q -3.552376,0 -6.41234,0.33115 -2.859964,0.30105 -4.937201,0.66231 -2.408391,0.45157 -4.304998,0.99346 l 0.873041,-4.87699 q 0.361259,0.0301 1.083776,0.0602 0.722517,0.0301 1.595559,0.0602 0.903147,0.0301 1.866503,0.0602 0.993461,0 1.866503,0.0301 0.873041,0 1.535349,0.0301 0.692412,0 0.993461,0 h 17.189888 q 0.301049,0 0.963356,0 0.692412,-0.0301 1.565454,-0.0301 0.873042,-0.0301 1.836398,-0.0301 0.993461,-0.0301 1.866503,-0.0602 0.903146,-0.0301 1.625663,-0.0602 0.722518,-0.0301 1.083776,-0.0602 l 0.873042,4.87699 q -1.926713,-0.54189 -4.335103,-0.99346 -2.077237,-0.36126 -4.937201,-0.66231 -2.859964,-0.33115 -6.41234,-0.33115 v 28.75016 q 0,2.55892 0.06021,4.48563 0.09031,1.89661 0.18063,3.28143 0.120419,1.38483 0.270944,2.31808 0.180629,0.93325 0.361258,1.56545 v 0.12042 H 35.90723 v -0.12042 q 0.18063,-0.6322 0.331154,-1.56545 0.150524,-0.93325 0.270944,-2.31808 0.120419,-1.38482 0.180629,-3.28143 0.06021,-1.92671 0.06021,-4.48563 z"
             id="path371"
             style="font-size:61.6548px;font-family:Marcellus;-inkscape-font-specification:Marcellus;fill:#3a5416;fill-opacity:1;fill-rule:evenodd;stroke:none;stroke-width:2.53877;stroke-linejoin:bevel;stroke-opacity:1;paint-order:stroke fill markers"
             transform="rotate(-25.60554)"
             aria-label="T" /></g><g
           id="g373"
           style="fill:#3a5416;fill-opacity:1;stroke:none;stroke-opacity:1"
           transform="matrix(1.4113474,0,0,1.4113474,1645.0094,362.08849)"><path
             d="m 146.37399,116.87328 q 0.18063,-0.6322 0.33116,-1.56546 0.15052,-0.93325 0.27094,-2.31807 0.12042,-1.38483 0.18063,-3.28143 0.0602,-1.92672 0.0602,-4.48563 V 85.62441 q 0,-2.558915 -0.0602,-4.455523 -0.0602,-1.926712 -0.18063,-3.311537 -0.12042,-1.414929 -0.27094,-2.348181 -0.15053,-0.933251 -0.33116,-1.565454 v -0.120419 h 7.19507 v 0.120419 q -0.18063,0.632203 -0.36126,1.565454 -0.15052,0.933252 -0.27094,2.348181 -0.0903,1.384825 -0.18063,3.311537 -0.0602,1.896608 -0.0602,4.455523 v 19.59828 q 0,2.55891 0.0602,4.48563 0.0903,1.8966 0.18063,3.28143 0.12042,1.38482 0.27094,2.31807 0.18063,0.93326 0.36126,1.56546 v 0.12042 h -7.19507 z"
             id="path372"
             style="font-size:61.6548px;font-family:Marcellus;-inkscape-font-specification:Marcellus;fill:#3a5416;fill-opacity:1;fill-rule:evenodd;stroke:none;stroke-width:2.53877;stroke-linejoin:bevel;stroke-opacity:1;paint-order:stroke fill markers"
             transform="rotate(18.055612)"
             aria-label="I" /><path
             d="m 36.750166,145.69642 q -3.552376,0 -6.41234,0.33115 -2.859964,0.30105 -4.937201,0.66231 -2.408391,0.45157 -4.304998,0.99346 l 0.873041,-4.87699 q 0.361259,0.0301 1.083776,0.0602 0.722517,0.0301 1.595559,0.0602 0.903147,0.0301 1.866503,0.0602 0.993461,0 1.866503,0.0301 0.873041,0 1.535349,0.0301 0.692412,0 0.993461,0 h 17.189888 q 0.301049,0 0.963356,0 0.692412,-0.0301 1.565454,-0.0301 0.873042,-0.0301 1.836398,-0.0301 0.993461,-0.0301 1.866503,-0.0602 0.903146,-0.0301 1.625663,-0.0602 0.722518,-0.0301 1.083776,-0.0602 l 0.873042,4.87699 q -1.926713,-0.54189 -4.335103,-0.99346 -2.077237,-0.36126 -4.937201,-0.66231 -2.859964,-0.33115 -6.41234,-0.33115 v 28.75016 q 0,2.55892 0.06021,4.48563 0.09031,1.89661 0.18063,3.28143 0.120419,1.38483 0.270944,2.31808 0.180629,0.93325 0.361258,1.56545 v 0.12042 H 35.90723 v -0.12042 q 0.18063,-0.6322 0.331154,-1.56545 0.150524,-0.93325 0.270944,-2.31808 0.120419,-1.38482 0.180629,-3.28143 0.06021,-1.92671 0.06021,-4.48563 z"
             id="path373"
             style="font-size:61.6548px;font-family:Marcellus;-inkscape-font-specification:Marcellus;fill:#3a5416;fill-opacity:1;fill-rule:evenodd;stroke:none;stroke-width:2.53877;stroke-linejoin:bevel;stroke-opacity:1;paint-order:stroke fill markers"
             transform="rotate(-25.60554)"
             aria-label="T" /></g><g
           id="g375"
           style="fill:#3a5416;fill-opacity:1;stroke:none;stroke-opacity:1"
           transform="matrix(1.4113474,0,0,1.4113474,1438.9354,285.51925)"><path
             d="m 146.37399,116.87328 q 0.18063,-0.6322 0.33116,-1.56546 0.15052,-0.93325 0.27094,-2.31807 0.12042,-1.38483 0.18063,-3.28143 0.0602,-1.92672 0.0602,-4.48563 V 85.62441 q 0,-2.558915 -0.0602,-4.455523 -0.0602,-1.926712 -0.18063,-3.311537 -0.12042,-1.414929 -0.27094,-2.348181 -0.15053,-0.933251 -0.33116,-1.565454 v -0.120419 h 7.19507 v 0.120419 q -0.18063,0.632203 -0.36126,1.565454 -0.15052,0.933252 -0.27094,2.348181 -0.0903,1.384825 -0.18063,3.311537 -0.0602,1.896608 -0.0602,4.455523 v 19.59828 q 0,2.55891 0.0602,4.48563 0.0903,1.8966 0.18063,3.28143 0.12042,1.38482 0.27094,2.31807 0.18063,0.93326 0.36126,1.56546 v 0.12042 h -7.19507 z"
             id="path374"
             style="font-size:61.6548px;font-family:Marcellus;-inkscape-font-specification:Marcellus;fill:#3a5416;fill-opacity:1;fill-rule:evenodd;stroke:none;stroke-width:2.53877;stroke-linejoin:bevel;stroke-opacity:1;paint-order:stroke fill markers"
             transform="rotate(18.055612)"
             aria-label="I" /><path
             d="m 36.750166,145.69642 q -3.552376,0 -6.41234,0.33115 -2.859964,0.30105 -4.937201,0.66231 -2.408391,0.45157 -4.304998,0.99346 l 0.873041,-4.87699 q 0.361259,0.0301 1.083776,0.0602 0.722517,0.0301 1.595559,0.0602 0.903147,0.0301 1.866503,0.0602 0.993461,0 1.866503,0.0301 0.873041,0 1.535349,0.0301 0.692412,0 0.993461,0 h 17.189888 q 0.301049,0 0.963356,0 0.692412,-0.0301 1.565454,-0.0301 0.873042,-0.0301 1.836398,-0.0301 0.993461,-0.0301 1.866503,-0.0602 0.903146,-0.0301 1.625663,-0.0602 0.722518,-0.0301 1.083776,-0.0602 l 0.873042,4.87699 q -1.926713,-0.54189 -4.335103,-0.99346 -2.077237,-0.36126 -4.937201,-0.66231 -2.859964,-0.33115 -6.41234,-0.33115 v 28.75016 q 0,2.55892 0.06021,4.48563 0.09031,1.89661 0.18063,3.28143 0.120419,1.38483 0.270944,2.31808 0.180629,0.93325 0.361258,1.56545 v 0.12042 H 35.90723 v -0.12042 q 0.18063,-0.6322 0.331154,-1.56545 0.150524,-0.93325 0.270944,-2.31808 0.120419,-1.38482 0.180629,-3.28143 0.06021,-1.92671 0.06021,-4.48563 z"
             id="path375"
             style="font-size:61.6548px;font-family:Marcellus;-inkscape-font-specification:Marcellus;fill:#3a5416;fill-opacity:1;fill-rule:evenodd;stroke:none;stroke-width:2.53877;stroke-linejoin:bevel;stroke-opacity:1;paint-order:stroke fill markers"
             transform="rotate(-25.60554)"
             aria-label="T" /></g><g
           id="g377"
           style="fill:#3a5416;fill-opacity:1;stroke:none;stroke-opacity:1"
           transform="matrix(1.4113474,0,0,1.4113474,1507.5579,285.51925)"><path
             d="m 146.37399,116.87328 q 0.18063,-0.6322 0.33116,-1.56546 0.15052,-0.93325 0.27094,-2.31807 0.12042,-1.38483 0.18063,-3.28143 0.0602,-1.92672 0.0602,-4.48563 V 85.62441 q 0,-2.558915 -0.0602,-4.455523 -0.0602,-1.926712 -0.18063,-3.311537 -0.12042,-1.414929 -0.27094,-2.348181 -0.15053,-0.933251 -0.33116,-1.565454 v -0.120419 h 7.19507 v 0.120419 q -0.18063,0.632203 -0.36126,1.565454 -0.15052,0.933252 -0.27094,2.348181 -0.0903,1.384825 -0.18063,3.311537 -0.0602,1.896608 -0.0602,4.455523 v 19.59828 q 0,2.55891 0.0602,4.48563 0.0903,1.8966 0.18063,3.28143 0.12042,1.38482 0.27094,2.31807 0.18063,0.93326 0.36126,1.56546 v 0.12042 h -7.19507 z"
             id="path376"
             style="font-size:61.6548px;font-family:Marcellus;-inkscape-font-specification:Marcellus;fill:#3a5416;fill-opacity:1;fill-rule:evenodd;stroke:none;stroke-width:2.53877;stroke-linejoin:bevel;stroke-opacity:1;paint-order:stroke fill markers"
             transform="rotate(18.055612)"
             aria-label="I" /><path
             d="m 36.750166,145.69642 q -3.552376,0 -6.41234,0.33115 -2.859964,0.30105 -4.937201,0.66231 -2.408391,0.45157 -4.304998,0.99346 l 0.873041,-4.87699 q 0.361259,0.0301 1.083776,0.0602 0.722517,0.0301 1.595559,0.0602 0.903147,0.0301 1.866503,0.0602 0.993461,0 1.866503,0.0301 0.873041,0 1.535349,0.0301 0.692412,0 0.993461,0 h 17.189888 q 0.301049,0 0.963356,0 0.692412,-0.0301 1.565454,-0.0301 0.873042,-0.0301 1.836398,-0.0301 0.993461,-0.0301 1.866503,-0.0602 0.903146,-0.0301 1.625663,-0.0602 0.722518,-0.0301 1.083776,-0.0602 l 0.873042,4.87699 q -1.926713,-0.54189 -4.335103,-0.99346 -2.077237,-0.36126 -4.937201,-0.66231 -2.859964,-0.33115 -6.41234,-0.33115 v 28.75016 q 0,2.55892 0.06021,4.48563 0.09031,1.89661 0.18063,3.28143 0.120419,1.38483 0.270944,2.31808 0.180629,0.93325 0.361258,1.56545 v 0.12042 H 35.90723 v -0.12042 q 0.18063,-0.6322 0.331154,-1.56545 0.150524,-0.93325 0.270944,-2.31808 0.120419,-1.38482 0.180629,-3.28143 0.06021,-1.92671 0.06021,-4.48563 z"
             id="path377"
             style="font-size:61.6548px;font-family:Marcellus;-inkscape-font-specification:Marcellus;fill:#3a5416;fill-opacity:1;fill-rule:evenodd;stroke:none;stroke-width:2.53877;stroke-linejoin:bevel;stroke-opacity:1;paint-order:stroke fill markers"
             transform="rotate(-25.60554)"
             aria-label="T" /></g><g
           id="g379"
           style="fill:#3a5416;fill-opacity:1;stroke:none;stroke-opacity:1"
           transform="matrix(1.4113474,0,0,1.4113474,1439.751,362.08849)"><path
             d="m 146.37399,116.87328 q 0.18063,-0.6322 0.33116,-1.56546 0.15052,-0.93325 0.27094,-2.31807 0.12042,-1.38483 0.18063,-3.28143 0.0602,-1.92672 0.0602,-4.48563 V 85.62441 q 0,-2.558915 -0.0602,-4.455523 -0.0602,-1.926712 -0.18063,-3.311537 -0.12042,-1.414929 -0.27094,-2.348181 -0.15053,-0.933251 -0.33116,-1.565454 v -0.120419 h 7.19507 v 0.120419 q -0.18063,0.632203 -0.36126,1.565454 -0.15052,0.933252 -0.27094,2.348181 -0.0903,1.384825 -0.18063,3.311537 -0.0602,1.896608 -0.0602,4.455523 v 19.59828 q 0,2.55891 0.0602,4.48563 0.0903,1.8966 0.18063,3.28143 0.12042,1.38482 0.27094,2.31807 0.18063,0.93326 0.36126,1.56546 v 0.12042 h -7.19507 z"
             id="path378"
             style="font-size:61.6548px;font-family:Marcellus;-inkscape-font-specification:Marcellus;fill:#3a5416;fill-opacity:1;fill-rule:evenodd;stroke:none;stroke-width:2.53877;stroke-linejoin:bevel;stroke-opacity:1;paint-order:stroke fill markers"
             transform="rotate(18.055612)"
             aria-label="I" /><path
             d="m 36.750166,145.69642 q -3.552376,0 -6.41234,0.33115 -2.859964,0.30105 -4.937201,0.66231 -2.408391,0.45157 -4.304998,0.99346 l 0.873041,-4.87699 q 0.361259,0.0301 1.083776,0.0602 0.722517,0.0301 1.595559,0.0602 0.903147,0.0301 1.866503,0.0602 0.993461,0 1.866503,0.0301 0.873041,0 1.535349,0.0301 0.692412,0 0.993461,0 h 17.189888 q 0.301049,0 0.963356,0 0.692412,-0.0301 1.565454,-0.0301 0.873042,-0.0301 1.836398,-0.0301 0.993461,-0.0301 1.866503,-0.0602 0.903146,-0.0301 1.625663,-0.0602 0.722518,-0.0301 1.083776,-0.0602 l 0.873042,4.87699 q -1.926713,-0.54189 -4.335103,-0.99346 -2.077237,-0.36126 -4.937201,-0.66231 -2.859964,-0.33115 -6.41234,-0.33115 v 28.75016 q 0,2.55892 0.06021,4.48563 0.09031,1.89661 0.18063,3.28143 0.120419,1.38483 0.270944,2.31808 0.180629,0.93325 0.361258,1.56545 v 0.12042 H 35.90723 v -0.12042 q 0.18063,-0.6322 0.331154,-1.56545 0.150524,-0.93325 0.270944,-2.31808 0.120419,-1.38482 0.180629,-3.28143 0.06021,-1.92671 0.06021,-4.48563 z"
             id="path379"
             style="font-size:61.6548px;font-family:Marcellus;-inkscape-font-specification:Marcellus;fill:#3a5416;fill-opacity:1;fill-rule:evenodd;stroke:none;stroke-width:2.53877;stroke-linejoin:bevel;stroke-opacity:1;paint-order:stroke fill markers"
             transform="rotate(-25.60554)"
             aria-label="T" /></g><g
           id="g381"
           style="fill:#3a5416;fill-opacity:1;stroke:none;stroke-opacity:1"
           transform="matrix(1.4113474,0,0,1.4113474,1508.3735,362.08849)"><path
             d="m 146.37399,116.87328 q 0.18063,-0.6322 0.33116,-1.56546 0.15052,-0.93325 0.27094,-2.31807 0.12042,-1.38483 0.18063,-3.28143 0.0602,-1.92672 0.0602,-4.48563 V 85.62441 q 0,-2.558915 -0.0602,-4.455523 -0.0602,-1.926712 -0.18063,-3.311537 -0.12042,-1.414929 -0.27094,-2.348181 -0.15053,-0.933251 -0.33116,-1.565454 v -0.120419 h 7.19507 v 0.120419 q -0.18063,0.632203 -0.36126,1.565454 -0.15052,0.933252 -0.27094,2.348181 -0.0903,1.384825 -0.18063,3.311537 -0.0602,1.896608 -0.0602,4.455523 v 19.59828 q 0,2.55891 0.0602,4.48563 0.0903,1.8966 0.18063,3.28143 0.12042,1.38482 0.27094,2.31807 0.18063,0.93326 0.36126,1.56546 v 0.12042 h -7.19507 z"
             id="path380"
             style="font-size:61.6548px;font-family:Marcellus;-inkscape-font-specification:Marcellus;fill:#3a5416;fill-opacity:1;fill-rule:evenodd;stroke:none;stroke-width:2.53877;stroke-linejoin:bevel;stroke-opacity:1;paint-order:stroke fill markers"
             transform="rotate(18.055612)"
             aria-label="I" /><path
             d="m 36.750166,145.69642 q -3.552376,0 -6.41234,0.33115 -2.859964,0.30105 -4.937201,0.66231 -2.408391,0.45157 -4.304998,0.99346 l 0.873041,-4.87699 q 0.361259,0.0301 1.083776,0.0602 0.722517,0.0301 1.595559,0.0602 0.903147,0.0301 1.866503,0.0602 0.993461,0 1.866503,0.0301 0.873041,0 1.535349,0.0301 0.692412,0 0.993461,0 h 17.189888 q 0.301049,0 0.963356,0 0.692412,-0.0301 1.565454,-0.0301 0.873042,-0.0301 1.836398,-0.0301 0.993461,-0.0301 1.866503,-0.0602 0.903146,-0.0301 1.625663,-0.0602 0.722518,-0.0301 1.083776,-0.0602 l 0.873042,4.87699 q -1.926713,-0.54189 -4.335103,-0.99346 -2.077237,-0.36126 -4.937201,-0.66231 -2.859964,-0.33115 -6.41234,-0.33115 v 28.75016 q 0,2.55892 0.06021,4.48563 0.09031,1.89661 0.18063,3.28143 0.120419,1.38483 0.270944,2.31808 0.180629,0.93325 0.361258,1.56545 v 0.12042 H 35.90723 v -0.12042 q 0.18063,-0.6322 0.331154,-1.56545 0.150524,-0.93325 0.270944,-2.31808 0.120419,-1.38482 0.180629,-3.28143 0.06021,-1.92671 0.06021,-4.48563 z"
             id="path381"
             style="font-size:61.6548px;font-family:Marcellus;-inkscape-font-specification:Marcellus;fill:#3a5416;fill-opacity:1;fill-rule:evenodd;stroke:none;stroke-width:2.53877;stroke-linejoin:bevel;stroke-opacity:1;paint-order:stroke fill markers"
             transform="rotate(-25.60554)"
             aria-label="T" /></g><g
           id="g383"
           style="fill:#3a5416;fill-opacity:1;stroke:none;stroke-opacity:1"
           transform="matrix(1.4113474,0,0,1.4113474,1438.9354,285.51925)"><path
             d="m 146.37399,116.87328 q 0.18063,-0.6322 0.33116,-1.56546 0.15052,-0.93325 0.27094,-2.31807 0.12042,-1.38483 0.18063,-3.28143 0.0602,-1.92672 0.0602,-4.48563 V 85.62441 q 0,-2.558915 -0.0602,-4.455523 -0.0602,-1.926712 -0.18063,-3.311537 -0.12042,-1.414929 -0.27094,-2.348181 -0.15053,-0.933251 -0.33116,-1.565454 v -0.120419 h 7.19507 v 0.120419 q -0.18063,0.632203 -0.36126,1.565454 -0.15052,0.933252 -0.27094,2.348181 -0.0903,1.384825 -0.18063,3.311537 -0.0602,1.896608 -0.0602,4.455523 v 19.59828 q 0,2.55891 0.0602,4.48563 0.0903,1.8966 0.18063,3.28143 0.12042,1.38482 0.27094,2.31807 0.18063,0.93326 0.36126,1.56546 v 0.12042 h -7.19507 z"
             id="path382"
             style="font-size:61.6548px;font-family:Marcellus;-inkscape-font-specification:Marcellus;fill:#3a5416;fill-opacity:1;fill-rule:evenodd;stroke:none;stroke-width:2.53877;stroke-linejoin:bevel;stroke-opacity:1;paint-order:stroke fill markers"
             transform="rotate(18.055612)"
             aria-label="I" /><path
             d="m 36.750166,145.69642 q -3.552376,0 -6.41234,0.33115 -2.859964,0.30105 -4.937201,0.66231 -2.408391,0.45157 -4.304998,0.99346 l 0.873041,-4.87699 q 0.361259,0.0301 1.083776,0.0602 0.722517,0.0301 1.595559,0.0602 0.903147,0.0301 1.866503,0.0602 0.993461,0 1.866503,0.0301 0.873041,0 1.535349,0.0301 0.692412,0 0.993461,0 h 17.189888 q 0.301049,0 0.963356,0 0.692412,-0.0301 1.565454,-0.0301 0.873042,-0.0301 1.836398,-0.0301 0.993461,-0.0301 1.866503,-0.0602 0.903146,-0.0301 1.625663,-0.0602 0.722518,-0.0301 1.083776,-0.0602 l 0.873042,4.87699 q -1.926713,-0.54189 -4.335103,-0.99346 -2.077237,-0.36126 -4.937201,-0.66231 -2.859964,-0.33115 -6.41234,-0.33115 v 28.75016 q 0,2.55892 0.06021,4.48563 0.09031,1.89661 0.18063,3.28143 0.120419,1.38483 0.270944,2.31808 0.180629,0.93325 0.361258,1.56545 v 0.12042 H 35.90723 v -0.12042 q 0.18063,-0.6322 0.331154,-1.56545 0.150524,-0.93325 0.270944,-2.31808 0.120419,-1.38482 0.180629,-3.28143 0.06021,-1.92671 0.06021,-4.48563 z"
             id="path383"
             style="font-size:61.6548px;font-family:Marcellus;-inkscape-font-specification:Marcellus;fill:#3a5416;fill-opacity:1;fill-rule:evenodd;stroke:none;stroke-width:2.53877;stroke-linejoin:bevel;stroke-opacity:1;paint-order:stroke fill markers"
             transform="rotate(-25.60554)"
             aria-label="T" /></g><g
           id="g385"
           style="fill:#3a5416;fill-opacity:1;stroke:none;stroke-opacity:1"
           transform="matrix(1.4113474,0,0,1.4113474,1507.5579,285.51925)"><path
             d="m 146.37399,116.87328 q 0.18063,-0.6322 0.33116,-1.56546 0.15052,-0.93325 0.27094,-2.31807 0.12042,-1.38483 0.18063,-3.28143 0.0602,-1.92672 0.0602,-4.48563 V 85.62441 q 0,-2.558915 -0.0602,-4.455523 -0.0602,-1.926712 -0.18063,-3.311537 -0.12042,-1.414929 -0.27094,-2.348181 -0.15053,-0.933251 -0.33116,-1.565454 v -0.120419 h 7.19507 v 0.120419 q -0.18063,0.632203 -0.36126,1.565454 -0.15052,0.933252 -0.27094,2.348181 -0.0903,1.384825 -0.18063,3.311537 -0.0602,1.896608 -0.0602,4.455523 v 19.59828 q 0,2.55891 0.0602,4.48563 0.0903,1.8966 0.18063,3.28143 0.12042,1.38482 0.27094,2.31807 0.18063,0.93326 0.36126,1.56546 v 0.12042 h -7.19507 z"
             id="path384"
             style="font-size:61.6548px;font-family:Marcellus;-inkscape-font-specification:Marcellus;fill:#3a5416;fill-opacity:1;fill-rule:evenodd;stroke:none;stroke-width:2.53877;stroke-linejoin:bevel;stroke-opacity:1;paint-order:stroke fill markers"
             transform="rotate(18.055612)"
             aria-label="I" /><path
             d="m 36.750166,145.69642 q -3.552376,0 -6.41234,0.33115 -2.859964,0.30105 -4.937201,0.66231 -2.408391,0.45157 -4.304998,0.99346 l 0.873041,-4.87699 q 0.361259,0.0301 1.083776,0.0602 0.722517,0.0301 1.595559,0.0602 0.903147,0.0301 1.866503,0.0602 0.993461,0 1.866503,0.0301 0.873041,0 1.535349,0.0301 0.692412,0 0.993461,0 h 17.189888 q 0.301049,0 0.963356,0 0.692412,-0.0301 1.565454,-0.0301 0.873042,-0.0301 1.836398,-0.0301 0.993461,-0.0301 1.866503,-0.0602 0.903146,-0.0301 1.625663,-0.0602 0.722518,-0.0301 1.083776,-0.0602 l 0.873042,4.87699 q -1.926713,-0.54189 -4.335103,-0.99346 -2.077237,-0.36126 -4.937201,-0.66231 -2.859964,-0.33115 -6.41234,-0.33115 v 28.75016 q 0,2.55892 0.06021,4.48563 0.09031,1.89661 0.18063,3.28143 0.120419,1.38483 0.270944,2.31808 0.180629,0.93325 0.361258,1.56545 v 0.12042 H 35.90723 v -0.12042 q 0.18063,-0.6322 0.331154,-1.56545 0.150524,-0.93325 0.270944,-2.31808 0.120419,-1.38482 0.180629,-3.28143 0.06021,-1.92671 0.06021,-4.48563 z"
             id="path385"
             style="font-size:61.6548px;font-family:Marcellus;-inkscape-font-specification:Marcellus;fill:#3a5416;fill-opacity:1;fill-rule:evenodd;stroke:none;stroke-width:2.53877;stroke-linejoin:bevel;stroke-opacity:1;paint-order:stroke fill markers"
             transform="rotate(-25.60554)"
             aria-label="T" /></g><g
           id="g387"
           style="fill:#3a5416;fill-opacity:1;stroke:none;stroke-opacity:1"
           transform="matrix(1.4113474,0,0,1.4113474,1439.751,362.08849)"><path
             d="m 146.37399,116.87328 q 0.18063,-0.6322 0.33116,-1.56546 0.15052,-0.93325 0.27094,-2.31807 0.12042,-1.38483 0.18063,-3.28143 0.0602,-1.92672 0.0602,-4.48563 V 85.62441 q 0,-2.558915 -0.0602,-4.455523 -0.0602,-1.926712 -0.18063,-3.311537 -0.12042,-1.414929 -0.27094,-2.348181 -0.15053,-0.933251 -0.33116,-1.565454 v -0.120419 h 7.19507 v 0.120419 q -0.18063,0.632203 -0.36126,1.565454 -0.15052,0.933252 -0.27094,2.348181 -0.0903,1.384825 -0.18063,3.311537 -0.0602,1.896608 -0.0602,4.455523 v 19.59828 q 0,2.55891 0.0602,4.48563 0.0903,1.8966 0.18063,3.28143 0.12042,1.38482 0.27094,2.31807 0.18063,0.93326 0.36126,1.56546 v 0.12042 h -7.19507 z"
             id="path386"
             style="font-size:61.6548px;font-family:Marcellus;-inkscape-font-specification:Marcellus;fill:#3a5416;fill-opacity:1;fill-rule:evenodd;stroke:none;stroke-width:2.53877;stroke-linejoin:bevel;stroke-opacity:1;paint-order:stroke fill markers"
             transform="rotate(18.055612)"
             aria-label="I" /><path
             d="m 36.750166,145.69642 q -3.552376,0 -6.41234,0.33115 -2.859964,0.30105 -4.937201,0.66231 -2.408391,0.45157 -4.304998,0.99346 l 0.873041,-4.87699 q 0.361259,0.0301 1.083776,0.0602 0.722517,0.0301 1.595559,0.0602 0.903147,0.0301 1.866503,0.0602 0.993461,0 1.866503,0.0301 0.873041,0 1.535349,0.0301 0.692412,0 0.993461,0 h 17.189888 q 0.301049,0 0.963356,0 0.692412,-0.0301 1.565454,-0.0301 0.873042,-0.0301 1.836398,-0.0301 0.993461,-0.0301 1.866503,-0.0602 0.903146,-0.0301 1.625663,-0.0602 0.722518,-0.0301 1.083776,-0.0602 l 0.873042,4.87699 q -1.926713,-0.54189 -4.335103,-0.99346 -2.077237,-0.36126 -4.937201,-0.66231 -2.859964,-0.33115 -6.41234,-0.33115 v 28.75016 q 0,2.55892 0.06021,4.48563 0.09031,1.89661 0.18063,3.28143 0.120419,1.38483 0.270944,2.31808 0.180629,0.93325 0.361258,1.56545 v 0.12042 H 35.90723 v -0.12042 q 0.18063,-0.6322 0.331154,-1.56545 0.150524,-0.93325 0.270944,-2.31808 0.120419,-1.38482 0.180629,-3.28143 0.06021,-1.92671 0.06021,-4.48563 z"
             id="path387"
             style="font-size:61.6548px;font-family:Marcellus;-inkscape-font-specification:Marcellus;fill:#3a5416;fill-opacity:1;fill-rule:evenodd;stroke:none;stroke-width:2.53877;stroke-linejoin:bevel;stroke-opacity:1;paint-order:stroke fill markers"
             transform="rotate(-25.60554)"
             aria-label="T" /></g><g
           id="g389"
           style="fill:#3a5416;fill-opacity:1;stroke:none;stroke-opacity:1"
           transform="matrix(1.4113474,0,0,1.4113474,1508.3735,362.08849)"><path
             d="m 146.37399,116.87328 q 0.18063,-0.6322 0.33116,-1.56546 0.15052,-0.93325 0.27094,-2.31807 0.12042,-1.38483 0.18063,-3.28143 0.0602,-1.92672 0.0602,-4.48563 V 85.62441 q 0,-2.558915 -0.0602,-4.455523 -0.0602,-1.926712 -0.18063,-3.311537 -0.12042,-1.414929 -0.27094,-2.348181 -0.15053,-0.933251 -0.33116,-1.565454 v -0.120419 h 7.19507 v 0.120419 q -0.18063,0.632203 -0.36126,1.565454 -0.15052,0.933252 -0.27094,2.348181 -0.0903,1.384825 -0.18063,3.311537 -0.0602,1.896608 -0.0602,4.455523 v 19.59828 q 0,2.55891 0.0602,4.48563 0.0903,1.8966 0.18063,3.28143 0.12042,1.38482 0.27094,2.31807 0.18063,0.93326 0.36126,1.56546 v 0.12042 h -7.19507 z"
             id="path388"
             style="font-size:61.6548px;font-family:Marcellus;-inkscape-font-specification:Marcellus;fill:#3a5416;fill-opacity:1;fill-rule:evenodd;stroke:none;stroke-width:2.53877;stroke-linejoin:bevel;stroke-opacity:1;paint-order:stroke fill markers"
             transform="rotate(18.055612)"
             aria-label="I" /><path
             d="m 36.750166,145.69642 q -3.552376,0 -6.41234,0.33115 -2.859964,0.30105 -4.937201,0.66231 -2.408391,0.45157 -4.304998,0.99346 l 0.873041,-4.87699 q 0.361259,0.0301 1.083776,0.0602 0.722517,0.0301 1.595559,0.0602 0.903147,0.0301 1.866503,0.0602 0.993461,0 1.866503,0.0301 0.873041,0 1.535349,0.0301 0.692412,0 0.993461,0 h 17.189888 q 0.301049,0 0.963356,0 0.692412,-0.0301 1.565454,-0.0301 0.873042,-0.0301 1.836398,-0.0301 0.993461,-0.0301 1.866503,-0.0602 0.903146,-0.0301 1.625663,-0.0602 0.722518,-0.0301 1.083776,-0.0602 l 0.873042,4.87699 q -1.926713,-0.54189 -4.335103,-0.99346 -2.077237,-0.36126 -4.937201,-0.66231 -2.859964,-0.33115 -6.41234,-0.33115 v 28.75016 q 0,2.55892 0.06021,4.48563 0.09031,1.89661 0.18063,3.28143 0.120419,1.38483 0.270944,2.31808 0.180629,0.93325 0.361258,1.56545 v 0.12042 H 35.90723 v -0.12042 q 0.18063,-0.6322 0.331154,-1.56545 0.150524,-0.93325 0.270944,-2.31808 0.120419,-1.38482 0.180629,-3.28143 0.06021,-1.92671 0.06021,-4.48563 z"
             id="path389"
             style="font-size:61.6548px;font-family:Marcellus;-inkscape-font-specification:Marcellus;fill:#3a5416;fill-opacity:1;fill-rule:evenodd;stroke:none;stroke-width:2.53877;stroke-linejoin:bevel;stroke-opacity:1;paint-order:stroke fill markers"
             transform="rotate(-25.60554)"
             aria-label="T" /></g><g
           id="g391"
           style="fill:#3a5416;fill-opacity:1;stroke:none;stroke-opacity:1"
           transform="matrix(1.4113474,0,0,1.4113474,1575.5713,285.51925)"><path
             d="m 146.37399,116.87328 q 0.18063,-0.6322 0.33116,-1.56546 0.15052,-0.93325 0.27094,-2.31807 0.12042,-1.38483 0.18063,-3.28143 0.0602,-1.92672 0.0602,-4.48563 V 85.62441 q 0,-2.558915 -0.0602,-4.455523 -0.0602,-1.926712 -0.18063,-3.311537 -0.12042,-1.414929 -0.27094,-2.348181 -0.15053,-0.933251 -0.33116,-1.565454 v -0.120419 h 7.19507 v 0.120419 q -0.18063,0.632203 -0.36126,1.565454 -0.15052,0.933252 -0.27094,2.348181 -0.0903,1.384825 -0.18063,3.311537 -0.0602,1.896608 -0.0602,4.455523 v 19.59828 q 0,2.55891 0.0602,4.48563 0.0903,1.8966 0.18063,3.28143 0.12042,1.38482 0.27094,2.31807 0.18063,0.93326 0.36126,1.56546 v 0.12042 h -7.19507 z"
             id="path390"
             style="font-size:61.6548px;font-family:Marcellus;-inkscape-font-specification:Marcellus;fill:#3a5416;fill-opacity:1;fill-rule:evenodd;stroke:none;stroke-width:2.53877;stroke-linejoin:bevel;stroke-opacity:1;paint-order:stroke fill markers"
             transform="rotate(18.055612)"
             aria-label="I" /><path
             d="m 36.750166,145.69642 q -3.552376,0 -6.41234,0.33115 -2.859964,0.30105 -4.937201,0.66231 -2.408391,0.45157 -4.304998,0.99346 l 0.873041,-4.87699 q 0.361259,0.0301 1.083776,0.0602 0.722517,0.0301 1.595559,0.0602 0.903147,0.0301 1.866503,0.0602 0.993461,0 1.866503,0.0301 0.873041,0 1.535349,0.0301 0.692412,0 0.993461,0 h 17.189888 q 0.301049,0 0.963356,0 0.692412,-0.0301 1.565454,-0.0301 0.873042,-0.0301 1.836398,-0.0301 0.993461,-0.0301 1.866503,-0.0602 0.903146,-0.0301 1.625663,-0.0602 0.722518,-0.0301 1.083776,-0.0602 l 0.873042,4.87699 q -1.926713,-0.54189 -4.335103,-0.99346 -2.077237,-0.36126 -4.937201,-0.66231 -2.859964,-0.33115 -6.41234,-0.33115 v 28.75016 q 0,2.55892 0.06021,4.48563 0.09031,1.89661 0.18063,3.28143 0.120419,1.38483 0.270944,2.31808 0.180629,0.93325 0.361258,1.56545 v 0.12042 H 35.90723 v -0.12042 q 0.18063,-0.6322 0.331154,-1.56545 0.150524,-0.93325 0.270944,-2.31808 0.120419,-1.38482 0.180629,-3.28143 0.06021,-1.92671 0.06021,-4.48563 z"
             id="path391"
             style="font-size:61.6548px;font-family:Marcellus;-inkscape-font-specification:Marcellus;fill:#3a5416;fill-opacity:1;fill-rule:evenodd;stroke:none;stroke-width:2.53877;stroke-linejoin:bevel;stroke-opacity:1;paint-order:stroke fill markers"
             transform="rotate(-25.60554)"
             aria-label="T" /></g><g
           id="g393"
           style="fill:#3a5416;fill-opacity:1;stroke:none;stroke-opacity:1"
           transform="matrix(1.4113474,0,0,1.4113474,1644.1938,285.51925)"><path
             d="m 146.37399,116.87328 q 0.18063,-0.6322 0.33116,-1.56546 0.15052,-0.93325 0.27094,-2.31807 0.12042,-1.38483 0.18063,-3.28143 0.0602,-1.92672 0.0602,-4.48563 V 85.62441 q 0,-2.558915 -0.0602,-4.455523 -0.0602,-1.926712 -0.18063,-3.311537 -0.12042,-1.414929 -0.27094,-2.348181 -0.15053,-0.933251 -0.33116,-1.565454 v -0.120419 h 7.19507 v 0.120419 q -0.18063,0.632203 -0.36126,1.565454 -0.15052,0.933252 -0.27094,2.348181 -0.0903,1.384825 -0.18063,3.311537 -0.0602,1.896608 -0.0602,4.455523 v 19.59828 q 0,2.55891 0.0602,4.48563 0.0903,1.8966 0.18063,3.28143 0.12042,1.38482 0.27094,2.31807 0.18063,0.93326 0.36126,1.56546 v 0.12042 h -7.19507 z"
             id="path392"
             style="font-size:61.6548px;font-family:Marcellus;-inkscape-font-specification:Marcellus;fill:#3a5416;fill-opacity:1;fill-rule:evenodd;stroke:none;stroke-width:2.53877;stroke-linejoin:bevel;stroke-opacity:1;paint-order:stroke fill markers"
             transform="rotate(18.055612)"
             aria-label="I" /><path
             d="m 36.750166,145.69642 q -3.552376,0 -6.41234,0.33115 -2.859964,0.30105 -4.937201,0.66231 -2.408391,0.45157 -4.304998,0.99346 l 0.873041,-4.87699 q 0.361259,0.0301 1.083776,0.0602 0.722517,0.0301 1.595559,0.0602 0.903147,0.0301 1.866503,0.0602 0.993461,0 1.866503,0.0301 0.873041,0 1.535349,0.0301 0.692412,0 0.993461,0 h 17.189888 q 0.301049,0 0.963356,0 0.692412,-0.0301 1.565454,-0.0301 0.873042,-0.0301 1.836398,-0.0301 0.993461,-0.0301 1.866503,-0.0602 0.903146,-0.0301 1.625663,-0.0602 0.722518,-0.0301 1.083776,-0.0602 l 0.873042,4.87699 q -1.926713,-0.54189 -4.335103,-0.99346 -2.077237,-0.36126 -4.937201,-0.66231 -2.859964,-0.33115 -6.41234,-0.33115 v 28.75016 q 0,2.55892 0.06021,4.48563 0.09031,1.89661 0.18063,3.28143 0.120419,1.38483 0.270944,2.31808 0.180629,0.93325 0.361258,1.56545 v 0.12042 H 35.90723 v -0.12042 q 0.18063,-0.6322 0.331154,-1.56545 0.150524,-0.93325 0.270944,-2.31808 0.120419,-1.38482 0.180629,-3.28143 0.06021,-1.92671 0.06021,-4.48563 z"
             id="path393"
             style="font-size:61.6548px;font-family:Marcellus;-inkscape-font-specification:Marcellus;fill:#3a5416;fill-opacity:1;fill-rule:evenodd;stroke:none;stroke-width:2.53877;stroke-linejoin:bevel;stroke-opacity:1;paint-order:stroke fill markers"
             transform="rotate(-25.60554)"
             aria-label="T" /></g><g
           id="g395"
           style="fill:#3a5416;fill-opacity:1;stroke:none;stroke-opacity:1"
           transform="matrix(1.4113474,0,0,1.4113474,1576.3869,362.08849)"><path
             d="m 146.37399,116.87328 q 0.18063,-0.6322 0.33116,-1.56546 0.15052,-0.93325 0.27094,-2.31807 0.12042,-1.38483 0.18063,-3.28143 0.0602,-1.92672 0.0602,-4.48563 V 85.62441 q 0,-2.558915 -0.0602,-4.455523 -0.0602,-1.926712 -0.18063,-3.311537 -0.12042,-1.414929 -0.27094,-2.348181 -0.15053,-0.933251 -0.33116,-1.565454 v -0.120419 h 7.19507 v 0.120419 q -0.18063,0.632203 -0.36126,1.565454 -0.15052,0.933252 -0.27094,2.348181 -0.0903,1.384825 -0.18063,3.311537 -0.0602,1.896608 -0.0602,4.455523 v 19.59828 q 0,2.55891 0.0602,4.48563 0.0903,1.8966 0.18063,3.28143 0.12042,1.38482 0.27094,2.31807 0.18063,0.93326 0.36126,1.56546 v 0.12042 h -7.19507 z"
             id="path394"
             style="font-size:61.6548px;font-family:Marcellus;-inkscape-font-specification:Marcellus;fill:#3a5416;fill-opacity:1;fill-rule:evenodd;stroke:none;stroke-width:2.53877;stroke-linejoin:bevel;stroke-opacity:1;paint-order:stroke fill markers"
             transform="rotate(18.055612)"
             aria-label="I" /><path
             d="m 36.750166,145.69642 q -3.552376,0 -6.41234,0.33115 -2.859964,0.30105 -4.937201,0.66231 -2.408391,0.45157 -4.304998,0.99346 l 0.873041,-4.87699 q 0.361259,0.0301 1.083776,0.0602 0.722517,0.0301 1.595559,0.0602 0.903147,0.0301 1.866503,0.0602 0.993461,0 1.866503,0.0301 0.873041,0 1.535349,0.0301 0.692412,0 0.993461,0 h 17.189888 q 0.301049,0 0.963356,0 0.692412,-0.0301 1.565454,-0.0301 0.873042,-0.0301 1.836398,-0.0301 0.993461,-0.0301 1.866503,-0.0602 0.903146,-0.0301 1.625663,-0.0602 0.722518,-0.0301 1.083776,-0.0602 l 0.873042,4.87699 q -1.926713,-0.54189 -4.335103,-0.99346 -2.077237,-0.36126 -4.937201,-0.66231 -2.859964,-0.33115 -6.41234,-0.33115 v 28.75016 q 0,2.55892 0.06021,4.48563 0.09031,1.89661 0.18063,3.28143 0.120419,1.38483 0.270944,2.31808 0.180629,0.93325 0.361258,1.56545 v 0.12042 H 35.90723 v -0.12042 q 0.18063,-0.6322 0.331154,-1.56545 0.150524,-0.93325 0.270944,-2.31808 0.120419,-1.38482 0.180629,-3.28143 0.06021,-1.92671 0.06021,-4.48563 z"
             id="path395"
             style="font-size:61.6548px;font-family:Marcellus;-inkscape-font-specification:Marcellus;fill:#3a5416;fill-opacity:1;fill-rule:evenodd;stroke:none;stroke-width:2.53877;stroke-linejoin:bevel;stroke-opacity:1;paint-order:stroke fill markers"
             transform="rotate(-25.60554)"
             aria-label="T" /></g><g
           id="g397"
           style="fill:#3a5416;fill-opacity:1;stroke:none;stroke-opacity:1"
           transform="matrix(1.4113474,0,0,1.4113474,1645.0094,362.08849)"><path
             d="m 146.37399,116.87328 q 0.18063,-0.6322 0.33116,-1.56546 0.15052,-0.93325 0.27094,-2.31807 0.12042,-1.38483 0.18063,-3.28143 0.0602,-1.92672 0.0602,-4.48563 V 85.62441 q 0,-2.558915 -0.0602,-4.455523 -0.0602,-1.926712 -0.18063,-3.311537 -0.12042,-1.414929 -0.27094,-2.348181 -0.15053,-0.933251 -0.33116,-1.565454 v -0.120419 h 7.19507 v 0.120419 q -0.18063,0.632203 -0.36126,1.565454 -0.15052,0.933252 -0.27094,2.348181 -0.0903,1.384825 -0.18063,3.311537 -0.0602,1.896608 -0.0602,4.455523 v 19.59828 q 0,2.55891 0.0602,4.48563 0.0903,1.8966 0.18063,3.28143 0.12042,1.38482 0.27094,2.31807 0.18063,0.93326 0.36126,1.56546 v 0.12042 h -7.19507 z"
             id="path396"
             style="font-size:61.6548px;font-family:Marcellus;-inkscape-font-specification:Marcellus;fill:#3a5416;fill-opacity:1;fill-rule:evenodd;stroke:none;stroke-width:2.53877;stroke-linejoin:bevel;stroke-opacity:1;paint-order:stroke fill markers"
             transform="rotate(18.055612)"
             aria-label="I" /><path
             d="m 36.750166,145.69642 q -3.552376,0 -6.41234,0.33115 -2.859964,0.30105 -4.937201,0.66231 -2.408391,0.45157 -4.304998,0.99346 l 0.873041,-4.87699 q 0.361259,0.0301 1.083776,0.0602 0.722517,0.0301 1.595559,0.0602 0.903147,0.0301 1.866503,0.0602 0.993461,0 1.866503,0.0301 0.873041,0 1.535349,0.0301 0.692412,0 0.993461,0 h 17.189888 q 0.301049,0 0.963356,0 0.692412,-0.0301 1.565454,-0.0301 0.873042,-0.0301 1.836398,-0.0301 0.993461,-0.0301 1.866503,-0.0602 0.903146,-0.0301 1.625663,-0.0602 0.722518,-0.0301 1.083776,-0.0602 l 0.873042,4.87699 q -1.926713,-0.54189 -4.335103,-0.99346 -2.077237,-0.36126 -4.937201,-0.66231 -2.859964,-0.33115 -6.41234,-0.33115 v 28.75016 q 0,2.55892 0.06021,4.48563 0.09031,1.89661 0.18063,3.28143 0.120419,1.38483 0.270944,2.31808 0.180629,0.93325 0.361258,1.56545 v 0.12042 H 35.90723 v -0.12042 q 0.18063,-0.6322 0.331154,-1.56545 0.150524,-0.93325 0.270944,-2.31808 0.120419,-1.38482 0.180629,-3.28143 0.06021,-1.92671 0.06021,-4.48563 z"
             id="path397"
             style="font-size:61.6548px;font-family:Marcellus;-inkscape-font-specification:Marcellus;fill:#3a5416;fill-opacity:1;fill-rule:evenodd;stroke:none;stroke-width:2.53877;stroke-linejoin:bevel;stroke-opacity:1;paint-order:stroke fill markers"
             transform="rotate(-25.60554)"
             aria-label="T" /></g><g
           id="g399"
           style="fill:#3a5416;fill-opacity:1;stroke:none;stroke-opacity:1"
           transform="matrix(1.4113474,0,0,1.4113474,1575.5713,285.51925)"><path
             d="m 146.37399,116.87328 q 0.18063,-0.6322 0.33116,-1.56546 0.15052,-0.93325 0.27094,-2.31807 0.12042,-1.38483 0.18063,-3.28143 0.0602,-1.92672 0.0602,-4.48563 V 85.62441 q 0,-2.558915 -0.0602,-4.455523 -0.0602,-1.926712 -0.18063,-3.311537 -0.12042,-1.414929 -0.27094,-2.348181 -0.15053,-0.933251 -0.33116,-1.565454 v -0.120419 h 7.19507 v 0.120419 q -0.18063,0.632203 -0.36126,1.565454 -0.15052,0.933252 -0.27094,2.348181 -0.0903,1.384825 -0.18063,3.311537 -0.0602,1.896608 -0.0602,4.455523 v 19.59828 q 0,2.55891 0.0602,4.48563 0.0903,1.8966 0.18063,3.28143 0.12042,1.38482 0.27094,2.31807 0.18063,0.93326 0.36126,1.56546 v 0.12042 h -7.19507 z"
             id="path398"
             style="font-size:61.6548px;font-family:Marcellus;-inkscape-font-specification:Marcellus;fill:#3a5416;fill-opacity:1;fill-rule:evenodd;stroke:none;stroke-width:2.53877;stroke-linejoin:bevel;stroke-opacity:1;paint-order:stroke fill markers"
             transform="rotate(18.055612)"
             aria-label="I" /><path
             d="m 36.750166,145.69642 q -3.552376,0 -6.41234,0.33115 -2.859964,0.30105 -4.937201,0.66231 -2.408391,0.45157 -4.304998,0.99346 l 0.873041,-4.87699 q 0.361259,0.0301 1.083776,0.0602 0.722517,0.0301 1.595559,0.0602 0.903147,0.0301 1.866503,0.0602 0.993461,0 1.866503,0.0301 0.873041,0 1.535349,0.0301 0.692412,0 0.993461,0 h 17.189888 q 0.301049,0 0.963356,0 0.692412,-0.0301 1.565454,-0.0301 0.873042,-0.0301 1.836398,-0.0301 0.993461,-0.0301 1.866503,-0.0602 0.903146,-0.0301 1.625663,-0.0602 0.722518,-0.0301 1.083776,-0.0602 l 0.873042,4.87699 q -1.926713,-0.54189 -4.335103,-0.99346 -2.077237,-0.36126 -4.937201,-0.66231 -2.859964,-0.33115 -6.41234,-0.33115 v 28.75016 q 0,2.55892 0.06021,4.48563 0.09031,1.89661 0.18063,3.28143 0.120419,1.38483 0.270944,2.31808 0.180629,0.93325 0.361258,1.56545 v 0.12042 H 35.90723 v -0.12042 q 0.18063,-0.6322 0.331154,-1.56545 0.150524,-0.93325 0.270944,-2.31808 0.120419,-1.38482 0.180629,-3.28143 0.06021,-1.92671 0.06021,-4.48563 z"
             id="path399"
             style="font-size:61.6548px;font-family:Marcellus;-inkscape-font-specification:Marcellus;fill:#3a5416;fill-opacity:1;fill-rule:evenodd;stroke:none;stroke-width:2.53877;stroke-linejoin:bevel;stroke-opacity:1;paint-order:stroke fill markers"
             transform="rotate(-25.60554)"
             aria-label="T" /></g><g
           id="g401"
           style="fill:#3a5416;fill-opacity:1;stroke:none;stroke-opacity:1"
           transform="matrix(1.4113474,0,0,1.4113474,1644.1938,285.51925)"><path
             d="m 146.37399,116.87328 q 0.18063,-0.6322 0.33116,-1.56546 0.15052,-0.93325 0.27094,-2.31807 0.12042,-1.38483 0.18063,-3.28143 0.0602,-1.92672 0.0602,-4.48563 V 85.62441 q 0,-2.558915 -0.0602,-4.455523 -0.0602,-1.926712 -0.18063,-3.311537 -0.12042,-1.414929 -0.27094,-2.348181 -0.15053,-0.933251 -0.33116,-1.565454 v -0.120419 h 7.19507 v 0.120419 q -0.18063,0.632203 -0.36126,1.565454 -0.15052,0.933252 -0.27094,2.348181 -0.0903,1.384825 -0.18063,3.311537 -0.0602,1.896608 -0.0602,4.455523 v 19.59828 q 0,2.55891 0.0602,4.48563 0.0903,1.8966 0.18063,3.28143 0.12042,1.38482 0.27094,2.31807 0.18063,0.93326 0.36126,1.56546 v 0.12042 h -7.19507 z"
             id="path400"
             style="font-size:61.6548px;font-family:Marcellus;-inkscape-font-specification:Marcellus;fill:#3a5416;fill-opacity:1;fill-rule:evenodd;stroke:none;stroke-width:2.53877;stroke-linejoin:bevel;stroke-opacity:1;paint-order:stroke fill markers"
             transform="rotate(18.055612)"
             aria-label="I" /><path
             d="m 36.750166,145.69642 q -3.552376,0 -6.41234,0.33115 -2.859964,0.30105 -4.937201,0.66231 -2.408391,0.45157 -4.304998,0.99346 l 0.873041,-4.87699 q 0.361259,0.0301 1.083776,0.0602 0.722517,0.0301 1.595559,0.0602 0.903147,0.0301 1.866503,0.0602 0.993461,0 1.866503,0.0301 0.873041,0 1.535349,0.0301 0.692412,0 0.993461,0 h 17.189888 q 0.301049,0 0.963356,0 0.692412,-0.0301 1.565454,-0.0301 0.873042,-0.0301 1.836398,-0.0301 0.993461,-0.0301 1.866503,-0.0602 0.903146,-0.0301 1.625663,-0.0602 0.722518,-0.0301 1.083776,-0.0602 l 0.873042,4.87699 q -1.926713,-0.54189 -4.335103,-0.99346 -2.077237,-0.36126 -4.937201,-0.66231 -2.859964,-0.33115 -6.41234,-0.33115 v 28.75016 q 0,2.55892 0.06021,4.48563 0.09031,1.89661 0.18063,3.28143 0.120419,1.38483 0.270944,2.31808 0.180629,0.93325 0.361258,1.56545 v 0.12042 H 35.90723 v -0.12042 q 0.18063,-0.6322 0.331154,-1.56545 0.150524,-0.93325 0.270944,-2.31808 0.120419,-1.38482 0.180629,-3.28143 0.06021,-1.92671 0.06021,-4.48563 z"
             id="path401"
             style="font-size:61.6548px;font-family:Marcellus;-inkscape-font-specification:Marcellus;fill:#3a5416;fill-opacity:1;fill-rule:evenodd;stroke:none;stroke-width:2.53877;stroke-linejoin:bevel;stroke-opacity:1;paint-order:stroke fill markers"
             transform="rotate(-25.60554)"
             aria-label="T" /></g><g
           id="g403"
           style="fill:#3a5416;fill-opacity:1;stroke:none;stroke-opacity:1"
           transform="matrix(1.4113474,0,0,1.4113474,1576.3869,362.08849)"><path
             d="m 146.37399,116.87328 q 0.18063,-0.6322 0.33116,-1.56546 0.15052,-0.93325 0.27094,-2.31807 0.12042,-1.38483 0.18063,-3.28143 0.0602,-1.92672 0.0602,-4.48563 V 85.62441 q 0,-2.558915 -0.0602,-4.455523 -0.0602,-1.926712 -0.18063,-3.311537 -0.12042,-1.414929 -0.27094,-2.348181 -0.15053,-0.933251 -0.33116,-1.565454 v -0.120419 h 7.19507 v 0.120419 q -0.18063,0.632203 -0.36126,1.565454 -0.15052,0.933252 -0.27094,2.348181 -0.0903,1.384825 -0.18063,3.311537 -0.0602,1.896608 -0.0602,4.455523 v 19.59828 q 0,2.55891 0.0602,4.48563 0.0903,1.8966 0.18063,3.28143 0.12042,1.38482 0.27094,2.31807 0.18063,0.93326 0.36126,1.56546 v 0.12042 h -7.19507 z"
             id="path402"
             style="font-size:61.6548px;font-family:Marcellus;-inkscape-font-specification:Marcellus;fill:#3a5416;fill-opacity:1;fill-rule:evenodd;stroke:none;stroke-width:2.53877;stroke-linejoin:bevel;stroke-opacity:1;paint-order:stroke fill markers"
             transform="rotate(18.055612)"
             aria-label="I" /><path
             d="m 36.750166,145.69642 q -3.552376,0 -6.41234,0.33115 -2.859964,0.30105 -4.937201,0.66231 -2.408391,0.45157 -4.304998,0.99346 l 0.873041,-4.87699 q 0.361259,0.0301 1.083776,0.0602 0.722517,0.0301 1.595559,0.0602 0.903147,0.0301 1.866503,0.0602 0.993461,0 1.866503,0.0301 0.873041,0 1.535349,0.0301 0.692412,0 0.993461,0 h 17.189888 q 0.301049,0 0.963356,0 0.692412,-0.0301 1.565454,-0.0301 0.873042,-0.0301 1.836398,-0.0301 0.993461,-0.0301 1.866503,-0.0602 0.903146,-0.0301 1.625663,-0.0602 0.722518,-0.0301 1.083776,-0.0602 l 0.873042,4.87699 q -1.926713,-0.54189 -4.335103,-0.99346 -2.077237,-0.36126 -4.937201,-0.66231 -2.859964,-0.33115 -6.41234,-0.33115 v 28.75016 q 0,2.55892 0.06021,4.48563 0.09031,1.89661 0.18063,3.28143 0.120419,1.38483 0.270944,2.31808 0.180629,0.93325 0.361258,1.56545 v 0.12042 H 35.90723 v -0.12042 q 0.18063,-0.6322 0.331154,-1.56545 0.150524,-0.93325 0.270944,-2.31808 0.120419,-1.38482 0.180629,-3.28143 0.06021,-1.92671 0.06021,-4.48563 z"
             id="path403"
             style="font-size:61.6548px;font-family:Marcellus;-inkscape-font-specification:Marcellus;fill:#3a5416;fill-opacity:1;fill-rule:evenodd;stroke:none;stroke-width:2.53877;stroke-linejoin:bevel;stroke-opacity:1;paint-order:stroke fill markers"
             transform="rotate(-25.60554)"
             aria-label="T" /></g><g
           id="g405"
           style="fill:#3a5416;fill-opacity:1;stroke:none;stroke-opacity:1"
           transform="matrix(1.4113474,0,0,1.4113474,1645.0094,362.08849)"><path
             d="m 146.37399,116.87328 q 0.18063,-0.6322 0.33116,-1.56546 0.15052,-0.93325 0.27094,-2.31807 0.12042,-1.38483 0.18063,-3.28143 0.0602,-1.92672 0.0602,-4.48563 V 85.62441 q 0,-2.558915 -0.0602,-4.455523 -0.0602,-1.926712 -0.18063,-3.311537 -0.12042,-1.414929 -0.27094,-2.348181 -0.15053,-0.933251 -0.33116,-1.565454 v -0.120419 h 7.19507 v 0.120419 q -0.18063,0.632203 -0.36126,1.565454 -0.15052,0.933252 -0.27094,2.348181 -0.0903,1.384825 -0.18063,3.311537 -0.0602,1.896608 -0.0602,4.455523 v 19.59828 q 0,2.55891 0.0602,4.48563 0.0903,1.8966 0.18063,3.28143 0.12042,1.38482 0.27094,2.31807 0.18063,0.93326 0.36126,1.56546 v 0.12042 h -7.19507 z"
             id="path404"
             style="font-size:61.6548px;font-family:Marcellus;-inkscape-font-specification:Marcellus;fill:#3a5416;fill-opacity:1;fill-rule:evenodd;stroke:none;stroke-width:2.53877;stroke-linejoin:bevel;stroke-opacity:1;paint-order:stroke fill markers"
             transform="rotate(18.055612)"
             aria-label="I" /><path
             d="m 36.750166,145.69642 q -3.552376,0 -6.41234,0.33115 -2.859964,0.30105 -4.937201,0.66231 -2.408391,0.45157 -4.304998,0.99346 l 0.873041,-4.87699 q 0.361259,0.0301 1.083776,0.0602 0.722517,0.0301 1.595559,0.0602 0.903147,0.0301 1.866503,0.0602 0.993461,0 1.866503,0.0301 0.873041,0 1.535349,0.0301 0.692412,0 0.993461,0 h 17.189888 q 0.301049,0 0.963356,0 0.692412,-0.0301 1.565454,-0.0301 0.873042,-0.0301 1.836398,-0.0301 0.993461,-0.0301 1.866503,-0.0602 0.903146,-0.0301 1.625663,-0.0602 0.722518,-0.0301 1.083776,-0.0602 l 0.873042,4.87699 q -1.926713,-0.54189 -4.335103,-0.99346 -2.077237,-0.36126 -4.937201,-0.66231 -2.859964,-0.33115 -6.41234,-0.33115 v 28.75016 q 0,2.55892 0.06021,4.48563 0.09031,1.89661 0.18063,3.28143 0.120419,1.38483 0.270944,2.31808 0.180629,0.93325 0.361258,1.56545 v 0.12042 H 35.90723 v -0.12042 q 0.18063,-0.6322 0.331154,-1.56545 0.150524,-0.93325 0.270944,-2.31808 0.120419,-1.38482 0.180629,-3.28143 0.06021,-1.92671 0.06021,-4.48563 z"
             id="path405"
             style="font-size:61.6548px;font-family:Marcellus;-inkscape-font-specification:Marcellus;fill:#3a5416;fill-opacity:1;fill-rule:evenodd;stroke:none;stroke-width:2.53877;stroke-linejoin:bevel;stroke-opacity:1;paint-order:stroke fill markers"
             transform="rotate(-25.60554)"
             aria-label="T" /></g></g><g
         id="g534"
         transform="translate(269.36375,154.08512)"
         style="fill:#3a5416;fill-opacity:1;stroke:none;stroke-opacity:1"><g
           id="g407"
           style="fill:#3a5416;fill-opacity:1;stroke:none;stroke-opacity:1"
           transform="matrix(1.4113474,0,0,1.4113474,1438.9354,285.51925)"><path
             d="m 146.37399,116.87328 q 0.18063,-0.6322 0.33116,-1.56546 0.15052,-0.93325 0.27094,-2.31807 0.12042,-1.38483 0.18063,-3.28143 0.0602,-1.92672 0.0602,-4.48563 V 85.62441 q 0,-2.558915 -0.0602,-4.455523 -0.0602,-1.926712 -0.18063,-3.311537 -0.12042,-1.414929 -0.27094,-2.348181 -0.15053,-0.933251 -0.33116,-1.565454 v -0.120419 h 7.19507 v 0.120419 q -0.18063,0.632203 -0.36126,1.565454 -0.15052,0.933252 -0.27094,2.348181 -0.0903,1.384825 -0.18063,3.311537 -0.0602,1.896608 -0.0602,4.455523 v 19.59828 q 0,2.55891 0.0602,4.48563 0.0903,1.8966 0.18063,3.28143 0.12042,1.38482 0.27094,2.31807 0.18063,0.93326 0.36126,1.56546 v 0.12042 h -7.19507 z"
             id="path406"
             style="font-size:61.6548px;font-family:Marcellus;-inkscape-font-specification:Marcellus;fill:#3a5416;fill-opacity:1;fill-rule:evenodd;stroke:none;stroke-width:2.53877;stroke-linejoin:bevel;stroke-opacity:1;paint-order:stroke fill markers"
             transform="rotate(18.055612)"
             aria-label="I" /><path
             d="m 36.750166,145.69642 q -3.552376,0 -6.41234,0.33115 -2.859964,0.30105 -4.937201,0.66231 -2.408391,0.45157 -4.304998,0.99346 l 0.873041,-4.87699 q 0.361259,0.0301 1.083776,0.0602 0.722517,0.0301 1.595559,0.0602 0.903147,0.0301 1.866503,0.0602 0.993461,0 1.866503,0.0301 0.873041,0 1.535349,0.0301 0.692412,0 0.993461,0 h 17.189888 q 0.301049,0 0.963356,0 0.692412,-0.0301 1.565454,-0.0301 0.873042,-0.0301 1.836398,-0.0301 0.993461,-0.0301 1.866503,-0.0602 0.903146,-0.0301 1.625663,-0.0602 0.722518,-0.0301 1.083776,-0.0602 l 0.873042,4.87699 q -1.926713,-0.54189 -4.335103,-0.99346 -2.077237,-0.36126 -4.937201,-0.66231 -2.859964,-0.33115 -6.41234,-0.33115 v 28.75016 q 0,2.55892 0.06021,4.48563 0.09031,1.89661 0.18063,3.28143 0.120419,1.38483 0.270944,2.31808 0.180629,0.93325 0.361258,1.56545 v 0.12042 H 35.90723 v -0.12042 q 0.18063,-0.6322 0.331154,-1.56545 0.150524,-0.93325 0.270944,-2.31808 0.120419,-1.38482 0.180629,-3.28143 0.06021,-1.92671 0.06021,-4.48563 z"
             id="path407"
             style="font-size:61.6548px;font-family:Marcellus;-inkscape-font-specification:Marcellus;fill:#3a5416;fill-opacity:1;fill-rule:evenodd;stroke:none;stroke-width:2.53877;stroke-linejoin:bevel;stroke-opacity:1;paint-order:stroke fill markers"
             transform="rotate(-25.60554)"
             aria-label="T" /></g><g
           id="g409"
           style="fill:#3a5416;fill-opacity:1;stroke:none;stroke-opacity:1"
           transform="matrix(1.4113474,0,0,1.4113474,1507.5579,285.51925)"><path
             d="m 146.37399,116.87328 q 0.18063,-0.6322 0.33116,-1.56546 0.15052,-0.93325 0.27094,-2.31807 0.12042,-1.38483 0.18063,-3.28143 0.0602,-1.92672 0.0602,-4.48563 V 85.62441 q 0,-2.558915 -0.0602,-4.455523 -0.0602,-1.926712 -0.18063,-3.311537 -0.12042,-1.414929 -0.27094,-2.348181 -0.15053,-0.933251 -0.33116,-1.565454 v -0.120419 h 7.19507 v 0.120419 q -0.18063,0.632203 -0.36126,1.565454 -0.15052,0.933252 -0.27094,2.348181 -0.0903,1.384825 -0.18063,3.311537 -0.0602,1.896608 -0.0602,4.455523 v 19.59828 q 0,2.55891 0.0602,4.48563 0.0903,1.8966 0.18063,3.28143 0.12042,1.38482 0.27094,2.31807 0.18063,0.93326 0.36126,1.56546 v 0.12042 h -7.19507 z"
             id="path408"
             style="font-size:61.6548px;font-family:Marcellus;-inkscape-font-specification:Marcellus;fill:#3a5416;fill-opacity:1;fill-rule:evenodd;stroke:none;stroke-width:2.53877;stroke-linejoin:bevel;stroke-opacity:1;paint-order:stroke fill markers"
             transform="rotate(18.055612)"
             aria-label="I" /><path
             d="m 36.750166,145.69642 q -3.552376,0 -6.41234,0.33115 -2.859964,0.30105 -4.937201,0.66231 -2.408391,0.45157 -4.304998,0.99346 l 0.873041,-4.87699 q 0.361259,0.0301 1.083776,0.0602 0.722517,0.0301 1.595559,0.0602 0.903147,0.0301 1.866503,0.0602 0.993461,0 1.866503,0.0301 0.873041,0 1.535349,0.0301 0.692412,0 0.993461,0 h 17.189888 q 0.301049,0 0.963356,0 0.692412,-0.0301 1.565454,-0.0301 0.873042,-0.0301 1.836398,-0.0301 0.993461,-0.0301 1.866503,-0.0602 0.903146,-0.0301 1.625663,-0.0602 0.722518,-0.0301 1.083776,-0.0602 l 0.873042,4.87699 q -1.926713,-0.54189 -4.335103,-0.99346 -2.077237,-0.36126 -4.937201,-0.66231 -2.859964,-0.33115 -6.41234,-0.33115 v 28.75016 q 0,2.55892 0.06021,4.48563 0.09031,1.89661 0.18063,3.28143 0.120419,1.38483 0.270944,2.31808 0.180629,0.93325 0.361258,1.56545 v 0.12042 H 35.90723 v -0.12042 q 0.18063,-0.6322 0.331154,-1.56545 0.150524,-0.93325 0.270944,-2.31808 0.120419,-1.38482 0.180629,-3.28143 0.06021,-1.92671 0.06021,-4.48563 z"
             id="path409"
             style="font-size:61.6548px;font-family:Marcellus;-inkscape-font-specification:Marcellus;fill:#3a5416;fill-opacity:1;fill-rule:evenodd;stroke:none;stroke-width:2.53877;stroke-linejoin:bevel;stroke-opacity:1;paint-order:stroke fill markers"
             transform="rotate(-25.60554)"
             aria-label="T" /></g><g
           id="g411"
           style="fill:#3a5416;fill-opacity:1;stroke:none;stroke-opacity:1"
           transform="matrix(1.4113474,0,0,1.4113474,1439.751,362.08849)"><path
             d="m 146.37399,116.87328 q 0.18063,-0.6322 0.33116,-1.56546 0.15052,-0.93325 0.27094,-2.31807 0.12042,-1.38483 0.18063,-3.28143 0.0602,-1.92672 0.0602,-4.48563 V 85.62441 q 0,-2.558915 -0.0602,-4.455523 -0.0602,-1.926712 -0.18063,-3.311537 -0.12042,-1.414929 -0.27094,-2.348181 -0.15053,-0.933251 -0.33116,-1.565454 v -0.120419 h 7.19507 v 0.120419 q -0.18063,0.632203 -0.36126,1.565454 -0.15052,0.933252 -0.27094,2.348181 -0.0903,1.384825 -0.18063,3.311537 -0.0602,1.896608 -0.0602,4.455523 v 19.59828 q 0,2.55891 0.0602,4.48563 0.0903,1.8966 0.18063,3.28143 0.12042,1.38482 0.27094,2.31807 0.18063,0.93326 0.36126,1.56546 v 0.12042 h -7.19507 z"
             id="path410"
             style="font-size:61.6548px;font-family:Marcellus;-inkscape-font-specification:Marcellus;fill:#3a5416;fill-opacity:1;fill-rule:evenodd;stroke:none;stroke-width:2.53877;stroke-linejoin:bevel;stroke-opacity:1;paint-order:stroke fill markers"
             transform="rotate(18.055612)"
             aria-label="I" /><path
             d="m 36.750166,145.69642 q -3.552376,0 -6.41234,0.33115 -2.859964,0.30105 -4.937201,0.66231 -2.408391,0.45157 -4.304998,0.99346 l 0.873041,-4.87699 q 0.361259,0.0301 1.083776,0.0602 0.722517,0.0301 1.595559,0.0602 0.903147,0.0301 1.866503,0.0602 0.993461,0 1.866503,0.0301 0.873041,0 1.535349,0.0301 0.692412,0 0.993461,0 h 17.189888 q 0.301049,0 0.963356,0 0.692412,-0.0301 1.565454,-0.0301 0.873042,-0.0301 1.836398,-0.0301 0.993461,-0.0301 1.866503,-0.0602 0.903146,-0.0301 1.625663,-0.0602 0.722518,-0.0301 1.083776,-0.0602 l 0.873042,4.87699 q -1.926713,-0.54189 -4.335103,-0.99346 -2.077237,-0.36126 -4.937201,-0.66231 -2.859964,-0.33115 -6.41234,-0.33115 v 28.75016 q 0,2.55892 0.06021,4.48563 0.09031,1.89661 0.18063,3.28143 0.120419,1.38483 0.270944,2.31808 0.180629,0.93325 0.361258,1.56545 v 0.12042 H 35.90723 v -0.12042 q 0.18063,-0.6322 0.331154,-1.56545 0.150524,-0.93325 0.270944,-2.31808 0.120419,-1.38482 0.180629,-3.28143 0.06021,-1.92671 0.06021,-4.48563 z"
             id="path411"
             style="font-size:61.6548px;font-family:Marcellus;-inkscape-font-specification:Marcellus;fill:#3a5416;fill-opacity:1;fill-rule:evenodd;stroke:none;stroke-width:2.53877;stroke-linejoin:bevel;stroke-opacity:1;paint-order:stroke fill markers"
             transform="rotate(-25.60554)"
             aria-label="T" /></g><g
           id="g413"
           style="fill:#3a5416;fill-opacity:1;stroke:none;stroke-opacity:1"
           transform="matrix(1.4113474,0,0,1.4113474,1508.3735,362.08849)"><path
             d="m 146.37399,116.87328 q 0.18063,-0.6322 0.33116,-1.56546 0.15052,-0.93325 0.27094,-2.31807 0.12042,-1.38483 0.18063,-3.28143 0.0602,-1.92672 0.0602,-4.48563 V 85.62441 q 0,-2.558915 -0.0602,-4.455523 -0.0602,-1.926712 -0.18063,-3.311537 -0.12042,-1.414929 -0.27094,-2.348181 -0.15053,-0.933251 -0.33116,-1.565454 v -0.120419 h 7.19507 v 0.120419 q -0.18063,0.632203 -0.36126,1.565454 -0.15052,0.933252 -0.27094,2.348181 -0.0903,1.384825 -0.18063,3.311537 -0.0602,1.896608 -0.0602,4.455523 v 19.59828 q 0,2.55891 0.0602,4.48563 0.0903,1.8966 0.18063,3.28143 0.12042,1.38482 0.27094,2.31807 0.18063,0.93326 0.36126,1.56546 v 0.12042 h -7.19507 z"
             id="path412"
             style="font-size:61.6548px;font-family:Marcellus;-inkscape-font-specification:Marcellus;fill:#3a5416;fill-opacity:1;fill-rule:evenodd;stroke:none;stroke-width:2.53877;stroke-linejoin:bevel;stroke-opacity:1;paint-order:stroke fill markers"
             transform="rotate(18.055612)"
             aria-label="I" /><path
             d="m 36.750166,145.69642 q -3.552376,0 -6.41234,0.33115 -2.859964,0.30105 -4.937201,0.66231 -2.408391,0.45157 -4.304998,0.99346 l 0.873041,-4.87699 q 0.361259,0.0301 1.083776,0.0602 0.722517,0.0301 1.595559,0.0602 0.903147,0.0301 1.866503,0.0602 0.993461,0 1.866503,0.0301 0.873041,0 1.535349,0.0301 0.692412,0 0.993461,0 h 17.189888 q 0.301049,0 0.963356,0 0.692412,-0.0301 1.565454,-0.0301 0.873042,-0.0301 1.836398,-0.0301 0.993461,-0.0301 1.866503,-0.0602 0.903146,-0.0301 1.625663,-0.0602 0.722518,-0.0301 1.083776,-0.0602 l 0.873042,4.87699 q -1.926713,-0.54189 -4.335103,-0.99346 -2.077237,-0.36126 -4.937201,-0.66231 -2.859964,-0.33115 -6.41234,-0.33115 v 28.75016 q 0,2.55892 0.06021,4.48563 0.09031,1.89661 0.18063,3.28143 0.120419,1.38483 0.270944,2.31808 0.180629,0.93325 0.361258,1.56545 v 0.12042 H 35.90723 v -0.12042 q 0.18063,-0.6322 0.331154,-1.56545 0.150524,-0.93325 0.270944,-2.31808 0.120419,-1.38482 0.180629,-3.28143 0.06021,-1.92671 0.06021,-4.48563 z"
             id="path413"
             style="font-size:61.6548px;font-family:Marcellus;-inkscape-font-specification:Marcellus;fill:#3a5416;fill-opacity:1;fill-rule:evenodd;stroke:none;stroke-width:2.53877;stroke-linejoin:bevel;stroke-opacity:1;paint-order:stroke fill markers"
             transform="rotate(-25.60554)"
             aria-label="T" /></g><g
           id="g415"
           style="fill:#3a5416;fill-opacity:1;stroke:none;stroke-opacity:1"
           transform="matrix(1.4113474,0,0,1.4113474,1438.9354,285.51925)"><path
             d="m 146.37399,116.87328 q 0.18063,-0.6322 0.33116,-1.56546 0.15052,-0.93325 0.27094,-2.31807 0.12042,-1.38483 0.18063,-3.28143 0.0602,-1.92672 0.0602,-4.48563 V 85.62441 q 0,-2.558915 -0.0602,-4.455523 -0.0602,-1.926712 -0.18063,-3.311537 -0.12042,-1.414929 -0.27094,-2.348181 -0.15053,-0.933251 -0.33116,-1.565454 v -0.120419 h 7.19507 v 0.120419 q -0.18063,0.632203 -0.36126,1.565454 -0.15052,0.933252 -0.27094,2.348181 -0.0903,1.384825 -0.18063,3.311537 -0.0602,1.896608 -0.0602,4.455523 v 19.59828 q 0,2.55891 0.0602,4.48563 0.0903,1.8966 0.18063,3.28143 0.12042,1.38482 0.27094,2.31807 0.18063,0.93326 0.36126,1.56546 v 0.12042 h -7.19507 z"
             id="path414"
             style="font-size:61.6548px;font-family:Marcellus;-inkscape-font-specification:Marcellus;fill:#3a5416;fill-opacity:1;fill-rule:evenodd;stroke:none;stroke-width:2.53877;stroke-linejoin:bevel;stroke-opacity:1;paint-order:stroke fill markers"
             transform="rotate(18.055612)"
             aria-label="I" /><path
             d="m 36.750166,145.69642 q -3.552376,0 -6.41234,0.33115 -2.859964,0.30105 -4.937201,0.66231 -2.408391,0.45157 -4.304998,0.99346 l 0.873041,-4.87699 q 0.361259,0.0301 1.083776,0.0602 0.722517,0.0301 1.595559,0.0602 0.903147,0.0301 1.866503,0.0602 0.993461,0 1.866503,0.0301 0.873041,0 1.535349,0.0301 0.692412,0 0.993461,0 h 17.189888 q 0.301049,0 0.963356,0 0.692412,-0.0301 1.565454,-0.0301 0.873042,-0.0301 1.836398,-0.0301 0.993461,-0.0301 1.866503,-0.0602 0.903146,-0.0301 1.625663,-0.0602 0.722518,-0.0301 1.083776,-0.0602 l 0.873042,4.87699 q -1.926713,-0.54189 -4.335103,-0.99346 -2.077237,-0.36126 -4.937201,-0.66231 -2.859964,-0.33115 -6.41234,-0.33115 v 28.75016 q 0,2.55892 0.06021,4.48563 0.09031,1.89661 0.18063,3.28143 0.120419,1.38483 0.270944,2.31808 0.180629,0.93325 0.361258,1.56545 v 0.12042 H 35.90723 v -0.12042 q 0.18063,-0.6322 0.331154,-1.56545 0.150524,-0.93325 0.270944,-2.31808 0.120419,-1.38482 0.180629,-3.28143 0.06021,-1.92671 0.06021,-4.48563 z"
             id="path415"
             style="font-size:61.6548px;font-family:Marcellus;-inkscape-font-specification:Marcellus;fill:#3a5416;fill-opacity:1;fill-rule:evenodd;stroke:none;stroke-width:2.53877;stroke-linejoin:bevel;stroke-opacity:1;paint-order:stroke fill markers"
             transform="rotate(-25.60554)"
             aria-label="T" /></g><g
           id="g417"
           style="fill:#3a5416;fill-opacity:1;stroke:none;stroke-opacity:1"
           transform="matrix(1.4113474,0,0,1.4113474,1507.5579,285.51925)"><path
             d="m 146.37399,116.87328 q 0.18063,-0.6322 0.33116,-1.56546 0.15052,-0.93325 0.27094,-2.31807 0.12042,-1.38483 0.18063,-3.28143 0.0602,-1.92672 0.0602,-4.48563 V 85.62441 q 0,-2.558915 -0.0602,-4.455523 -0.0602,-1.926712 -0.18063,-3.311537 -0.12042,-1.414929 -0.27094,-2.348181 -0.15053,-0.933251 -0.33116,-1.565454 v -0.120419 h 7.19507 v 0.120419 q -0.18063,0.632203 -0.36126,1.565454 -0.15052,0.933252 -0.27094,2.348181 -0.0903,1.384825 -0.18063,3.311537 -0.0602,1.896608 -0.0602,4.455523 v 19.59828 q 0,2.55891 0.0602,4.48563 0.0903,1.8966 0.18063,3.28143 0.12042,1.38482 0.27094,2.31807 0.18063,0.93326 0.36126,1.56546 v 0.12042 h -7.19507 z"
             id="path416"
             style="font-size:61.6548px;font-family:Marcellus;-inkscape-font-specification:Marcellus;fill:#3a5416;fill-opacity:1;fill-rule:evenodd;stroke:none;stroke-width:2.53877;stroke-linejoin:bevel;stroke-opacity:1;paint-order:stroke fill markers"
             transform="rotate(18.055612)"
             aria-label="I" /><path
             d="m 36.750166,145.69642 q -3.552376,0 -6.41234,0.33115 -2.859964,0.30105 -4.937201,0.66231 -2.408391,0.45157 -4.304998,0.99346 l 0.873041,-4.87699 q 0.361259,0.0301 1.083776,0.0602 0.722517,0.0301 1.595559,0.0602 0.903147,0.0301 1.866503,0.0602 0.993461,0 1.866503,0.0301 0.873041,0 1.535349,0.0301 0.692412,0 0.993461,0 h 17.189888 q 0.301049,0 0.963356,0 0.692412,-0.0301 1.565454,-0.0301 0.873042,-0.0301 1.836398,-0.0301 0.993461,-0.0301 1.866503,-0.0602 0.903146,-0.0301 1.625663,-0.0602 0.722518,-0.0301 1.083776,-0.0602 l 0.873042,4.87699 q -1.926713,-0.54189 -4.335103,-0.99346 -2.077237,-0.36126 -4.937201,-0.66231 -2.859964,-0.33115 -6.41234,-0.33115 v 28.75016 q 0,2.55892 0.06021,4.48563 0.09031,1.89661 0.18063,3.28143 0.120419,1.38483 0.270944,2.31808 0.180629,0.93325 0.361258,1.56545 v 0.12042 H 35.90723 v -0.12042 q 0.18063,-0.6322 0.331154,-1.56545 0.150524,-0.93325 0.270944,-2.31808 0.120419,-1.38482 0.180629,-3.28143 0.06021,-1.92671 0.06021,-4.48563 z"
             id="path417"
             style="font-size:61.6548px;font-family:Marcellus;-inkscape-font-specification:Marcellus;fill:#3a5416;fill-opacity:1;fill-rule:evenodd;stroke:none;stroke-width:2.53877;stroke-linejoin:bevel;stroke-opacity:1;paint-order:stroke fill markers"
             transform="rotate(-25.60554)"
             aria-label="T" /></g><g
           id="g419"
           style="fill:#3a5416;fill-opacity:1;stroke:none;stroke-opacity:1"
           transform="matrix(1.4113474,0,0,1.4113474,1439.751,362.08849)"><path
             d="m 146.37399,116.87328 q 0.18063,-0.6322 0.33116,-1.56546 0.15052,-0.93325 0.27094,-2.31807 0.12042,-1.38483 0.18063,-3.28143 0.0602,-1.92672 0.0602,-4.48563 V 85.62441 q 0,-2.558915 -0.0602,-4.455523 -0.0602,-1.926712 -0.18063,-3.311537 -0.12042,-1.414929 -0.27094,-2.348181 -0.15053,-0.933251 -0.33116,-1.565454 v -0.120419 h 7.19507 v 0.120419 q -0.18063,0.632203 -0.36126,1.565454 -0.15052,0.933252 -0.27094,2.348181 -0.0903,1.384825 -0.18063,3.311537 -0.0602,1.896608 -0.0602,4.455523 v 19.59828 q 0,2.55891 0.0602,4.48563 0.0903,1.8966 0.18063,3.28143 0.12042,1.38482 0.27094,2.31807 0.18063,0.93326 0.36126,1.56546 v 0.12042 h -7.19507 z"
             id="path418"
             style="font-size:61.6548px;font-family:Marcellus;-inkscape-font-specification:Marcellus;fill:#3a5416;fill-opacity:1;fill-rule:evenodd;stroke:none;stroke-width:2.53877;stroke-linejoin:bevel;stroke-opacity:1;paint-order:stroke fill markers"
             transform="rotate(18.055612)"
             aria-label="I" /><path
             d="m 36.750166,145.69642 q -3.552376,0 -6.41234,0.33115 -2.859964,0.30105 -4.937201,0.66231 -2.408391,0.45157 -4.304998,0.99346 l 0.873041,-4.87699 q 0.361259,0.0301 1.083776,0.0602 0.722517,0.0301 1.595559,0.0602 0.903147,0.0301 1.866503,0.0602 0.993461,0 1.866503,0.0301 0.873041,0 1.535349,0.0301 0.692412,0 0.993461,0 h 17.189888 q 0.301049,0 0.963356,0 0.692412,-0.0301 1.565454,-0.0301 0.873042,-0.0301 1.836398,-0.0301 0.993461,-0.0301 1.866503,-0.0602 0.903146,-0.0301 1.625663,-0.0602 0.722518,-0.0301 1.083776,-0.0602 l 0.873042,4.87699 q -1.926713,-0.54189 -4.335103,-0.99346 -2.077237,-0.36126 -4.937201,-0.66231 -2.859964,-0.33115 -6.41234,-0.33115 v 28.75016 q 0,2.55892 0.06021,4.48563 0.09031,1.89661 0.18063,3.28143 0.120419,1.38483 0.270944,2.31808 0.180629,0.93325 0.361258,1.56545 v 0.12042 H 35.90723 v -0.12042 q 0.18063,-0.6322 0.331154,-1.56545 0.150524,-0.93325 0.270944,-2.31808 0.120419,-1.38482 0.180629,-3.28143 0.06021,-1.92671 0.06021,-4.48563 z"
             id="path419"
             style="font-size:61.6548px;font-family:Marcellus;-inkscape-font-specification:Marcellus;fill:#3a5416;fill-opacity:1;fill-rule:evenodd;stroke:none;stroke-width:2.53877;stroke-linejoin:bevel;stroke-opacity:1;paint-order:stroke fill markers"
             transform="rotate(-25.60554)"
             aria-label="T" /></g><g
           id="g421"
           style="fill:#3a5416;fill-opacity:1;stroke:none;stroke-opacity:1"
           transform="matrix(1.4113474,0,0,1.4113474,1508.3735,362.08849)"><path
             d="m 146.37399,116.87328 q 0.18063,-0.6322 0.33116,-1.56546 0.15052,-0.93325 0.27094,-2.31807 0.12042,-1.38483 0.18063,-3.28143 0.0602,-1.92672 0.0602,-4.48563 V 85.62441 q 0,-2.558915 -0.0602,-4.455523 -0.0602,-1.926712 -0.18063,-3.311537 -0.12042,-1.414929 -0.27094,-2.348181 -0.15053,-0.933251 -0.33116,-1.565454 v -0.120419 h 7.19507 v 0.120419 q -0.18063,0.632203 -0.36126,1.565454 -0.15052,0.933252 -0.27094,2.348181 -0.0903,1.384825 -0.18063,3.311537 -0.0602,1.896608 -0.0602,4.455523 v 19.59828 q 0,2.55891 0.0602,4.48563 0.0903,1.8966 0.18063,3.28143 0.12042,1.38482 0.27094,2.31807 0.18063,0.93326 0.36126,1.56546 v 0.12042 h -7.19507 z"
             id="path420"
             style="font-size:61.6548px;font-family:Marcellus;-inkscape-font-specification:Marcellus;fill:#3a5416;fill-opacity:1;fill-rule:evenodd;stroke:none;stroke-width:2.53877;stroke-linejoin:bevel;stroke-opacity:1;paint-order:stroke fill markers"
             transform="rotate(18.055612)"
             aria-label="I" /><path
             d="m 36.750166,145.69642 q -3.552376,0 -6.41234,0.33115 -2.859964,0.30105 -4.937201,0.66231 -2.408391,0.45157 -4.304998,0.99346 l 0.873041,-4.87699 q 0.361259,0.0301 1.083776,0.0602 0.722517,0.0301 1.595559,0.0602 0.903147,0.0301 1.866503,0.0602 0.993461,0 1.866503,0.0301 0.873041,0 1.535349,0.0301 0.692412,0 0.993461,0 h 17.189888 q 0.301049,0 0.963356,0 0.692412,-0.0301 1.565454,-0.0301 0.873042,-0.0301 1.836398,-0.0301 0.993461,-0.0301 1.866503,-0.0602 0.903146,-0.0301 1.625663,-0.0602 0.722518,-0.0301 1.083776,-0.0602 l 0.873042,4.87699 q -1.926713,-0.54189 -4.335103,-0.99346 -2.077237,-0.36126 -4.937201,-0.66231 -2.859964,-0.33115 -6.41234,-0.33115 v 28.75016 q 0,2.55892 0.06021,4.48563 0.09031,1.89661 0.18063,3.28143 0.120419,1.38483 0.270944,2.31808 0.180629,0.93325 0.361258,1.56545 v 0.12042 H 35.90723 v -0.12042 q 0.18063,-0.6322 0.331154,-1.56545 0.150524,-0.93325 0.270944,-2.31808 0.120419,-1.38482 0.180629,-3.28143 0.06021,-1.92671 0.06021,-4.48563 z"
             id="path421"
             style="font-size:61.6548px;font-family:Marcellus;-inkscape-font-specification:Marcellus;fill:#3a5416;fill-opacity:1;fill-rule:evenodd;stroke:none;stroke-width:2.53877;stroke-linejoin:bevel;stroke-opacity:1;paint-order:stroke fill markers"
             transform="rotate(-25.60554)"
             aria-label="T" /></g><g
           id="g423"
           style="fill:#3a5416;fill-opacity:1;stroke:none;stroke-opacity:1"
           transform="matrix(1.4113474,0,0,1.4113474,1575.5713,285.51925)"><path
             d="m 146.37399,116.87328 q 0.18063,-0.6322 0.33116,-1.56546 0.15052,-0.93325 0.27094,-2.31807 0.12042,-1.38483 0.18063,-3.28143 0.0602,-1.92672 0.0602,-4.48563 V 85.62441 q 0,-2.558915 -0.0602,-4.455523 -0.0602,-1.926712 -0.18063,-3.311537 -0.12042,-1.414929 -0.27094,-2.348181 -0.15053,-0.933251 -0.33116,-1.565454 v -0.120419 h 7.19507 v 0.120419 q -0.18063,0.632203 -0.36126,1.565454 -0.15052,0.933252 -0.27094,2.348181 -0.0903,1.384825 -0.18063,3.311537 -0.0602,1.896608 -0.0602,4.455523 v 19.59828 q 0,2.55891 0.0602,4.48563 0.0903,1.8966 0.18063,3.28143 0.12042,1.38482 0.27094,2.31807 0.18063,0.93326 0.36126,1.56546 v 0.12042 h -7.19507 z"
             id="path422"
             style="font-size:61.6548px;font-family:Marcellus;-inkscape-font-specification:Marcellus;fill:#3a5416;fill-opacity:1;fill-rule:evenodd;stroke:none;stroke-width:2.53877;stroke-linejoin:bevel;stroke-opacity:1;paint-order:stroke fill markers"
             transform="rotate(18.055612)"
             aria-label="I" /><path
             d="m 36.750166,145.69642 q -3.552376,0 -6.41234,0.33115 -2.859964,0.30105 -4.937201,0.66231 -2.408391,0.45157 -4.304998,0.99346 l 0.873041,-4.87699 q 0.361259,0.0301 1.083776,0.0602 0.722517,0.0301 1.595559,0.0602 0.903147,0.0301 1.866503,0.0602 0.993461,0 1.866503,0.0301 0.873041,0 1.535349,0.0301 0.692412,0 0.993461,0 h 17.189888 q 0.301049,0 0.963356,0 0.692412,-0.0301 1.565454,-0.0301 0.873042,-0.0301 1.836398,-0.0301 0.993461,-0.0301 1.866503,-0.0602 0.903146,-0.0301 1.625663,-0.0602 0.722518,-0.0301 1.083776,-0.0602 l 0.873042,4.87699 q -1.926713,-0.54189 -4.335103,-0.99346 -2.077237,-0.36126 -4.937201,-0.66231 -2.859964,-0.33115 -6.41234,-0.33115 v 28.75016 q 0,2.55892 0.06021,4.48563 0.09031,1.89661 0.18063,3.28143 0.120419,1.38483 0.270944,2.31808 0.180629,0.93325 0.361258,1.56545 v 0.12042 H 35.90723 v -0.12042 q 0.18063,-0.6322 0.331154,-1.56545 0.150524,-0.93325 0.270944,-2.31808 0.120419,-1.38482 0.180629,-3.28143 0.06021,-1.92671 0.06021,-4.48563 z"
             id="path423"
             style="font-size:61.6548px;font-family:Marcellus;-inkscape-font-specification:Marcellus;fill:#3a5416;fill-opacity:1;fill-rule:evenodd;stroke:none;stroke-width:2.53877;stroke-linejoin:bevel;stroke-opacity:1;paint-order:stroke fill markers"
             transform="rotate(-25.60554)"
             aria-label="T" /></g><g
           id="g425"
           style="fill:#3a5416;fill-opacity:1;stroke:none;stroke-opacity:1"
           transform="matrix(1.4113474,0,0,1.4113474,1644.1938,285.51925)"><path
             d="m 146.37399,116.87328 q 0.18063,-0.6322 0.33116,-1.56546 0.15052,-0.93325 0.27094,-2.31807 0.12042,-1.38483 0.18063,-3.28143 0.0602,-1.92672 0.0602,-4.48563 V 85.62441 q 0,-2.558915 -0.0602,-4.455523 -0.0602,-1.926712 -0.18063,-3.311537 -0.12042,-1.414929 -0.27094,-2.348181 -0.15053,-0.933251 -0.33116,-1.565454 v -0.120419 h 7.19507 v 0.120419 q -0.18063,0.632203 -0.36126,1.565454 -0.15052,0.933252 -0.27094,2.348181 -0.0903,1.384825 -0.18063,3.311537 -0.0602,1.896608 -0.0602,4.455523 v 19.59828 q 0,2.55891 0.0602,4.48563 0.0903,1.8966 0.18063,3.28143 0.12042,1.38482 0.27094,2.31807 0.18063,0.93326 0.36126,1.56546 v 0.12042 h -7.19507 z"
             id="path424"
             style="font-size:61.6548px;font-family:Marcellus;-inkscape-font-specification:Marcellus;fill:#3a5416;fill-opacity:1;fill-rule:evenodd;stroke:none;stroke-width:2.53877;stroke-linejoin:bevel;stroke-opacity:1;paint-order:stroke fill markers"
             transform="rotate(18.055612)"
             aria-label="I" /><path
             d="m 36.750166,145.69642 q -3.552376,0 -6.41234,0.33115 -2.859964,0.30105 -4.937201,0.66231 -2.408391,0.45157 -4.304998,0.99346 l 0.873041,-4.87699 q 0.361259,0.0301 1.083776,0.0602 0.722517,0.0301 1.595559,0.0602 0.903147,0.0301 1.866503,0.0602 0.993461,0 1.866503,0.0301 0.873041,0 1.535349,0.0301 0.692412,0 0.993461,0 h 17.189888 q 0.301049,0 0.963356,0 0.692412,-0.0301 1.565454,-0.0301 0.873042,-0.0301 1.836398,-0.0301 0.993461,-0.0301 1.866503,-0.0602 0.903146,-0.0301 1.625663,-0.0602 0.722518,-0.0301 1.083776,-0.0602 l 0.873042,4.87699 q -1.926713,-0.54189 -4.335103,-0.99346 -2.077237,-0.36126 -4.937201,-0.66231 -2.859964,-0.33115 -6.41234,-0.33115 v 28.75016 q 0,2.55892 0.06021,4.48563 0.09031,1.89661 0.18063,3.28143 0.120419,1.38483 0.270944,2.31808 0.180629,0.93325 0.361258,1.56545 v 0.12042 H 35.90723 v -0.12042 q 0.18063,-0.6322 0.331154,-1.56545 0.150524,-0.93325 0.270944,-2.31808 0.120419,-1.38482 0.180629,-3.28143 0.06021,-1.92671 0.06021,-4.48563 z"
             id="path425"
             style="font-size:61.6548px;font-family:Marcellus;-inkscape-font-specification:Marcellus;fill:#3a5416;fill-opacity:1;fill-rule:evenodd;stroke:none;stroke-width:2.53877;stroke-linejoin:bevel;stroke-opacity:1;paint-order:stroke fill markers"
             transform="rotate(-25.60554)"
             aria-label="T" /></g><g
           id="g427"
           style="fill:#3a5416;fill-opacity:1;stroke:none;stroke-opacity:1"
           transform="matrix(1.4113474,0,0,1.4113474,1576.3869,362.08849)"><path
             d="m 146.37399,116.87328 q 0.18063,-0.6322 0.33116,-1.56546 0.15052,-0.93325 0.27094,-2.31807 0.12042,-1.38483 0.18063,-3.28143 0.0602,-1.92672 0.0602,-4.48563 V 85.62441 q 0,-2.558915 -0.0602,-4.455523 -0.0602,-1.926712 -0.18063,-3.311537 -0.12042,-1.414929 -0.27094,-2.348181 -0.15053,-0.933251 -0.33116,-1.565454 v -0.120419 h 7.19507 v 0.120419 q -0.18063,0.632203 -0.36126,1.565454 -0.15052,0.933252 -0.27094,2.348181 -0.0903,1.384825 -0.18063,3.311537 -0.0602,1.896608 -0.0602,4.455523 v 19.59828 q 0,2.55891 0.0602,4.48563 0.0903,1.8966 0.18063,3.28143 0.12042,1.38482 0.27094,2.31807 0.18063,0.93326 0.36126,1.56546 v 0.12042 h -7.19507 z"
             id="path426"
             style="font-size:61.6548px;font-family:Marcellus;-inkscape-font-specification:Marcellus;fill:#3a5416;fill-opacity:1;fill-rule:evenodd;stroke:none;stroke-width:2.53877;stroke-linejoin:bevel;stroke-opacity:1;paint-order:stroke fill markers"
             transform="rotate(18.055612)"
             aria-label="I" /><path
             d="m 36.750166,145.69642 q -3.552376,0 -6.41234,0.33115 -2.859964,0.30105 -4.937201,0.66231 -2.408391,0.45157 -4.304998,0.99346 l 0.873041,-4.87699 q 0.361259,0.0301 1.083776,0.0602 0.722517,0.0301 1.595559,0.0602 0.903147,0.0301 1.866503,0.0602 0.993461,0 1.866503,0.0301 0.873041,0 1.535349,0.0301 0.692412,0 0.993461,0 h 17.189888 q 0.301049,0 0.963356,0 0.692412,-0.0301 1.565454,-0.0301 0.873042,-0.0301 1.836398,-0.0301 0.993461,-0.0301 1.866503,-0.0602 0.903146,-0.0301 1.625663,-0.0602 0.722518,-0.0301 1.083776,-0.0602 l 0.873042,4.87699 q -1.926713,-0.54189 -4.335103,-0.99346 -2.077237,-0.36126 -4.937201,-0.66231 -2.859964,-0.33115 -6.41234,-0.33115 v 28.75016 q 0,2.55892 0.06021,4.48563 0.09031,1.89661 0.18063,3.28143 0.120419,1.38483 0.270944,2.31808 0.180629,0.93325 0.361258,1.56545 v 0.12042 H 35.90723 v -0.12042 q 0.18063,-0.6322 0.331154,-1.56545 0.150524,-0.93325 0.270944,-2.31808 0.120419,-1.38482 0.180629,-3.28143 0.06021,-1.92671 0.06021,-4.48563 z"
             id="path427"
             style="font-size:61.6548px;font-family:Marcellus;-inkscape-font-specification:Marcellus;fill:#3a5416;fill-opacity:1;fill-rule:evenodd;stroke:none;stroke-width:2.53877;stroke-linejoin:bevel;stroke-opacity:1;paint-order:stroke fill markers"
             transform="rotate(-25.60554)"
             aria-label="T" /></g><g
           id="g429"
           style="fill:#3a5416;fill-opacity:1;stroke:none;stroke-opacity:1"
           transform="matrix(1.4113474,0,0,1.4113474,1645.0094,362.08849)"><path
             d="m 146.37399,116.87328 q 0.18063,-0.6322 0.33116,-1.56546 0.15052,-0.93325 0.27094,-2.31807 0.12042,-1.38483 0.18063,-3.28143 0.0602,-1.92672 0.0602,-4.48563 V 85.62441 q 0,-2.558915 -0.0602,-4.455523 -0.0602,-1.926712 -0.18063,-3.311537 -0.12042,-1.414929 -0.27094,-2.348181 -0.15053,-0.933251 -0.33116,-1.565454 v -0.120419 h 7.19507 v 0.120419 q -0.18063,0.632203 -0.36126,1.565454 -0.15052,0.933252 -0.27094,2.348181 -0.0903,1.384825 -0.18063,3.311537 -0.0602,1.896608 -0.0602,4.455523 v 19.59828 q 0,2.55891 0.0602,4.48563 0.0903,1.8966 0.18063,3.28143 0.12042,1.38482 0.27094,2.31807 0.18063,0.93326 0.36126,1.56546 v 0.12042 h -7.19507 z"
             id="path428"
             style="font-size:61.6548px;font-family:Marcellus;-inkscape-font-specification:Marcellus;fill:#3a5416;fill-opacity:1;fill-rule:evenodd;stroke:none;stroke-width:2.53877;stroke-linejoin:bevel;stroke-opacity:1;paint-order:stroke fill markers"
             transform="rotate(18.055612)"
             aria-label="I" /><path
             d="m 36.750166,145.69642 q -3.552376,0 -6.41234,0.33115 -2.859964,0.30105 -4.937201,0.66231 -2.408391,0.45157 -4.304998,0.99346 l 0.873041,-4.87699 q 0.361259,0.0301 1.083776,0.0602 0.722517,0.0301 1.595559,0.0602 0.903147,0.0301 1.866503,0.0602 0.993461,0 1.866503,0.0301 0.873041,0 1.535349,0.0301 0.692412,0 0.993461,0 h 17.189888 q 0.301049,0 0.963356,0 0.692412,-0.0301 1.565454,-0.0301 0.873042,-0.0301 1.836398,-0.0301 0.993461,-0.0301 1.866503,-0.0602 0.903146,-0.0301 1.625663,-0.0602 0.722518,-0.0301 1.083776,-0.0602 l 0.873042,4.87699 q -1.926713,-0.54189 -4.335103,-0.99346 -2.077237,-0.36126 -4.937201,-0.66231 -2.859964,-0.33115 -6.41234,-0.33115 v 28.75016 q 0,2.55892 0.06021,4.48563 0.09031,1.89661 0.18063,3.28143 0.120419,1.38483 0.270944,2.31808 0.180629,0.93325 0.361258,1.56545 v 0.12042 H 35.90723 v -0.12042 q 0.18063,-0.6322 0.331154,-1.56545 0.150524,-0.93325 0.270944,-2.31808 0.120419,-1.38482 0.180629,-3.28143 0.06021,-1.92671 0.06021,-4.48563 z"
             id="path429"
             style="font-size:61.6548px;font-family:Marcellus;-inkscape-font-specification:Marcellus;fill:#3a5416;fill-opacity:1;fill-rule:evenodd;stroke:none;stroke-width:2.53877;stroke-linejoin:bevel;stroke-opacity:1;paint-order:stroke fill markers"
             transform="rotate(-25.60554)"
             aria-label="T" /></g><g
           id="g431"
           style="fill:#3a5416;fill-opacity:1;stroke:none;stroke-opacity:1"
           transform="matrix(1.4113474,0,0,1.4113474,1575.5713,285.51925)"><path
             d="m 146.37399,116.87328 q 0.18063,-0.6322 0.33116,-1.56546 0.15052,-0.93325 0.27094,-2.31807 0.12042,-1.38483 0.18063,-3.28143 0.0602,-1.92672 0.0602,-4.48563 V 85.62441 q 0,-2.558915 -0.0602,-4.455523 -0.0602,-1.926712 -0.18063,-3.311537 -0.12042,-1.414929 -0.27094,-2.348181 -0.15053,-0.933251 -0.33116,-1.565454 v -0.120419 h 7.19507 v 0.120419 q -0.18063,0.632203 -0.36126,1.565454 -0.15052,0.933252 -0.27094,2.348181 -0.0903,1.384825 -0.18063,3.311537 -0.0602,1.896608 -0.0602,4.455523 v 19.59828 q 0,2.55891 0.0602,4.48563 0.0903,1.8966 0.18063,3.28143 0.12042,1.38482 0.27094,2.31807 0.18063,0.93326 0.36126,1.56546 v 0.12042 h -7.19507 z"
             id="path430"
             style="font-size:61.6548px;font-family:Marcellus;-inkscape-font-specification:Marcellus;fill:#3a5416;fill-opacity:1;fill-rule:evenodd;stroke:none;stroke-width:2.53877;stroke-linejoin:bevel;stroke-opacity:1;paint-order:stroke fill markers"
             transform="rotate(18.055612)"
             aria-label="I" /><path
             d="m 36.750166,145.69642 q -3.552376,0 -6.41234,0.33115 -2.859964,0.30105 -4.937201,0.66231 -2.408391,0.45157 -4.304998,0.99346 l 0.873041,-4.87699 q 0.361259,0.0301 1.083776,0.0602 0.722517,0.0301 1.595559,0.0602 0.903147,0.0301 1.866503,0.0602 0.993461,0 1.866503,0.0301 0.873041,0 1.535349,0.0301 0.692412,0 0.993461,0 h 17.189888 q 0.301049,0 0.963356,0 0.692412,-0.0301 1.565454,-0.0301 0.873042,-0.0301 1.836398,-0.0301 0.993461,-0.0301 1.866503,-0.0602 0.903146,-0.0301 1.625663,-0.0602 0.722518,-0.0301 1.083776,-0.0602 l 0.873042,4.87699 q -1.926713,-0.54189 -4.335103,-0.99346 -2.077237,-0.36126 -4.937201,-0.66231 -2.859964,-0.33115 -6.41234,-0.33115 v 28.75016 q 0,2.55892 0.06021,4.48563 0.09031,1.89661 0.18063,3.28143 0.120419,1.38483 0.270944,2.31808 0.180629,0.93325 0.361258,1.56545 v 0.12042 H 35.90723 v -0.12042 q 0.18063,-0.6322 0.331154,-1.56545 0.150524,-0.93325 0.270944,-2.31808 0.120419,-1.38482 0.180629,-3.28143 0.06021,-1.92671 0.06021,-4.48563 z"
             id="path431"
             style="font-size:61.6548px;font-family:Marcellus;-inkscape-font-specification:Marcellus;fill:#3a5416;fill-opacity:1;fill-rule:evenodd;stroke:none;stroke-width:2.53877;stroke-linejoin:bevel;stroke-opacity:1;paint-order:stroke fill markers"
             transform="rotate(-25.60554)"
             aria-label="T" /></g><g
           id="g433"
           style="fill:#3a5416;fill-opacity:1;stroke:none;stroke-opacity:1"
           transform="matrix(1.4113474,0,0,1.4113474,1644.1938,285.51925)"><path
             d="m 146.37399,116.87328 q 0.18063,-0.6322 0.33116,-1.56546 0.15052,-0.93325 0.27094,-2.31807 0.12042,-1.38483 0.18063,-3.28143 0.0602,-1.92672 0.0602,-4.48563 V 85.62441 q 0,-2.558915 -0.0602,-4.455523 -0.0602,-1.926712 -0.18063,-3.311537 -0.12042,-1.414929 -0.27094,-2.348181 -0.15053,-0.933251 -0.33116,-1.565454 v -0.120419 h 7.19507 v 0.120419 q -0.18063,0.632203 -0.36126,1.565454 -0.15052,0.933252 -0.27094,2.348181 -0.0903,1.384825 -0.18063,3.311537 -0.0602,1.896608 -0.0602,4.455523 v 19.59828 q 0,2.55891 0.0602,4.48563 0.0903,1.8966 0.18063,3.28143 0.12042,1.38482 0.27094,2.31807 0.18063,0.93326 0.36126,1.56546 v 0.12042 h -7.19507 z"
             id="path432"
             style="font-size:61.6548px;font-family:Marcellus;-inkscape-font-specification:Marcellus;fill:#3a5416;fill-opacity:1;fill-rule:evenodd;stroke:none;stroke-width:2.53877;stroke-linejoin:bevel;stroke-opacity:1;paint-order:stroke fill markers"
             transform="rotate(18.055612)"
             aria-label="I" /><path
             d="m 36.750166,145.69642 q -3.552376,0 -6.41234,0.33115 -2.859964,0.30105 -4.937201,0.66231 -2.408391,0.45157 -4.304998,0.99346 l 0.873041,-4.87699 q 0.361259,0.0301 1.083776,0.0602 0.722517,0.0301 1.595559,0.0602 0.903147,0.0301 1.866503,0.0602 0.993461,0 1.866503,0.0301 0.873041,0 1.535349,0.0301 0.692412,0 0.993461,0 h 17.189888 q 0.301049,0 0.963356,0 0.692412,-0.0301 1.565454,-0.0301 0.873042,-0.0301 1.836398,-0.0301 0.993461,-0.0301 1.866503,-0.0602 0.903146,-0.0301 1.625663,-0.0602 0.722518,-0.0301 1.083776,-0.0602 l 0.873042,4.87699 q -1.926713,-0.54189 -4.335103,-0.99346 -2.077237,-0.36126 -4.937201,-0.66231 -2.859964,-0.33115 -6.41234,-0.33115 v 28.75016 q 0,2.55892 0.06021,4.48563 0.09031,1.89661 0.18063,3.28143 0.120419,1.38483 0.270944,2.31808 0.180629,0.93325 0.361258,1.56545 v 0.12042 H 35.90723 v -0.12042 q 0.18063,-0.6322 0.331154,-1.56545 0.150524,-0.93325 0.270944,-2.31808 0.120419,-1.38482 0.180629,-3.28143 0.06021,-1.92671 0.06021,-4.48563 z"
             id="path433"
             style="font-size:61.6548px;font-family:Marcellus;-inkscape-font-specification:Marcellus;fill:#3a5416;fill-opacity:1;fill-rule:evenodd;stroke:none;stroke-width:2.53877;stroke-linejoin:bevel;stroke-opacity:1;paint-order:stroke fill markers"
             transform="rotate(-25.60554)"
             aria-label="T" /></g><g
           id="g435"
           style="fill:#3a5416;fill-opacity:1;stroke:none;stroke-opacity:1"
           transform="matrix(1.4113474,0,0,1.4113474,1576.3869,362.08849)"><path
             d="m 146.37399,116.87328 q 0.18063,-0.6322 0.33116,-1.56546 0.15052,-0.93325 0.27094,-2.31807 0.12042,-1.38483 0.18063,-3.28143 0.0602,-1.92672 0.0602,-4.48563 V 85.62441 q 0,-2.558915 -0.0602,-4.455523 -0.0602,-1.926712 -0.18063,-3.311537 -0.12042,-1.414929 -0.27094,-2.348181 -0.15053,-0.933251 -0.33116,-1.565454 v -0.120419 h 7.19507 v 0.120419 q -0.18063,0.632203 -0.36126,1.565454 -0.15052,0.933252 -0.27094,2.348181 -0.0903,1.384825 -0.18063,3.311537 -0.0602,1.896608 -0.0602,4.455523 v 19.59828 q 0,2.55891 0.0602,4.48563 0.0903,1.8966 0.18063,3.28143 0.12042,1.38482 0.27094,2.31807 0.18063,0.93326 0.36126,1.56546 v 0.12042 h -7.19507 z"
             id="path434"
             style="font-size:61.6548px;font-family:Marcellus;-inkscape-font-specification:Marcellus;fill:#3a5416;fill-opacity:1;fill-rule:evenodd;stroke:none;stroke-width:2.53877;stroke-linejoin:bevel;stroke-opacity:1;paint-order:stroke fill markers"
             transform="rotate(18.055612)"
             aria-label="I" /><path
             d="m 36.750166,145.69642 q -3.552376,0 -6.41234,0.33115 -2.859964,0.30105 -4.937201,0.66231 -2.408391,0.45157 -4.304998,0.99346 l 0.873041,-4.87699 q 0.361259,0.0301 1.083776,0.0602 0.722517,0.0301 1.595559,0.0602 0.903147,0.0301 1.866503,0.0602 0.993461,0 1.866503,0.0301 0.873041,0 1.535349,0.0301 0.692412,0 0.993461,0 h 17.189888 q 0.301049,0 0.963356,0 0.692412,-0.0301 1.565454,-0.0301 0.873042,-0.0301 1.836398,-0.0301 0.993461,-0.0301 1.866503,-0.0602 0.903146,-0.0301 1.625663,-0.0602 0.722518,-0.0301 1.083776,-0.0602 l 0.873042,4.87699 q -1.926713,-0.54189 -4.335103,-0.99346 -2.077237,-0.36126 -4.937201,-0.66231 -2.859964,-0.33115 -6.41234,-0.33115 v 28.75016 q 0,2.55892 0.06021,4.48563 0.09031,1.89661 0.18063,3.28143 0.120419,1.38483 0.270944,2.31808 0.180629,0.93325 0.361258,1.56545 v 0.12042 H 35.90723 v -0.12042 q 0.18063,-0.6322 0.331154,-1.56545 0.150524,-0.93325 0.270944,-2.31808 0.120419,-1.38482 0.180629,-3.28143 0.06021,-1.92671 0.06021,-4.48563 z"
             id="path435"
             style="font-size:61.6548px;font-family:Marcellus;-inkscape-font-specification:Marcellus;fill:#3a5416;fill-opacity:1;fill-rule:evenodd;stroke:none;stroke-width:2.53877;stroke-linejoin:bevel;stroke-opacity:1;paint-order:stroke fill markers"
             transform="rotate(-25.60554)"
             aria-label="T" /></g><g
           id="g437"
           style="fill:#3a5416;fill-opacity:1;stroke:none;stroke-opacity:1"
           transform="matrix(1.4113474,0,0,1.4113474,1645.0094,362.08849)"><path
             d="m 146.37399,116.87328 q 0.18063,-0.6322 0.33116,-1.56546 0.15052,-0.93325 0.27094,-2.31807 0.12042,-1.38483 0.18063,-3.28143 0.0602,-1.92672 0.0602,-4.48563 V 85.62441 q 0,-2.558915 -0.0602,-4.455523 -0.0602,-1.926712 -0.18063,-3.311537 -0.12042,-1.414929 -0.27094,-2.348181 -0.15053,-0.933251 -0.33116,-1.565454 v -0.120419 h 7.19507 v 0.120419 q -0.18063,0.632203 -0.36126,1.565454 -0.15052,0.933252 -0.27094,2.348181 -0.0903,1.384825 -0.18063,3.311537 -0.0602,1.896608 -0.0602,4.455523 v 19.59828 q 0,2.55891 0.0602,4.48563 0.0903,1.8966 0.18063,3.28143 0.12042,1.38482 0.27094,2.31807 0.18063,0.93326 0.36126,1.56546 v 0.12042 h -7.19507 z"
             id="path436"
             style="font-size:61.6548px;font-family:Marcellus;-inkscape-font-specification:Marcellus;fill:#3a5416;fill-opacity:1;fill-rule:evenodd;stroke:none;stroke-width:2.53877;stroke-linejoin:bevel;stroke-opacity:1;paint-order:stroke fill markers"
             transform="rotate(18.055612)"
             aria-label="I" /><path
             d="m 36.750166,145.69642 q -3.552376,0 -6.41234,0.33115 -2.859964,0.30105 -4.937201,0.66231 -2.408391,0.45157 -4.304998,0.99346 l 0.873041,-4.87699 q 0.361259,0.0301 1.083776,0.0602 0.722517,0.0301 1.595559,0.0602 0.903147,0.0301 1.866503,0.0602 0.993461,0 1.866503,0.0301 0.873041,0 1.535349,0.0301 0.692412,0 0.993461,0 h 17.189888 q 0.301049,0 0.963356,0 0.692412,-0.0301 1.565454,-0.0301 0.873042,-0.0301 1.836398,-0.0301 0.993461,-0.0301 1.866503,-0.0602 0.903146,-0.0301 1.625663,-0.0602 0.722518,-0.0301 1.083776,-0.0602 l 0.873042,4.87699 q -1.926713,-0.54189 -4.335103,-0.99346 -2.077237,-0.36126 -4.937201,-0.66231 -2.859964,-0.33115 -6.41234,-0.33115 v 28.75016 q 0,2.55892 0.06021,4.48563 0.09031,1.89661 0.18063,3.28143 0.120419,1.38483 0.270944,2.31808 0.180629,0.93325 0.361258,1.56545 v 0.12042 H 35.90723 v -0.12042 q 0.18063,-0.6322 0.331154,-1.56545 0.150524,-0.93325 0.270944,-2.31808 0.120419,-1.38482 0.180629,-3.28143 0.06021,-1.92671 0.06021,-4.48563 z"
             id="path437"
             style="font-size:61.6548px;font-family:Marcellus;-inkscape-font-specification:Marcellus;fill:#3a5416;fill-opacity:1;fill-rule:evenodd;stroke:none;stroke-width:2.53877;stroke-linejoin:bevel;stroke-opacity:1;paint-order:stroke fill markers"
             transform="rotate(-25.60554)"
             aria-label="T" /></g><g
           id="g439"
           style="fill:#3a5416;fill-opacity:1;stroke:none;stroke-opacity:1"
           transform="matrix(1.4113474,0,0,1.4113474,1438.9354,285.51925)"><path
             d="m 146.37399,116.87328 q 0.18063,-0.6322 0.33116,-1.56546 0.15052,-0.93325 0.27094,-2.31807 0.12042,-1.38483 0.18063,-3.28143 0.0602,-1.92672 0.0602,-4.48563 V 85.62441 q 0,-2.558915 -0.0602,-4.455523 -0.0602,-1.926712 -0.18063,-3.311537 -0.12042,-1.414929 -0.27094,-2.348181 -0.15053,-0.933251 -0.33116,-1.565454 v -0.120419 h 7.19507 v 0.120419 q -0.18063,0.632203 -0.36126,1.565454 -0.15052,0.933252 -0.27094,2.348181 -0.0903,1.384825 -0.18063,3.311537 -0.0602,1.896608 -0.0602,4.455523 v 19.59828 q 0,2.55891 0.0602,4.48563 0.0903,1.8966 0.18063,3.28143 0.12042,1.38482 0.27094,2.31807 0.18063,0.93326 0.36126,1.56546 v 0.12042 h -7.19507 z"
             id="path438"
             style="font-size:61.6548px;font-family:Marcellus;-inkscape-font-specification:Marcellus;fill:#3a5416;fill-opacity:1;fill-rule:evenodd;stroke:none;stroke-width:2.53877;stroke-linejoin:bevel;stroke-opacity:1;paint-order:stroke fill markers"
             transform="rotate(18.055612)"
             aria-label="I" /><path
             d="m 36.750166,145.69642 q -3.552376,0 -6.41234,0.33115 -2.859964,0.30105 -4.937201,0.66231 -2.408391,0.45157 -4.304998,0.99346 l 0.873041,-4.87699 q 0.361259,0.0301 1.083776,0.0602 0.722517,0.0301 1.595559,0.0602 0.903147,0.0301 1.866503,0.0602 0.993461,0 1.866503,0.0301 0.873041,0 1.535349,0.0301 0.692412,0 0.993461,0 h 17.189888 q 0.301049,0 0.963356,0 0.692412,-0.0301 1.565454,-0.0301 0.873042,-0.0301 1.836398,-0.0301 0.993461,-0.0301 1.866503,-0.0602 0.903146,-0.0301 1.625663,-0.0602 0.722518,-0.0301 1.083776,-0.0602 l 0.873042,4.87699 q -1.926713,-0.54189 -4.335103,-0.99346 -2.077237,-0.36126 -4.937201,-0.66231 -2.859964,-0.33115 -6.41234,-0.33115 v 28.75016 q 0,2.55892 0.06021,4.48563 0.09031,1.89661 0.18063,3.28143 0.120419,1.38483 0.270944,2.31808 0.180629,0.93325 0.361258,1.56545 v 0.12042 H 35.90723 v -0.12042 q 0.18063,-0.6322 0.331154,-1.56545 0.150524,-0.93325 0.270944,-2.31808 0.120419,-1.38482 0.180629,-3.28143 0.06021,-1.92671 0.06021,-4.48563 z"
             id="path439"
             style="font-size:61.6548px;font-family:Marcellus;-inkscape-font-specification:Marcellus;fill:#3a5416;fill-opacity:1;fill-rule:evenodd;stroke:none;stroke-width:2.53877;stroke-linejoin:bevel;stroke-opacity:1;paint-order:stroke fill markers"
             transform="rotate(-25.60554)"
             aria-label="T" /></g><g
           id="g441"
           style="fill:#3a5416;fill-opacity:1;stroke:none;stroke-opacity:1"
           transform="matrix(1.4113474,0,0,1.4113474,1507.5579,285.51925)"><path
             d="m 146.37399,116.87328 q 0.18063,-0.6322 0.33116,-1.56546 0.15052,-0.93325 0.27094,-2.31807 0.12042,-1.38483 0.18063,-3.28143 0.0602,-1.92672 0.0602,-4.48563 V 85.62441 q 0,-2.558915 -0.0602,-4.455523 -0.0602,-1.926712 -0.18063,-3.311537 -0.12042,-1.414929 -0.27094,-2.348181 -0.15053,-0.933251 -0.33116,-1.565454 v -0.120419 h 7.19507 v 0.120419 q -0.18063,0.632203 -0.36126,1.565454 -0.15052,0.933252 -0.27094,2.348181 -0.0903,1.384825 -0.18063,3.311537 -0.0602,1.896608 -0.0602,4.455523 v 19.59828 q 0,2.55891 0.0602,4.48563 0.0903,1.8966 0.18063,3.28143 0.12042,1.38482 0.27094,2.31807 0.18063,0.93326 0.36126,1.56546 v 0.12042 h -7.19507 z"
             id="path440"
             style="font-size:61.6548px;font-family:Marcellus;-inkscape-font-specification:Marcellus;fill:#3a5416;fill-opacity:1;fill-rule:evenodd;stroke:none;stroke-width:2.53877;stroke-linejoin:bevel;stroke-opacity:1;paint-order:stroke fill markers"
             transform="rotate(18.055612)"
             aria-label="I" /><path
             d="m 36.750166,145.69642 q -3.552376,0 -6.41234,0.33115 -2.859964,0.30105 -4.937201,0.66231 -2.408391,0.45157 -4.304998,0.99346 l 0.873041,-4.87699 q 0.361259,0.0301 1.083776,0.0602 0.722517,0.0301 1.595559,0.0602 0.903147,0.0301 1.866503,0.0602 0.993461,0 1.866503,0.0301 0.873041,0 1.535349,0.0301 0.692412,0 0.993461,0 h 17.189888 q 0.301049,0 0.963356,0 0.692412,-0.0301 1.565454,-0.0301 0.873042,-0.0301 1.836398,-0.0301 0.993461,-0.0301 1.866503,-0.0602 0.903146,-0.0301 1.625663,-0.0602 0.722518,-0.0301 1.083776,-0.0602 l 0.873042,4.87699 q -1.926713,-0.54189 -4.335103,-0.99346 -2.077237,-0.36126 -4.937201,-0.66231 -2.859964,-0.33115 -6.41234,-0.33115 v 28.75016 q 0,2.55892 0.06021,4.48563 0.09031,1.89661 0.18063,3.28143 0.120419,1.38483 0.270944,2.31808 0.180629,0.93325 0.361258,1.56545 v 0.12042 H 35.90723 v -0.12042 q 0.18063,-0.6322 0.331154,-1.56545 0.150524,-0.93325 0.270944,-2.31808 0.120419,-1.38482 0.180629,-3.28143 0.06021,-1.92671 0.06021,-4.48563 z"
             id="path441"
             style="font-size:61.6548px;font-family:Marcellus;-inkscape-font-specification:Marcellus;fill:#3a5416;fill-opacity:1;fill-rule:evenodd;stroke:none;stroke-width:2.53877;stroke-linejoin:bevel;stroke-opacity:1;paint-order:stroke fill markers"
             transform="rotate(-25.60554)"
             aria-label="T" /></g><g
           id="g443"
           style="fill:#3a5416;fill-opacity:1;stroke:none;stroke-opacity:1"
           transform="matrix(1.4113474,0,0,1.4113474,1439.751,362.08849)"><path
             d="m 146.37399,116.87328 q 0.18063,-0.6322 0.33116,-1.56546 0.15052,-0.93325 0.27094,-2.31807 0.12042,-1.38483 0.18063,-3.28143 0.0602,-1.92672 0.0602,-4.48563 V 85.62441 q 0,-2.558915 -0.0602,-4.455523 -0.0602,-1.926712 -0.18063,-3.311537 -0.12042,-1.414929 -0.27094,-2.348181 -0.15053,-0.933251 -0.33116,-1.565454 v -0.120419 h 7.19507 v 0.120419 q -0.18063,0.632203 -0.36126,1.565454 -0.15052,0.933252 -0.27094,2.348181 -0.0903,1.384825 -0.18063,3.311537 -0.0602,1.896608 -0.0602,4.455523 v 19.59828 q 0,2.55891 0.0602,4.48563 0.0903,1.8966 0.18063,3.28143 0.12042,1.38482 0.27094,2.31807 0.18063,0.93326 0.36126,1.56546 v 0.12042 h -7.19507 z"
             id="path442"
             style="font-size:61.6548px;font-family:Marcellus;-inkscape-font-specification:Marcellus;fill:#3a5416;fill-opacity:1;fill-rule:evenodd;stroke:none;stroke-width:2.53877;stroke-linejoin:bevel;stroke-opacity:1;paint-order:stroke fill markers"
             transform="rotate(18.055612)"
             aria-label="I" /><path
             d="m 36.750166,145.69642 q -3.552376,0 -6.41234,0.33115 -2.859964,0.30105 -4.937201,0.66231 -2.408391,0.45157 -4.304998,0.99346 l 0.873041,-4.87699 q 0.361259,0.0301 1.083776,0.0602 0.722517,0.0301 1.595559,0.0602 0.903147,0.0301 1.866503,0.0602 0.993461,0 1.866503,0.0301 0.873041,0 1.535349,0.0301 0.692412,0 0.993461,0 h 17.189888 q 0.301049,0 0.963356,0 0.692412,-0.0301 1.565454,-0.0301 0.873042,-0.0301 1.836398,-0.0301 0.993461,-0.0301 1.866503,-0.0602 0.903146,-0.0301 1.625663,-0.0602 0.722518,-0.0301 1.083776,-0.0602 l 0.873042,4.87699 q -1.926713,-0.54189 -4.335103,-0.99346 -2.077237,-0.36126 -4.937201,-0.66231 -2.859964,-0.33115 -6.41234,-0.33115 v 28.75016 q 0,2.55892 0.06021,4.48563 0.09031,1.89661 0.18063,3.28143 0.120419,1.38483 0.270944,2.31808 0.180629,0.93325 0.361258,1.56545 v 0.12042 H 35.90723 v -0.12042 q 0.18063,-0.6322 0.331154,-1.56545 0.150524,-0.93325 0.270944,-2.31808 0.120419,-1.38482 0.180629,-3.28143 0.06021,-1.92671 0.06021,-4.48563 z"
             id="path443"
             style="font-size:61.6548px;font-family:Marcellus;-inkscape-font-specification:Marcellus;fill:#3a5416;fill-opacity:1;fill-rule:evenodd;stroke:none;stroke-width:2.53877;stroke-linejoin:bevel;stroke-opacity:1;paint-order:stroke fill markers"
             transform="rotate(-25.60554)"
             aria-label="T" /></g><g
           id="g445"
           style="fill:#3a5416;fill-opacity:1;stroke:none;stroke-opacity:1"
           transform="matrix(1.4113474,0,0,1.4113474,1508.3735,362.08849)"><path
             d="m 146.37399,116.87328 q 0.18063,-0.6322 0.33116,-1.56546 0.15052,-0.93325 0.27094,-2.31807 0.12042,-1.38483 0.18063,-3.28143 0.0602,-1.92672 0.0602,-4.48563 V 85.62441 q 0,-2.558915 -0.0602,-4.455523 -0.0602,-1.926712 -0.18063,-3.311537 -0.12042,-1.414929 -0.27094,-2.348181 -0.15053,-0.933251 -0.33116,-1.565454 v -0.120419 h 7.19507 v 0.120419 q -0.18063,0.632203 -0.36126,1.565454 -0.15052,0.933252 -0.27094,2.348181 -0.0903,1.384825 -0.18063,3.311537 -0.0602,1.896608 -0.0602,4.455523 v 19.59828 q 0,2.55891 0.0602,4.48563 0.0903,1.8966 0.18063,3.28143 0.12042,1.38482 0.27094,2.31807 0.18063,0.93326 0.36126,1.56546 v 0.12042 h -7.19507 z"
             id="path444"
             style="font-size:61.6548px;font-family:Marcellus;-inkscape-font-specification:Marcellus;fill:#3a5416;fill-opacity:1;fill-rule:evenodd;stroke:none;stroke-width:2.53877;stroke-linejoin:bevel;stroke-opacity:1;paint-order:stroke fill markers"
             transform="rotate(18.055612)"
             aria-label="I" /><path
             d="m 36.750166,145.69642 q -3.552376,0 -6.41234,0.33115 -2.859964,0.30105 -4.937201,0.66231 -2.408391,0.45157 -4.304998,0.99346 l 0.873041,-4.87699 q 0.361259,0.0301 1.083776,0.0602 0.722517,0.0301 1.595559,0.0602 0.903147,0.0301 1.866503,0.0602 0.993461,0 1.866503,0.0301 0.873041,0 1.535349,0.0301 0.692412,0 0.993461,0 h 17.189888 q 0.301049,0 0.963356,0 0.692412,-0.0301 1.565454,-0.0301 0.873042,-0.0301 1.836398,-0.0301 0.993461,-0.0301 1.866503,-0.0602 0.903146,-0.0301 1.625663,-0.0602 0.722518,-0.0301 1.083776,-0.0602 l 0.873042,4.87699 q -1.926713,-0.54189 -4.335103,-0.99346 -2.077237,-0.36126 -4.937201,-0.66231 -2.859964,-0.33115 -6.41234,-0.33115 v 28.75016 q 0,2.55892 0.06021,4.48563 0.09031,1.89661 0.18063,3.28143 0.120419,1.38483 0.270944,2.31808 0.180629,0.93325 0.361258,1.56545 v 0.12042 H 35.90723 v -0.12042 q 0.18063,-0.6322 0.331154,-1.56545 0.150524,-0.93325 0.270944,-2.31808 0.120419,-1.38482 0.180629,-3.28143 0.06021,-1.92671 0.06021,-4.48563 z"
             id="path445"
             style="font-size:61.6548px;font-family:Marcellus;-inkscape-font-specification:Marcellus;fill:#3a5416;fill-opacity:1;fill-rule:evenodd;stroke:none;stroke-width:2.53877;stroke-linejoin:bevel;stroke-opacity:1;paint-order:stroke fill markers"
             transform="rotate(-25.60554)"
             aria-label="T" /></g><g
           id="g447"
           style="fill:#3a5416;fill-opacity:1;stroke:none;stroke-opacity:1"
           transform="matrix(1.4113474,0,0,1.4113474,1438.9354,285.51925)"><path
             d="m 146.37399,116.87328 q 0.18063,-0.6322 0.33116,-1.56546 0.15052,-0.93325 0.27094,-2.31807 0.12042,-1.38483 0.18063,-3.28143 0.0602,-1.92672 0.0602,-4.48563 V 85.62441 q 0,-2.558915 -0.0602,-4.455523 -0.0602,-1.926712 -0.18063,-3.311537 -0.12042,-1.414929 -0.27094,-2.348181 -0.15053,-0.933251 -0.33116,-1.565454 v -0.120419 h 7.19507 v 0.120419 q -0.18063,0.632203 -0.36126,1.565454 -0.15052,0.933252 -0.27094,2.348181 -0.0903,1.384825 -0.18063,3.311537 -0.0602,1.896608 -0.0602,4.455523 v 19.59828 q 0,2.55891 0.0602,4.48563 0.0903,1.8966 0.18063,3.28143 0.12042,1.38482 0.27094,2.31807 0.18063,0.93326 0.36126,1.56546 v 0.12042 h -7.19507 z"
             id="path446"
             style="font-size:61.6548px;font-family:Marcellus;-inkscape-font-specification:Marcellus;fill:#3a5416;fill-opacity:1;fill-rule:evenodd;stroke:none;stroke-width:2.53877;stroke-linejoin:bevel;stroke-opacity:1;paint-order:stroke fill markers"
             transform="rotate(18.055612)"
             aria-label="I" /><path
             d="m 36.750166,145.69642 q -3.552376,0 -6.41234,0.33115 -2.859964,0.30105 -4.937201,0.66231 -2.408391,0.45157 -4.304998,0.99346 l 0.873041,-4.87699 q 0.361259,0.0301 1.083776,0.0602 0.722517,0.0301 1.595559,0.0602 0.903147,0.0301 1.866503,0.0602 0.993461,0 1.866503,0.0301 0.873041,0 1.535349,0.0301 0.692412,0 0.993461,0 h 17.189888 q 0.301049,0 0.963356,0 0.692412,-0.0301 1.565454,-0.0301 0.873042,-0.0301 1.836398,-0.0301 0.993461,-0.0301 1.866503,-0.0602 0.903146,-0.0301 1.625663,-0.0602 0.722518,-0.0301 1.083776,-0.0602 l 0.873042,4.87699 q -1.926713,-0.54189 -4.335103,-0.99346 -2.077237,-0.36126 -4.937201,-0.66231 -2.859964,-0.33115 -6.41234,-0.33115 v 28.75016 q 0,2.55892 0.06021,4.48563 0.09031,1.89661 0.18063,3.28143 0.120419,1.38483 0.270944,2.31808 0.180629,0.93325 0.361258,1.56545 v 0.12042 H 35.90723 v -0.12042 q 0.18063,-0.6322 0.331154,-1.56545 0.150524,-0.93325 0.270944,-2.31808 0.120419,-1.38482 0.180629,-3.28143 0.06021,-1.92671 0.06021,-4.48563 z"
             id="path447"
             style="font-size:61.6548px;font-family:Marcellus;-inkscape-font-specification:Marcellus;fill:#3a5416;fill-opacity:1;fill-rule:evenodd;stroke:none;stroke-width:2.53877;stroke-linejoin:bevel;stroke-opacity:1;paint-order:stroke fill markers"
             transform="rotate(-25.60554)"
             aria-label="T" /></g><g
           id="g449"
           style="fill:#3a5416;fill-opacity:1;stroke:none;stroke-opacity:1"
           transform="matrix(1.4113474,0,0,1.4113474,1507.5579,285.51925)"><path
             d="m 146.37399,116.87328 q 0.18063,-0.6322 0.33116,-1.56546 0.15052,-0.93325 0.27094,-2.31807 0.12042,-1.38483 0.18063,-3.28143 0.0602,-1.92672 0.0602,-4.48563 V 85.62441 q 0,-2.558915 -0.0602,-4.455523 -0.0602,-1.926712 -0.18063,-3.311537 -0.12042,-1.414929 -0.27094,-2.348181 -0.15053,-0.933251 -0.33116,-1.565454 v -0.120419 h 7.19507 v 0.120419 q -0.18063,0.632203 -0.36126,1.565454 -0.15052,0.933252 -0.27094,2.348181 -0.0903,1.384825 -0.18063,3.311537 -0.0602,1.896608 -0.0602,4.455523 v 19.59828 q 0,2.55891 0.0602,4.48563 0.0903,1.8966 0.18063,3.28143 0.12042,1.38482 0.27094,2.31807 0.18063,0.93326 0.36126,1.56546 v 0.12042 h -7.19507 z"
             id="path448"
             style="font-size:61.6548px;font-family:Marcellus;-inkscape-font-specification:Marcellus;fill:#3a5416;fill-opacity:1;fill-rule:evenodd;stroke:none;stroke-width:2.53877;stroke-linejoin:bevel;stroke-opacity:1;paint-order:stroke fill markers"
             transform="rotate(18.055612)"
             aria-label="I" /><path
             d="m 36.750166,145.69642 q -3.552376,0 -6.41234,0.33115 -2.859964,0.30105 -4.937201,0.66231 -2.408391,0.45157 -4.304998,0.99346 l 0.873041,-4.87699 q 0.361259,0.0301 1.083776,0.0602 0.722517,0.0301 1.595559,0.0602 0.903147,0.0301 1.866503,0.0602 0.993461,0 1.866503,0.0301 0.873041,0 1.535349,0.0301 0.692412,0 0.993461,0 h 17.189888 q 0.301049,0 0.963356,0 0.692412,-0.0301 1.565454,-0.0301 0.873042,-0.0301 1.836398,-0.0301 0.993461,-0.0301 1.866503,-0.0602 0.903146,-0.0301 1.625663,-0.0602 0.722518,-0.0301 1.083776,-0.0602 l 0.873042,4.87699 q -1.926713,-0.54189 -4.335103,-0.99346 -2.077237,-0.36126 -4.937201,-0.66231 -2.859964,-0.33115 -6.41234,-0.33115 v 28.75016 q 0,2.55892 0.06021,4.48563 0.09031,1.89661 0.18063,3.28143 0.120419,1.38483 0.270944,2.31808 0.180629,0.93325 0.361258,1.56545 v 0.12042 H 35.90723 v -0.12042 q 0.18063,-0.6322 0.331154,-1.56545 0.150524,-0.93325 0.270944,-2.31808 0.120419,-1.38482 0.180629,-3.28143 0.06021,-1.92671 0.06021,-4.48563 z"
             id="path449"
             style="font-size:61.6548px;font-family:Marcellus;-inkscape-font-specification:Marcellus;fill:#3a5416;fill-opacity:1;fill-rule:evenodd;stroke:none;stroke-width:2.53877;stroke-linejoin:bevel;stroke-opacity:1;paint-order:stroke fill markers"
             transform="rotate(-25.60554)"
             aria-label="T" /></g><g
           id="g451"
           style="fill:#3a5416;fill-opacity:1;stroke:none;stroke-opacity:1"
           transform="matrix(1.4113474,0,0,1.4113474,1439.751,362.08849)"><path
             d="m 146.37399,116.87328 q 0.18063,-0.6322 0.33116,-1.56546 0.15052,-0.93325 0.27094,-2.31807 0.12042,-1.38483 0.18063,-3.28143 0.0602,-1.92672 0.0602,-4.48563 V 85.62441 q 0,-2.558915 -0.0602,-4.455523 -0.0602,-1.926712 -0.18063,-3.311537 -0.12042,-1.414929 -0.27094,-2.348181 -0.15053,-0.933251 -0.33116,-1.565454 v -0.120419 h 7.19507 v 0.120419 q -0.18063,0.632203 -0.36126,1.565454 -0.15052,0.933252 -0.27094,2.348181 -0.0903,1.384825 -0.18063,3.311537 -0.0602,1.896608 -0.0602,4.455523 v 19.59828 q 0,2.55891 0.0602,4.48563 0.0903,1.8966 0.18063,3.28143 0.12042,1.38482 0.27094,2.31807 0.18063,0.93326 0.36126,1.56546 v 0.12042 h -7.19507 z"
             id="path450"
             style="font-size:61.6548px;font-family:Marcellus;-inkscape-font-specification:Marcellus;fill:#3a5416;fill-opacity:1;fill-rule:evenodd;stroke:none;stroke-width:2.53877;stroke-linejoin:bevel;stroke-opacity:1;paint-order:stroke fill markers"
             transform="rotate(18.055612)"
             aria-label="I" /><path
             d="m 36.750166,145.69642 q -3.552376,0 -6.41234,0.33115 -2.859964,0.30105 -4.937201,0.66231 -2.408391,0.45157 -4.304998,0.99346 l 0.873041,-4.87699 q 0.361259,0.0301 1.083776,0.0602 0.722517,0.0301 1.595559,0.0602 0.903147,0.0301 1.866503,0.0602 0.993461,0 1.866503,0.0301 0.873041,0 1.535349,0.0301 0.692412,0 0.993461,0 h 17.189888 q 0.301049,0 0.963356,0 0.692412,-0.0301 1.565454,-0.0301 0.873042,-0.0301 1.836398,-0.0301 0.993461,-0.0301 1.866503,-0.0602 0.903146,-0.0301 1.625663,-0.0602 0.722518,-0.0301 1.083776,-0.0602 l 0.873042,4.87699 q -1.926713,-0.54189 -4.335103,-0.99346 -2.077237,-0.36126 -4.937201,-0.66231 -2.859964,-0.33115 -6.41234,-0.33115 v 28.75016 q 0,2.55892 0.06021,4.48563 0.09031,1.89661 0.18063,3.28143 0.120419,1.38483 0.270944,2.31808 0.180629,0.93325 0.361258,1.56545 v 0.12042 H 35.90723 v -0.12042 q 0.18063,-0.6322 0.331154,-1.56545 0.150524,-0.93325 0.270944,-2.31808 0.120419,-1.38482 0.180629,-3.28143 0.06021,-1.92671 0.06021,-4.48563 z"
             id="path451"
             style="font-size:61.6548px;font-family:Marcellus;-inkscape-font-specification:Marcellus;fill:#3a5416;fill-opacity:1;fill-rule:evenodd;stroke:none;stroke-width:2.53877;stroke-linejoin:bevel;stroke-opacity:1;paint-order:stroke fill markers"
             transform="rotate(-25.60554)"
             aria-label="T" /></g><g
           id="g453"
           style="fill:#3a5416;fill-opacity:1;stroke:none;stroke-opacity:1"
           transform="matrix(1.4113474,0,0,1.4113474,1508.3735,362.08849)"><path
             d="m 146.37399,116.87328 q 0.18063,-0.6322 0.33116,-1.56546 0.15052,-0.93325 0.27094,-2.31807 0.12042,-1.38483 0.18063,-3.28143 0.0602,-1.92672 0.0602,-4.48563 V 85.62441 q 0,-2.558915 -0.0602,-4.455523 -0.0602,-1.926712 -0.18063,-3.311537 -0.12042,-1.414929 -0.27094,-2.348181 -0.15053,-0.933251 -0.33116,-1.565454 v -0.120419 h 7.19507 v 0.120419 q -0.18063,0.632203 -0.36126,1.565454 -0.15052,0.933252 -0.27094,2.348181 -0.0903,1.384825 -0.18063,3.311537 -0.0602,1.896608 -0.0602,4.455523 v 19.59828 q 0,2.55891 0.0602,4.48563 0.0903,1.8966 0.18063,3.28143 0.12042,1.38482 0.27094,2.31807 0.18063,0.93326 0.36126,1.56546 v 0.12042 h -7.19507 z"
             id="path452"
             style="font-size:61.6548px;font-family:Marcellus;-inkscape-font-specification:Marcellus;fill:#3a5416;fill-opacity:1;fill-rule:evenodd;stroke:none;stroke-width:2.53877;stroke-linejoin:bevel;stroke-opacity:1;paint-order:stroke fill markers"
             transform="rotate(18.055612)"
             aria-label="I" /><path
             d="m 36.750166,145.69642 q -3.552376,0 -6.41234,0.33115 -2.859964,0.30105 -4.937201,0.66231 -2.408391,0.45157 -4.304998,0.99346 l 0.873041,-4.87699 q 0.361259,0.0301 1.083776,0.0602 0.722517,0.0301 1.595559,0.0602 0.903147,0.0301 1.866503,0.0602 0.993461,0 1.866503,0.0301 0.873041,0 1.535349,0.0301 0.692412,0 0.993461,0 h 17.189888 q 0.301049,0 0.963356,0 0.692412,-0.0301 1.565454,-0.0301 0.873042,-0.0301 1.836398,-0.0301 0.993461,-0.0301 1.866503,-0.0602 0.903146,-0.0301 1.625663,-0.0602 0.722518,-0.0301 1.083776,-0.0602 l 0.873042,4.87699 q -1.926713,-0.54189 -4.335103,-0.99346 -2.077237,-0.36126 -4.937201,-0.66231 -2.859964,-0.33115 -6.41234,-0.33115 v 28.75016 q 0,2.55892 0.06021,4.48563 0.09031,1.89661 0.18063,3.28143 0.120419,1.38483 0.270944,2.31808 0.180629,0.93325 0.361258,1.56545 v 0.12042 H 35.90723 v -0.12042 q 0.18063,-0.6322 0.331154,-1.56545 0.150524,-0.93325 0.270944,-2.31808 0.120419,-1.38482 0.180629,-3.28143 0.06021,-1.92671 0.06021,-4.48563 z"
             id="path453"
             style="font-size:61.6548px;font-family:Marcellus;-inkscape-font-specification:Marcellus;fill:#3a5416;fill-opacity:1;fill-rule:evenodd;stroke:none;stroke-width:2.53877;stroke-linejoin:bevel;stroke-opacity:1;paint-order:stroke fill markers"
             transform="rotate(-25.60554)"
             aria-label="T" /></g><g
           id="g455"
           style="fill:#3a5416;fill-opacity:1;stroke:none;stroke-opacity:1"
           transform="matrix(1.4113474,0,0,1.4113474,1575.5713,285.51925)"><path
             d="m 146.37399,116.87328 q 0.18063,-0.6322 0.33116,-1.56546 0.15052,-0.93325 0.27094,-2.31807 0.12042,-1.38483 0.18063,-3.28143 0.0602,-1.92672 0.0602,-4.48563 V 85.62441 q 0,-2.558915 -0.0602,-4.455523 -0.0602,-1.926712 -0.18063,-3.311537 -0.12042,-1.414929 -0.27094,-2.348181 -0.15053,-0.933251 -0.33116,-1.565454 v -0.120419 h 7.19507 v 0.120419 q -0.18063,0.632203 -0.36126,1.565454 -0.15052,0.933252 -0.27094,2.348181 -0.0903,1.384825 -0.18063,3.311537 -0.0602,1.896608 -0.0602,4.455523 v 19.59828 q 0,2.55891 0.0602,4.48563 0.0903,1.8966 0.18063,3.28143 0.12042,1.38482 0.27094,2.31807 0.18063,0.93326 0.36126,1.56546 v 0.12042 h -7.19507 z"
             id="path454"
             style="font-size:61.6548px;font-family:Marcellus;-inkscape-font-specification:Marcellus;fill:#3a5416;fill-opacity:1;fill-rule:evenodd;stroke:none;stroke-width:2.53877;stroke-linejoin:bevel;stroke-opacity:1;paint-order:stroke fill markers"
             transform="rotate(18.055612)"
             aria-label="I" /><path
             d="m 36.750166,145.69642 q -3.552376,0 -6.41234,0.33115 -2.859964,0.30105 -4.937201,0.66231 -2.408391,0.45157 -4.304998,0.99346 l 0.873041,-4.87699 q 0.361259,0.0301 1.083776,0.0602 0.722517,0.0301 1.595559,0.0602 0.903147,0.0301 1.866503,0.0602 0.993461,0 1.866503,0.0301 0.873041,0 1.535349,0.0301 0.692412,0 0.993461,0 h 17.189888 q 0.301049,0 0.963356,0 0.692412,-0.0301 1.565454,-0.0301 0.873042,-0.0301 1.836398,-0.0301 0.993461,-0.0301 1.866503,-0.0602 0.903146,-0.0301 1.625663,-0.0602 0.722518,-0.0301 1.083776,-0.0602 l 0.873042,4.87699 q -1.926713,-0.54189 -4.335103,-0.99346 -2.077237,-0.36126 -4.937201,-0.66231 -2.859964,-0.33115 -6.41234,-0.33115 v 28.75016 q 0,2.55892 0.06021,4.48563 0.09031,1.89661 0.18063,3.28143 0.120419,1.38483 0.270944,2.31808 0.180629,0.93325 0.361258,1.56545 v 0.12042 H 35.90723 v -0.12042 q 0.18063,-0.6322 0.331154,-1.56545 0.150524,-0.93325 0.270944,-2.31808 0.120419,-1.38482 0.180629,-3.28143 0.06021,-1.92671 0.06021,-4.48563 z"
             id="path455"
             style="font-size:61.6548px;font-family:Marcellus;-inkscape-font-specification:Marcellus;fill:#3a5416;fill-opacity:1;fill-rule:evenodd;stroke:none;stroke-width:2.53877;stroke-linejoin:bevel;stroke-opacity:1;paint-order:stroke fill markers"
             transform="rotate(-25.60554)"
             aria-label="T" /></g><g
           id="g457"
           style="fill:#3a5416;fill-opacity:1;stroke:none;stroke-opacity:1"
           transform="matrix(1.4113474,0,0,1.4113474,1644.1938,285.51925)"><path
             d="m 146.37399,116.87328 q 0.18063,-0.6322 0.33116,-1.56546 0.15052,-0.93325 0.27094,-2.31807 0.12042,-1.38483 0.18063,-3.28143 0.0602,-1.92672 0.0602,-4.48563 V 85.62441 q 0,-2.558915 -0.0602,-4.455523 -0.0602,-1.926712 -0.18063,-3.311537 -0.12042,-1.414929 -0.27094,-2.348181 -0.15053,-0.933251 -0.33116,-1.565454 v -0.120419 h 7.19507 v 0.120419 q -0.18063,0.632203 -0.36126,1.565454 -0.15052,0.933252 -0.27094,2.348181 -0.0903,1.384825 -0.18063,3.311537 -0.0602,1.896608 -0.0602,4.455523 v 19.59828 q 0,2.55891 0.0602,4.48563 0.0903,1.8966 0.18063,3.28143 0.12042,1.38482 0.27094,2.31807 0.18063,0.93326 0.36126,1.56546 v 0.12042 h -7.19507 z"
             id="path456"
             style="font-size:61.6548px;font-family:Marcellus;-inkscape-font-specification:Marcellus;fill:#3a5416;fill-opacity:1;fill-rule:evenodd;stroke:none;stroke-width:2.53877;stroke-linejoin:bevel;stroke-opacity:1;paint-order:stroke fill markers"
             transform="rotate(18.055612)"
             aria-label="I" /><path
             d="m 36.750166,145.69642 q -3.552376,0 -6.41234,0.33115 -2.859964,0.30105 -4.937201,0.66231 -2.408391,0.45157 -4.304998,0.99346 l 0.873041,-4.87699 q 0.361259,0.0301 1.083776,0.0602 0.722517,0.0301 1.595559,0.0602 0.903147,0.0301 1.866503,0.0602 0.993461,0 1.866503,0.0301 0.873041,0 1.535349,0.0301 0.692412,0 0.993461,0 h 17.189888 q 0.301049,0 0.963356,0 0.692412,-0.0301 1.565454,-0.0301 0.873042,-0.0301 1.836398,-0.0301 0.993461,-0.0301 1.866503,-0.0602 0.903146,-0.0301 1.625663,-0.0602 0.722518,-0.0301 1.083776,-0.0602 l 0.873042,4.87699 q -1.926713,-0.54189 -4.335103,-0.99346 -2.077237,-0.36126 -4.937201,-0.66231 -2.859964,-0.33115 -6.41234,-0.33115 v 28.75016 q 0,2.55892 0.06021,4.48563 0.09031,1.89661 0.18063,3.28143 0.120419,1.38483 0.270944,2.31808 0.180629,0.93325 0.361258,1.56545 v 0.12042 H 35.90723 v -0.12042 q 0.18063,-0.6322 0.331154,-1.56545 0.150524,-0.93325 0.270944,-2.31808 0.120419,-1.38482 0.180629,-3.28143 0.06021,-1.92671 0.06021,-4.48563 z"
             id="path457"
             style="font-size:61.6548px;font-family:Marcellus;-inkscape-font-specification:Marcellus;fill:#3a5416;fill-opacity:1;fill-rule:evenodd;stroke:none;stroke-width:2.53877;stroke-linejoin:bevel;stroke-opacity:1;paint-order:stroke fill markers"
             transform="rotate(-25.60554)"
             aria-label="T" /></g><g
           id="g459"
           style="fill:#3a5416;fill-opacity:1;stroke:none;stroke-opacity:1"
           transform="matrix(1.4113474,0,0,1.4113474,1576.3869,362.08849)"><path
             d="m 146.37399,116.87328 q 0.18063,-0.6322 0.33116,-1.56546 0.15052,-0.93325 0.27094,-2.31807 0.12042,-1.38483 0.18063,-3.28143 0.0602,-1.92672 0.0602,-4.48563 V 85.62441 q 0,-2.558915 -0.0602,-4.455523 -0.0602,-1.926712 -0.18063,-3.311537 -0.12042,-1.414929 -0.27094,-2.348181 -0.15053,-0.933251 -0.33116,-1.565454 v -0.120419 h 7.19507 v 0.120419 q -0.18063,0.632203 -0.36126,1.565454 -0.15052,0.933252 -0.27094,2.348181 -0.0903,1.384825 -0.18063,3.311537 -0.0602,1.896608 -0.0602,4.455523 v 19.59828 q 0,2.55891 0.0602,4.48563 0.0903,1.8966 0.18063,3.28143 0.12042,1.38482 0.27094,2.31807 0.18063,0.93326 0.36126,1.56546 v 0.12042 h -7.19507 z"
             id="path458"
             style="font-size:61.6548px;font-family:Marcellus;-inkscape-font-specification:Marcellus;fill:#3a5416;fill-opacity:1;fill-rule:evenodd;stroke:none;stroke-width:2.53877;stroke-linejoin:bevel;stroke-opacity:1;paint-order:stroke fill markers"
             transform="rotate(18.055612)"
             aria-label="I" /><path
             d="m 36.750166,145.69642 q -3.552376,0 -6.41234,0.33115 -2.859964,0.30105 -4.937201,0.66231 -2.408391,0.45157 -4.304998,0.99346 l 0.873041,-4.87699 q 0.361259,0.0301 1.083776,0.0602 0.722517,0.0301 1.595559,0.0602 0.903147,0.0301 1.866503,0.0602 0.993461,0 1.866503,0.0301 0.873041,0 1.535349,0.0301 0.692412,0 0.993461,0 h 17.189888 q 0.301049,0 0.963356,0 0.692412,-0.0301 1.565454,-0.0301 0.873042,-0.0301 1.836398,-0.0301 0.993461,-0.0301 1.866503,-0.0602 0.903146,-0.0301 1.625663,-0.0602 0.722518,-0.0301 1.083776,-0.0602 l 0.873042,4.87699 q -1.926713,-0.54189 -4.335103,-0.99346 -2.077237,-0.36126 -4.937201,-0.66231 -2.859964,-0.33115 -6.41234,-0.33115 v 28.75016 q 0,2.55892 0.06021,4.48563 0.09031,1.89661 0.18063,3.28143 0.120419,1.38483 0.270944,2.31808 0.180629,0.93325 0.361258,1.56545 v 0.12042 H 35.90723 v -0.12042 q 0.18063,-0.6322 0.331154,-1.56545 0.150524,-0.93325 0.270944,-2.31808 0.120419,-1.38482 0.180629,-3.28143 0.06021,-1.92671 0.06021,-4.48563 z"
             id="path459"
             style="font-size:61.6548px;font-family:Marcellus;-inkscape-font-specification:Marcellus;fill:#3a5416;fill-opacity:1;fill-rule:evenodd;stroke:none;stroke-width:2.53877;stroke-linejoin:bevel;stroke-opacity:1;paint-order:stroke fill markers"
             transform="rotate(-25.60554)"
             aria-label="T" /></g><g
           id="g461"
           style="fill:#3a5416;fill-opacity:1;stroke:none;stroke-opacity:1"
           transform="matrix(1.4113474,0,0,1.4113474,1645.0094,362.08849)"><path
             d="m 146.37399,116.87328 q 0.18063,-0.6322 0.33116,-1.56546 0.15052,-0.93325 0.27094,-2.31807 0.12042,-1.38483 0.18063,-3.28143 0.0602,-1.92672 0.0602,-4.48563 V 85.62441 q 0,-2.558915 -0.0602,-4.455523 -0.0602,-1.926712 -0.18063,-3.311537 -0.12042,-1.414929 -0.27094,-2.348181 -0.15053,-0.933251 -0.33116,-1.565454 v -0.120419 h 7.19507 v 0.120419 q -0.18063,0.632203 -0.36126,1.565454 -0.15052,0.933252 -0.27094,2.348181 -0.0903,1.384825 -0.18063,3.311537 -0.0602,1.896608 -0.0602,4.455523 v 19.59828 q 0,2.55891 0.0602,4.48563 0.0903,1.8966 0.18063,3.28143 0.12042,1.38482 0.27094,2.31807 0.18063,0.93326 0.36126,1.56546 v 0.12042 h -7.19507 z"
             id="path460"
             style="font-size:61.6548px;font-family:Marcellus;-inkscape-font-specification:Marcellus;fill:#3a5416;fill-opacity:1;fill-rule:evenodd;stroke:none;stroke-width:2.53877;stroke-linejoin:bevel;stroke-opacity:1;paint-order:stroke fill markers"
             transform="rotate(18.055612)"
             aria-label="I" /><path
             d="m 36.750166,145.69642 q -3.552376,0 -6.41234,0.33115 -2.859964,0.30105 -4.937201,0.66231 -2.408391,0.45157 -4.304998,0.99346 l 0.873041,-4.87699 q 0.361259,0.0301 1.083776,0.0602 0.722517,0.0301 1.595559,0.0602 0.903147,0.0301 1.866503,0.0602 0.993461,0 1.866503,0.0301 0.873041,0 1.535349,0.0301 0.692412,0 0.993461,0 h 17.189888 q 0.301049,0 0.963356,0 0.692412,-0.0301 1.565454,-0.0301 0.873042,-0.0301 1.836398,-0.0301 0.993461,-0.0301 1.866503,-0.0602 0.903146,-0.0301 1.625663,-0.0602 0.722518,-0.0301 1.083776,-0.0602 l 0.873042,4.87699 q -1.926713,-0.54189 -4.335103,-0.99346 -2.077237,-0.36126 -4.937201,-0.66231 -2.859964,-0.33115 -6.41234,-0.33115 v 28.75016 q 0,2.55892 0.06021,4.48563 0.09031,1.89661 0.18063,3.28143 0.120419,1.38483 0.270944,2.31808 0.180629,0.93325 0.361258,1.56545 v 0.12042 H 35.90723 v -0.12042 q 0.18063,-0.6322 0.331154,-1.56545 0.150524,-0.93325 0.270944,-2.31808 0.120419,-1.38482 0.180629,-3.28143 0.06021,-1.92671 0.06021,-4.48563 z"
             id="path461"
             style="font-size:61.6548px;font-family:Marcellus;-inkscape-font-specification:Marcellus;fill:#3a5416;fill-opacity:1;fill-rule:evenodd;stroke:none;stroke-width:2.53877;stroke-linejoin:bevel;stroke-opacity:1;paint-order:stroke fill markers"
             transform="rotate(-25.60554)"
             aria-label="T" /></g><g
           id="g463"
           style="fill:#3a5416;fill-opacity:1;stroke:none;stroke-opacity:1"
           transform="matrix(1.4113474,0,0,1.4113474,1575.5713,285.51925)"><path
             d="m 146.37399,116.87328 q 0.18063,-0.6322 0.33116,-1.56546 0.15052,-0.93325 0.27094,-2.31807 0.12042,-1.38483 0.18063,-3.28143 0.0602,-1.92672 0.0602,-4.48563 V 85.62441 q 0,-2.558915 -0.0602,-4.455523 -0.0602,-1.926712 -0.18063,-3.311537 -0.12042,-1.414929 -0.27094,-2.348181 -0.15053,-0.933251 -0.33116,-1.565454 v -0.120419 h 7.19507 v 0.120419 q -0.18063,0.632203 -0.36126,1.565454 -0.15052,0.933252 -0.27094,2.348181 -0.0903,1.384825 -0.18063,3.311537 -0.0602,1.896608 -0.0602,4.455523 v 19.59828 q 0,2.55891 0.0602,4.48563 0.0903,1.8966 0.18063,3.28143 0.12042,1.38482 0.27094,2.31807 0.18063,0.93326 0.36126,1.56546 v 0.12042 h -7.19507 z"
             id="path462"
             style="font-size:61.6548px;font-family:Marcellus;-inkscape-font-specification:Marcellus;fill:#3a5416;fill-opacity:1;fill-rule:evenodd;stroke:none;stroke-width:2.53877;stroke-linejoin:bevel;stroke-opacity:1;paint-order:stroke fill markers"
             transform="rotate(18.055612)"
             aria-label="I" /><path
             d="m 36.750166,145.69642 q -3.552376,0 -6.41234,0.33115 -2.859964,0.30105 -4.937201,0.66231 -2.408391,0.45157 -4.304998,0.99346 l 0.873041,-4.87699 q 0.361259,0.0301 1.083776,0.0602 0.722517,0.0301 1.595559,0.0602 0.903147,0.0301 1.866503,0.0602 0.993461,0 1.866503,0.0301 0.873041,0 1.535349,0.0301 0.692412,0 0.993461,0 h 17.189888 q 0.301049,0 0.963356,0 0.692412,-0.0301 1.565454,-0.0301 0.873042,-0.0301 1.836398,-0.0301 0.993461,-0.0301 1.866503,-0.0602 0.903146,-0.0301 1.625663,-0.0602 0.722518,-0.0301 1.083776,-0.0602 l 0.873042,4.87699 q -1.926713,-0.54189 -4.335103,-0.99346 -2.077237,-0.36126 -4.937201,-0.66231 -2.859964,-0.33115 -6.41234,-0.33115 v 28.75016 q 0,2.55892 0.06021,4.48563 0.09031,1.89661 0.18063,3.28143 0.120419,1.38483 0.270944,2.31808 0.180629,0.93325 0.361258,1.56545 v 0.12042 H 35.90723 v -0.12042 q 0.18063,-0.6322 0.331154,-1.56545 0.150524,-0.93325 0.270944,-2.31808 0.120419,-1.38482 0.180629,-3.28143 0.06021,-1.92671 0.06021,-4.48563 z"
             id="path463"
             style="font-size:61.6548px;font-family:Marcellus;-inkscape-font-specification:Marcellus;fill:#3a5416;fill-opacity:1;fill-rule:evenodd;stroke:none;stroke-width:2.53877;stroke-linejoin:bevel;stroke-opacity:1;paint-order:stroke fill markers"
             transform="rotate(-25.60554)"
             aria-label="T" /></g><g
           id="g465"
           style="fill:#3a5416;fill-opacity:1;stroke:none;stroke-opacity:1"
           transform="matrix(1.4113474,0,0,1.4113474,1644.1938,285.51925)"><path
             d="m 146.37399,116.87328 q 0.18063,-0.6322 0.33116,-1.56546 0.15052,-0.93325 0.27094,-2.31807 0.12042,-1.38483 0.18063,-3.28143 0.0602,-1.92672 0.0602,-4.48563 V 85.62441 q 0,-2.558915 -0.0602,-4.455523 -0.0602,-1.926712 -0.18063,-3.311537 -0.12042,-1.414929 -0.27094,-2.348181 -0.15053,-0.933251 -0.33116,-1.565454 v -0.120419 h 7.19507 v 0.120419 q -0.18063,0.632203 -0.36126,1.565454 -0.15052,0.933252 -0.27094,2.348181 -0.0903,1.384825 -0.18063,3.311537 -0.0602,1.896608 -0.0602,4.455523 v 19.59828 q 0,2.55891 0.0602,4.48563 0.0903,1.8966 0.18063,3.28143 0.12042,1.38482 0.27094,2.31807 0.18063,0.93326 0.36126,1.56546 v 0.12042 h -7.19507 z"
             id="path464"
             style="font-size:61.6548px;font-family:Marcellus;-inkscape-font-specification:Marcellus;fill:#3a5416;fill-opacity:1;fill-rule:evenodd;stroke:none;stroke-width:2.53877;stroke-linejoin:bevel;stroke-opacity:1;paint-order:stroke fill markers"
             transform="rotate(18.055612)"
             aria-label="I" /><path
             d="m 36.750166,145.69642 q -3.552376,0 -6.41234,0.33115 -2.859964,0.30105 -4.937201,0.66231 -2.408391,0.45157 -4.304998,0.99346 l 0.873041,-4.87699 q 0.361259,0.0301 1.083776,0.0602 0.722517,0.0301 1.595559,0.0602 0.903147,0.0301 1.866503,0.0602 0.993461,0 1.866503,0.0301 0.873041,0 1.535349,0.0301 0.692412,0 0.993461,0 h 17.189888 q 0.301049,0 0.963356,0 0.692412,-0.0301 1.565454,-0.0301 0.873042,-0.0301 1.836398,-0.0301 0.993461,-0.0301 1.866503,-0.0602 0.903146,-0.0301 1.625663,-0.0602 0.722518,-0.0301 1.083776,-0.0602 l 0.873042,4.87699 q -1.926713,-0.54189 -4.335103,-0.99346 -2.077237,-0.36126 -4.937201,-0.66231 -2.859964,-0.33115 -6.41234,-0.33115 v 28.75016 q 0,2.55892 0.06021,4.48563 0.09031,1.89661 0.18063,3.28143 0.120419,1.38483 0.270944,2.31808 0.180629,0.93325 0.361258,1.56545 v 0.12042 H 35.90723 v -0.12042 q 0.18063,-0.6322 0.331154,-1.56545 0.150524,-0.93325 0.270944,-2.31808 0.120419,-1.38482 0.180629,-3.28143 0.06021,-1.92671 0.06021,-4.48563 z"
             id="path465"
             style="font-size:61.6548px;font-family:Marcellus;-inkscape-font-specification:Marcellus;fill:#3a5416;fill-opacity:1;fill-rule:evenodd;stroke:none;stroke-width:2.53877;stroke-linejoin:bevel;stroke-opacity:1;paint-order:stroke fill markers"
             transform="rotate(-25.60554)"
             aria-label="T" /></g><g
           id="g467"
           style="fill:#3a5416;fill-opacity:1;stroke:none;stroke-opacity:1"
           transform="matrix(1.4113474,0,0,1.4113474,1576.3869,362.08849)"><path
             d="m 146.37399,116.87328 q 0.18063,-0.6322 0.33116,-1.56546 0.15052,-0.93325 0.27094,-2.31807 0.12042,-1.38483 0.18063,-3.28143 0.0602,-1.92672 0.0602,-4.48563 V 85.62441 q 0,-2.558915 -0.0602,-4.455523 -0.0602,-1.926712 -0.18063,-3.311537 -0.12042,-1.414929 -0.27094,-2.348181 -0.15053,-0.933251 -0.33116,-1.565454 v -0.120419 h 7.19507 v 0.120419 q -0.18063,0.632203 -0.36126,1.565454 -0.15052,0.933252 -0.27094,2.348181 -0.0903,1.384825 -0.18063,3.311537 -0.0602,1.896608 -0.0602,4.455523 v 19.59828 q 0,2.55891 0.0602,4.48563 0.0903,1.8966 0.18063,3.28143 0.12042,1.38482 0.27094,2.31807 0.18063,0.93326 0.36126,1.56546 v 0.12042 h -7.19507 z"
             id="path466"
             style="font-size:61.6548px;font-family:Marcellus;-inkscape-font-specification:Marcellus;fill:#3a5416;fill-opacity:1;fill-rule:evenodd;stroke:none;stroke-width:2.53877;stroke-linejoin:bevel;stroke-opacity:1;paint-order:stroke fill markers"
             transform="rotate(18.055612)"
             aria-label="I" /><path
             d="m 36.750166,145.69642 q -3.552376,0 -6.41234,0.33115 -2.859964,0.30105 -4.937201,0.66231 -2.408391,0.45157 -4.304998,0.99346 l 0.873041,-4.87699 q 0.361259,0.0301 1.083776,0.0602 0.722517,0.0301 1.595559,0.0602 0.903147,0.0301 1.866503,0.0602 0.993461,0 1.866503,0.0301 0.873041,0 1.535349,0.0301 0.692412,0 0.993461,0 h 17.189888 q 0.301049,0 0.963356,0 0.692412,-0.0301 1.565454,-0.0301 0.873042,-0.0301 1.836398,-0.0301 0.993461,-0.0301 1.866503,-0.0602 0.903146,-0.0301 1.625663,-0.0602 0.722518,-0.0301 1.083776,-0.0602 l 0.873042,4.87699 q -1.926713,-0.54189 -4.335103,-0.99346 -2.077237,-0.36126 -4.937201,-0.66231 -2.859964,-0.33115 -6.41234,-0.33115 v 28.75016 q 0,2.55892 0.06021,4.48563 0.09031,1.89661 0.18063,3.28143 0.120419,1.38483 0.270944,2.31808 0.180629,0.93325 0.361258,1.56545 v 0.12042 H 35.90723 v -0.12042 q 0.18063,-0.6322 0.331154,-1.56545 0.150524,-0.93325 0.270944,-2.31808 0.120419,-1.38482 0.180629,-3.28143 0.06021,-1.92671 0.06021,-4.48563 z"
             id="path467"
             style="font-size:61.6548px;font-family:Marcellus;-inkscape-font-specification:Marcellus;fill:#3a5416;fill-opacity:1;fill-rule:evenodd;stroke:none;stroke-width:2.53877;stroke-linejoin:bevel;stroke-opacity:1;paint-order:stroke fill markers"
             transform="rotate(-25.60554)"
             aria-label="T" /></g><g
           id="g469"
           style="fill:#3a5416;fill-opacity:1;stroke:none;stroke-opacity:1"
           transform="matrix(1.4113474,0,0,1.4113474,1645.0094,362.08849)"><path
             d="m 146.37399,116.87328 q 0.18063,-0.6322 0.33116,-1.56546 0.15052,-0.93325 0.27094,-2.31807 0.12042,-1.38483 0.18063,-3.28143 0.0602,-1.92672 0.0602,-4.48563 V 85.62441 q 0,-2.558915 -0.0602,-4.455523 -0.0602,-1.926712 -0.18063,-3.311537 -0.12042,-1.414929 -0.27094,-2.348181 -0.15053,-0.933251 -0.33116,-1.565454 v -0.120419 h 7.19507 v 0.120419 q -0.18063,0.632203 -0.36126,1.565454 -0.15052,0.933252 -0.27094,2.348181 -0.0903,1.384825 -0.18063,3.311537 -0.0602,1.896608 -0.0602,4.455523 v 19.59828 q 0,2.55891 0.0602,4.48563 0.0903,1.8966 0.18063,3.28143 0.12042,1.38482 0.27094,2.31807 0.18063,0.93326 0.36126,1.56546 v 0.12042 h -7.19507 z"
             id="path468"
             style="font-size:61.6548px;font-family:Marcellus;-inkscape-font-specification:Marcellus;fill:#3a5416;fill-opacity:1;fill-rule:evenodd;stroke:none;stroke-width:2.53877;stroke-linejoin:bevel;stroke-opacity:1;paint-order:stroke fill markers"
             transform="rotate(18.055612)"
             aria-label="I" /><path
             d="m 36.750166,145.69642 q -3.552376,0 -6.41234,0.33115 -2.859964,0.30105 -4.937201,0.66231 -2.408391,0.45157 -4.304998,0.99346 l 0.873041,-4.87699 q 0.361259,0.0301 1.083776,0.0602 0.722517,0.0301 1.595559,0.0602 0.903147,0.0301 1.866503,0.0602 0.993461,0 1.866503,0.0301 0.873041,0 1.535349,0.0301 0.692412,0 0.993461,0 h 17.189888 q 0.301049,0 0.963356,0 0.692412,-0.0301 1.565454,-0.0301 0.873042,-0.0301 1.836398,-0.0301 0.993461,-0.0301 1.866503,-0.0602 0.903146,-0.0301 1.625663,-0.0602 0.722518,-0.0301 1.083776,-0.0602 l 0.873042,4.87699 q -1.926713,-0.54189 -4.335103,-0.99346 -2.077237,-0.36126 -4.937201,-0.66231 -2.859964,-0.33115 -6.41234,-0.33115 v 28.75016 q 0,2.55892 0.06021,4.48563 0.09031,1.89661 0.18063,3.28143 0.120419,1.38483 0.270944,2.31808 0.180629,0.93325 0.361258,1.56545 v 0.12042 H 35.90723 v -0.12042 q 0.18063,-0.6322 0.331154,-1.56545 0.150524,-0.93325 0.270944,-2.31808 0.120419,-1.38482 0.180629,-3.28143 0.06021,-1.92671 0.06021,-4.48563 z"
             id="path469"
             style="font-size:61.6548px;font-family:Marcellus;-inkscape-font-specification:Marcellus;fill:#3a5416;fill-opacity:1;fill-rule:evenodd;stroke:none;stroke-width:2.53877;stroke-linejoin:bevel;stroke-opacity:1;paint-order:stroke fill markers"
             transform="rotate(-25.60554)"
             aria-label="T" /></g><g
           id="g471"
           style="fill:#3a5416;fill-opacity:1;stroke:none;stroke-opacity:1"
           transform="matrix(1.4113474,0,0,1.4113474,1438.9354,285.51925)"><path
             d="m 146.37399,116.87328 q 0.18063,-0.6322 0.33116,-1.56546 0.15052,-0.93325 0.27094,-2.31807 0.12042,-1.38483 0.18063,-3.28143 0.0602,-1.92672 0.0602,-4.48563 V 85.62441 q 0,-2.558915 -0.0602,-4.455523 -0.0602,-1.926712 -0.18063,-3.311537 -0.12042,-1.414929 -0.27094,-2.348181 -0.15053,-0.933251 -0.33116,-1.565454 v -0.120419 h 7.19507 v 0.120419 q -0.18063,0.632203 -0.36126,1.565454 -0.15052,0.933252 -0.27094,2.348181 -0.0903,1.384825 -0.18063,3.311537 -0.0602,1.896608 -0.0602,4.455523 v 19.59828 q 0,2.55891 0.0602,4.48563 0.0903,1.8966 0.18063,3.28143 0.12042,1.38482 0.27094,2.31807 0.18063,0.93326 0.36126,1.56546 v 0.12042 h -7.19507 z"
             id="path470"
             style="font-size:61.6548px;font-family:Marcellus;-inkscape-font-specification:Marcellus;fill:#3a5416;fill-opacity:1;fill-rule:evenodd;stroke:none;stroke-width:2.53877;stroke-linejoin:bevel;stroke-opacity:1;paint-order:stroke fill markers"
             transform="rotate(18.055612)"
             aria-label="I" /><path
             d="m 36.750166,145.69642 q -3.552376,0 -6.41234,0.33115 -2.859964,0.30105 -4.937201,0.66231 -2.408391,0.45157 -4.304998,0.99346 l 0.873041,-4.87699 q 0.361259,0.0301 1.083776,0.0602 0.722517,0.0301 1.595559,0.0602 0.903147,0.0301 1.866503,0.0602 0.993461,0 1.866503,0.0301 0.873041,0 1.535349,0.0301 0.692412,0 0.993461,0 h 17.189888 q 0.301049,0 0.963356,0 0.692412,-0.0301 1.565454,-0.0301 0.873042,-0.0301 1.836398,-0.0301 0.993461,-0.0301 1.866503,-0.0602 0.903146,-0.0301 1.625663,-0.0602 0.722518,-0.0301 1.083776,-0.0602 l 0.873042,4.87699 q -1.926713,-0.54189 -4.335103,-0.99346 -2.077237,-0.36126 -4.937201,-0.66231 -2.859964,-0.33115 -6.41234,-0.33115 v 28.75016 q 0,2.55892 0.06021,4.48563 0.09031,1.89661 0.18063,3.28143 0.120419,1.38483 0.270944,2.31808 0.180629,0.93325 0.361258,1.56545 v 0.12042 H 35.90723 v -0.12042 q 0.18063,-0.6322 0.331154,-1.56545 0.150524,-0.93325 0.270944,-2.31808 0.120419,-1.38482 0.180629,-3.28143 0.06021,-1.92671 0.06021,-4.48563 z"
             id="path471"
             style="font-size:61.6548px;font-family:Marcellus;-inkscape-font-specification:Marcellus;fill:#3a5416;fill-opacity:1;fill-rule:evenodd;stroke:none;stroke-width:2.53877;stroke-linejoin:bevel;stroke-opacity:1;paint-order:stroke fill markers"
             transform="rotate(-25.60554)"
             aria-label="T" /></g><g
           id="g473"
           style="fill:#3a5416;fill-opacity:1;stroke:none;stroke-opacity:1"
           transform="matrix(1.4113474,0,0,1.4113474,1507.5579,285.51925)"><path
             d="m 146.37399,116.87328 q 0.18063,-0.6322 0.33116,-1.56546 0.15052,-0.93325 0.27094,-2.31807 0.12042,-1.38483 0.18063,-3.28143 0.0602,-1.92672 0.0602,-4.48563 V 85.62441 q 0,-2.558915 -0.0602,-4.455523 -0.0602,-1.926712 -0.18063,-3.311537 -0.12042,-1.414929 -0.27094,-2.348181 -0.15053,-0.933251 -0.33116,-1.565454 v -0.120419 h 7.19507 v 0.120419 q -0.18063,0.632203 -0.36126,1.565454 -0.15052,0.933252 -0.27094,2.348181 -0.0903,1.384825 -0.18063,3.311537 -0.0602,1.896608 -0.0602,4.455523 v 19.59828 q 0,2.55891 0.0602,4.48563 0.0903,1.8966 0.18063,3.28143 0.12042,1.38482 0.27094,2.31807 0.18063,0.93326 0.36126,1.56546 v 0.12042 h -7.19507 z"
             id="path472"
             style="font-size:61.6548px;font-family:Marcellus;-inkscape-font-specification:Marcellus;fill:#3a5416;fill-opacity:1;fill-rule:evenodd;stroke:none;stroke-width:2.53877;stroke-linejoin:bevel;stroke-opacity:1;paint-order:stroke fill markers"
             transform="rotate(18.055612)"
             aria-label="I" /><path
             d="m 36.750166,145.69642 q -3.552376,0 -6.41234,0.33115 -2.859964,0.30105 -4.937201,0.66231 -2.408391,0.45157 -4.304998,0.99346 l 0.873041,-4.87699 q 0.361259,0.0301 1.083776,0.0602 0.722517,0.0301 1.595559,0.0602 0.903147,0.0301 1.866503,0.0602 0.993461,0 1.866503,0.0301 0.873041,0 1.535349,0.0301 0.692412,0 0.993461,0 h 17.189888 q 0.301049,0 0.963356,0 0.692412,-0.0301 1.565454,-0.0301 0.873042,-0.0301 1.836398,-0.0301 0.993461,-0.0301 1.866503,-0.0602 0.903146,-0.0301 1.625663,-0.0602 0.722518,-0.0301 1.083776,-0.0602 l 0.873042,4.87699 q -1.926713,-0.54189 -4.335103,-0.99346 -2.077237,-0.36126 -4.937201,-0.66231 -2.859964,-0.33115 -6.41234,-0.33115 v 28.75016 q 0,2.55892 0.06021,4.48563 0.09031,1.89661 0.18063,3.28143 0.120419,1.38483 0.270944,2.31808 0.180629,0.93325 0.361258,1.56545 v 0.12042 H 35.90723 v -0.12042 q 0.18063,-0.6322 0.331154,-1.56545 0.150524,-0.93325 0.270944,-2.31808 0.120419,-1.38482 0.180629,-3.28143 0.06021,-1.92671 0.06021,-4.48563 z"
             id="path473"
             style="font-size:61.6548px;font-family:Marcellus;-inkscape-font-specification:Marcellus;fill:#3a5416;fill-opacity:1;fill-rule:evenodd;stroke:none;stroke-width:2.53877;stroke-linejoin:bevel;stroke-opacity:1;paint-order:stroke fill markers"
             transform="rotate(-25.60554)"
             aria-label="T" /></g><g
           id="g475"
           style="fill:#3a5416;fill-opacity:1;stroke:none;stroke-opacity:1"
           transform="matrix(1.4113474,0,0,1.4113474,1439.751,362.08849)"><path
             d="m 146.37399,116.87328 q 0.18063,-0.6322 0.33116,-1.56546 0.15052,-0.93325 0.27094,-2.31807 0.12042,-1.38483 0.18063,-3.28143 0.0602,-1.92672 0.0602,-4.48563 V 85.62441 q 0,-2.558915 -0.0602,-4.455523 -0.0602,-1.926712 -0.18063,-3.311537 -0.12042,-1.414929 -0.27094,-2.348181 -0.15053,-0.933251 -0.33116,-1.565454 v -0.120419 h 7.19507 v 0.120419 q -0.18063,0.632203 -0.36126,1.565454 -0.15052,0.933252 -0.27094,2.348181 -0.0903,1.384825 -0.18063,3.311537 -0.0602,1.896608 -0.0602,4.455523 v 19.59828 q 0,2.55891 0.0602,4.48563 0.0903,1.8966 0.18063,3.28143 0.12042,1.38482 0.27094,2.31807 0.18063,0.93326 0.36126,1.56546 v 0.12042 h -7.19507 z"
             id="path474"
             style="font-size:61.6548px;font-family:Marcellus;-inkscape-font-specification:Marcellus;fill:#3a5416;fill-opacity:1;fill-rule:evenodd;stroke:none;stroke-width:2.53877;stroke-linejoin:bevel;stroke-opacity:1;paint-order:stroke fill markers"
             transform="rotate(18.055612)"
             aria-label="I" /><path
             d="m 36.750166,145.69642 q -3.552376,0 -6.41234,0.33115 -2.859964,0.30105 -4.937201,0.66231 -2.408391,0.45157 -4.304998,0.99346 l 0.873041,-4.87699 q 0.361259,0.0301 1.083776,0.0602 0.722517,0.0301 1.595559,0.0602 0.903147,0.0301 1.866503,0.0602 0.993461,0 1.866503,0.0301 0.873041,0 1.535349,0.0301 0.692412,0 0.993461,0 h 17.189888 q 0.301049,0 0.963356,0 0.692412,-0.0301 1.565454,-0.0301 0.873042,-0.0301 1.836398,-0.0301 0.993461,-0.0301 1.866503,-0.0602 0.903146,-0.0301 1.625663,-0.0602 0.722518,-0.0301 1.083776,-0.0602 l 0.873042,4.87699 q -1.926713,-0.54189 -4.335103,-0.99346 -2.077237,-0.36126 -4.937201,-0.66231 -2.859964,-0.33115 -6.41234,-0.33115 v 28.75016 q 0,2.55892 0.06021,4.48563 0.09031,1.89661 0.18063,3.28143 0.120419,1.38483 0.270944,2.31808 0.180629,0.93325 0.361258,1.56545 v 0.12042 H 35.90723 v -0.12042 q 0.18063,-0.6322 0.331154,-1.56545 0.150524,-0.93325 0.270944,-2.31808 0.120419,-1.38482 0.180629,-3.28143 0.06021,-1.92671 0.06021,-4.48563 z"
             id="path475"
             style="font-size:61.6548px;font-family:Marcellus;-inkscape-font-specification:Marcellus;fill:#3a5416;fill-opacity:1;fill-rule:evenodd;stroke:none;stroke-width:2.53877;stroke-linejoin:bevel;stroke-opacity:1;paint-order:stroke fill markers"
             transform="rotate(-25.60554)"
             aria-label="T" /></g><g
           id="g477"
           style="fill:#3a5416;fill-opacity:1;stroke:none;stroke-opacity:1"
           transform="matrix(1.4113474,0,0,1.4113474,1508.3735,362.08849)"><path
             d="m 146.37399,116.87328 q 0.18063,-0.6322 0.33116,-1.56546 0.15052,-0.93325 0.27094,-2.31807 0.12042,-1.38483 0.18063,-3.28143 0.0602,-1.92672 0.0602,-4.48563 V 85.62441 q 0,-2.558915 -0.0602,-4.455523 -0.0602,-1.926712 -0.18063,-3.311537 -0.12042,-1.414929 -0.27094,-2.348181 -0.15053,-0.933251 -0.33116,-1.565454 v -0.120419 h 7.19507 v 0.120419 q -0.18063,0.632203 -0.36126,1.565454 -0.15052,0.933252 -0.27094,2.348181 -0.0903,1.384825 -0.18063,3.311537 -0.0602,1.896608 -0.0602,4.455523 v 19.59828 q 0,2.55891 0.0602,4.48563 0.0903,1.8966 0.18063,3.28143 0.12042,1.38482 0.27094,2.31807 0.18063,0.93326 0.36126,1.56546 v 0.12042 h -7.19507 z"
             id="path476"
             style="font-size:61.6548px;font-family:Marcellus;-inkscape-font-specification:Marcellus;fill:#3a5416;fill-opacity:1;fill-rule:evenodd;stroke:none;stroke-width:2.53877;stroke-linejoin:bevel;stroke-opacity:1;paint-order:stroke fill markers"
             transform="rotate(18.055612)"
             aria-label="I" /><path
             d="m 36.750166,145.69642 q -3.552376,0 -6.41234,0.33115 -2.859964,0.30105 -4.937201,0.66231 -2.408391,0.45157 -4.304998,0.99346 l 0.873041,-4.87699 q 0.361259,0.0301 1.083776,0.0602 0.722517,0.0301 1.595559,0.0602 0.903147,0.0301 1.866503,0.0602 0.993461,0 1.866503,0.0301 0.873041,0 1.535349,0.0301 0.692412,0 0.993461,0 h 17.189888 q 0.301049,0 0.963356,0 0.692412,-0.0301 1.565454,-0.0301 0.873042,-0.0301 1.836398,-0.0301 0.993461,-0.0301 1.866503,-0.0602 0.903146,-0.0301 1.625663,-0.0602 0.722518,-0.0301 1.083776,-0.0602 l 0.873042,4.87699 q -1.926713,-0.54189 -4.335103,-0.99346 -2.077237,-0.36126 -4.937201,-0.66231 -2.859964,-0.33115 -6.41234,-0.33115 v 28.75016 q 0,2.55892 0.06021,4.48563 0.09031,1.89661 0.18063,3.28143 0.120419,1.38483 0.270944,2.31808 0.180629,0.93325 0.361258,1.56545 v 0.12042 H 35.90723 v -0.12042 q 0.18063,-0.6322 0.331154,-1.56545 0.150524,-0.93325 0.270944,-2.31808 0.120419,-1.38482 0.180629,-3.28143 0.06021,-1.92671 0.06021,-4.48563 z"
             id="path477"
             style="font-size:61.6548px;font-family:Marcellus;-inkscape-font-specification:Marcellus;fill:#3a5416;fill-opacity:1;fill-rule:evenodd;stroke:none;stroke-width:2.53877;stroke-linejoin:bevel;stroke-opacity:1;paint-order:stroke fill markers"
             transform="rotate(-25.60554)"
             aria-label="T" /></g><g
           id="g479"
           style="fill:#3a5416;fill-opacity:1;stroke:none;stroke-opacity:1"
           transform="matrix(1.4113474,0,0,1.4113474,1438.9354,285.51925)"><path
             d="m 146.37399,116.87328 q 0.18063,-0.6322 0.33116,-1.56546 0.15052,-0.93325 0.27094,-2.31807 0.12042,-1.38483 0.18063,-3.28143 0.0602,-1.92672 0.0602,-4.48563 V 85.62441 q 0,-2.558915 -0.0602,-4.455523 -0.0602,-1.926712 -0.18063,-3.311537 -0.12042,-1.414929 -0.27094,-2.348181 -0.15053,-0.933251 -0.33116,-1.565454 v -0.120419 h 7.19507 v 0.120419 q -0.18063,0.632203 -0.36126,1.565454 -0.15052,0.933252 -0.27094,2.348181 -0.0903,1.384825 -0.18063,3.311537 -0.0602,1.896608 -0.0602,4.455523 v 19.59828 q 0,2.55891 0.0602,4.48563 0.0903,1.8966 0.18063,3.28143 0.12042,1.38482 0.27094,2.31807 0.18063,0.93326 0.36126,1.56546 v 0.12042 h -7.19507 z"
             id="path478"
             style="font-size:61.6548px;font-family:Marcellus;-inkscape-font-specification:Marcellus;fill:#3a5416;fill-opacity:1;fill-rule:evenodd;stroke:none;stroke-width:2.53877;stroke-linejoin:bevel;stroke-opacity:1;paint-order:stroke fill markers"
             transform="rotate(18.055612)"
             aria-label="I" /><path
             d="m 36.750166,145.69642 q -3.552376,0 -6.41234,0.33115 -2.859964,0.30105 -4.937201,0.66231 -2.408391,0.45157 -4.304998,0.99346 l 0.873041,-4.87699 q 0.361259,0.0301 1.083776,0.0602 0.722517,0.0301 1.595559,0.0602 0.903147,0.0301 1.866503,0.0602 0.993461,0 1.866503,0.0301 0.873041,0 1.535349,0.0301 0.692412,0 0.993461,0 h 17.189888 q 0.301049,0 0.963356,0 0.692412,-0.0301 1.565454,-0.0301 0.873042,-0.0301 1.836398,-0.0301 0.993461,-0.0301 1.866503,-0.0602 0.903146,-0.0301 1.625663,-0.0602 0.722518,-0.0301 1.083776,-0.0602 l 0.873042,4.87699 q -1.926713,-0.54189 -4.335103,-0.99346 -2.077237,-0.36126 -4.937201,-0.66231 -2.859964,-0.33115 -6.41234,-0.33115 v 28.75016 q 0,2.55892 0.06021,4.48563 0.09031,1.89661 0.18063,3.28143 0.120419,1.38483 0.270944,2.31808 0.180629,0.93325 0.361258,1.56545 v 0.12042 H 35.90723 v -0.12042 q 0.18063,-0.6322 0.331154,-1.56545 0.150524,-0.93325 0.270944,-2.31808 0.120419,-1.38482 0.180629,-3.28143 0.06021,-1.92671 0.06021,-4.48563 z"
             id="path479"
             style="font-size:61.6548px;font-family:Marcellus;-inkscape-font-specification:Marcellus;fill:#3a5416;fill-opacity:1;fill-rule:evenodd;stroke:none;stroke-width:2.53877;stroke-linejoin:bevel;stroke-opacity:1;paint-order:stroke fill markers"
             transform="rotate(-25.60554)"
             aria-label="T" /></g><g
           id="g481"
           style="fill:#3a5416;fill-opacity:1;stroke:none;stroke-opacity:1"
           transform="matrix(1.4113474,0,0,1.4113474,1507.5579,285.51925)"><path
             d="m 146.37399,116.87328 q 0.18063,-0.6322 0.33116,-1.56546 0.15052,-0.93325 0.27094,-2.31807 0.12042,-1.38483 0.18063,-3.28143 0.0602,-1.92672 0.0602,-4.48563 V 85.62441 q 0,-2.558915 -0.0602,-4.455523 -0.0602,-1.926712 -0.18063,-3.311537 -0.12042,-1.414929 -0.27094,-2.348181 -0.15053,-0.933251 -0.33116,-1.565454 v -0.120419 h 7.19507 v 0.120419 q -0.18063,0.632203 -0.36126,1.565454 -0.15052,0.933252 -0.27094,2.348181 -0.0903,1.384825 -0.18063,3.311537 -0.0602,1.896608 -0.0602,4.455523 v 19.59828 q 0,2.55891 0.0602,4.48563 0.0903,1.8966 0.18063,3.28143 0.12042,1.38482 0.27094,2.31807 0.18063,0.93326 0.36126,1.56546 v 0.12042 h -7.19507 z"
             id="path480"
             style="font-size:61.6548px;font-family:Marcellus;-inkscape-font-specification:Marcellus;fill:#3a5416;fill-opacity:1;fill-rule:evenodd;stroke:none;stroke-width:2.53877;stroke-linejoin:bevel;stroke-opacity:1;paint-order:stroke fill markers"
             transform="rotate(18.055612)"
             aria-label="I" /><path
             d="m 36.750166,145.69642 q -3.552376,0 -6.41234,0.33115 -2.859964,0.30105 -4.937201,0.66231 -2.408391,0.45157 -4.304998,0.99346 l 0.873041,-4.87699 q 0.361259,0.0301 1.083776,0.0602 0.722517,0.0301 1.595559,0.0602 0.903147,0.0301 1.866503,0.0602 0.993461,0 1.866503,0.0301 0.873041,0 1.535349,0.0301 0.692412,0 0.993461,0 h 17.189888 q 0.301049,0 0.963356,0 0.692412,-0.0301 1.565454,-0.0301 0.873042,-0.0301 1.836398,-0.0301 0.993461,-0.0301 1.866503,-0.0602 0.903146,-0.0301 1.625663,-0.0602 0.722518,-0.0301 1.083776,-0.0602 l 0.873042,4.87699 q -1.926713,-0.54189 -4.335103,-0.99346 -2.077237,-0.36126 -4.937201,-0.66231 -2.859964,-0.33115 -6.41234,-0.33115 v 28.75016 q 0,2.55892 0.06021,4.48563 0.09031,1.89661 0.18063,3.28143 0.120419,1.38483 0.270944,2.31808 0.180629,0.93325 0.361258,1.56545 v 0.12042 H 35.90723 v -0.12042 q 0.18063,-0.6322 0.331154,-1.56545 0.150524,-0.93325 0.270944,-2.31808 0.120419,-1.38482 0.180629,-3.28143 0.06021,-1.92671 0.06021,-4.48563 z"
             id="path481"
             style="font-size:61.6548px;font-family:Marcellus;-inkscape-font-specification:Marcellus;fill:#3a5416;fill-opacity:1;fill-rule:evenodd;stroke:none;stroke-width:2.53877;stroke-linejoin:bevel;stroke-opacity:1;paint-order:stroke fill markers"
             transform="rotate(-25.60554)"
             aria-label="T" /></g><g
           id="g483"
           style="fill:#3a5416;fill-opacity:1;stroke:none;stroke-opacity:1"
           transform="matrix(1.4113474,0,0,1.4113474,1439.751,362.08849)"><path
             d="m 146.37399,116.87328 q 0.18063,-0.6322 0.33116,-1.56546 0.15052,-0.93325 0.27094,-2.31807 0.12042,-1.38483 0.18063,-3.28143 0.0602,-1.92672 0.0602,-4.48563 V 85.62441 q 0,-2.558915 -0.0602,-4.455523 -0.0602,-1.926712 -0.18063,-3.311537 -0.12042,-1.414929 -0.27094,-2.348181 -0.15053,-0.933251 -0.33116,-1.565454 v -0.120419 h 7.19507 v 0.120419 q -0.18063,0.632203 -0.36126,1.565454 -0.15052,0.933252 -0.27094,2.348181 -0.0903,1.384825 -0.18063,3.311537 -0.0602,1.896608 -0.0602,4.455523 v 19.59828 q 0,2.55891 0.0602,4.48563 0.0903,1.8966 0.18063,3.28143 0.12042,1.38482 0.27094,2.31807 0.18063,0.93326 0.36126,1.56546 v 0.12042 h -7.19507 z"
             id="path482"
             style="font-size:61.6548px;font-family:Marcellus;-inkscape-font-specification:Marcellus;fill:#3a5416;fill-opacity:1;fill-rule:evenodd;stroke:none;stroke-width:2.53877;stroke-linejoin:bevel;stroke-opacity:1;paint-order:stroke fill markers"
             transform="rotate(18.055612)"
             aria-label="I" /><path
             d="m 36.750166,145.69642 q -3.552376,0 -6.41234,0.33115 -2.859964,0.30105 -4.937201,0.66231 -2.408391,0.45157 -4.304998,0.99346 l 0.873041,-4.87699 q 0.361259,0.0301 1.083776,0.0602 0.722517,0.0301 1.595559,0.0602 0.903147,0.0301 1.866503,0.0602 0.993461,0 1.866503,0.0301 0.873041,0 1.535349,0.0301 0.692412,0 0.993461,0 h 17.189888 q 0.301049,0 0.963356,0 0.692412,-0.0301 1.565454,-0.0301 0.873042,-0.0301 1.836398,-0.0301 0.993461,-0.0301 1.866503,-0.0602 0.903146,-0.0301 1.625663,-0.0602 0.722518,-0.0301 1.083776,-0.0602 l 0.873042,4.87699 q -1.926713,-0.54189 -4.335103,-0.99346 -2.077237,-0.36126 -4.937201,-0.66231 -2.859964,-0.33115 -6.41234,-0.33115 v 28.75016 q 0,2.55892 0.06021,4.48563 0.09031,1.89661 0.18063,3.28143 0.120419,1.38483 0.270944,2.31808 0.180629,0.93325 0.361258,1.56545 v 0.12042 H 35.90723 v -0.12042 q 0.18063,-0.6322 0.331154,-1.56545 0.150524,-0.93325 0.270944,-2.31808 0.120419,-1.38482 0.180629,-3.28143 0.06021,-1.92671 0.06021,-4.48563 z"
             id="path483"
             style="font-size:61.6548px;font-family:Marcellus;-inkscape-font-specification:Marcellus;fill:#3a5416;fill-opacity:1;fill-rule:evenodd;stroke:none;stroke-width:2.53877;stroke-linejoin:bevel;stroke-opacity:1;paint-order:stroke fill markers"
             transform="rotate(-25.60554)"
             aria-label="T" /></g><g
           id="g485"
           style="fill:#3a5416;fill-opacity:1;stroke:none;stroke-opacity:1"
           transform="matrix(1.4113474,0,0,1.4113474,1508.3735,362.08849)"><path
             d="m 146.37399,116.87328 q 0.18063,-0.6322 0.33116,-1.56546 0.15052,-0.93325 0.27094,-2.31807 0.12042,-1.38483 0.18063,-3.28143 0.0602,-1.92672 0.0602,-4.48563 V 85.62441 q 0,-2.558915 -0.0602,-4.455523 -0.0602,-1.926712 -0.18063,-3.311537 -0.12042,-1.414929 -0.27094,-2.348181 -0.15053,-0.933251 -0.33116,-1.565454 v -0.120419 h 7.19507 v 0.120419 q -0.18063,0.632203 -0.36126,1.565454 -0.15052,0.933252 -0.27094,2.348181 -0.0903,1.384825 -0.18063,3.311537 -0.0602,1.896608 -0.0602,4.455523 v 19.59828 q 0,2.55891 0.0602,4.48563 0.0903,1.8966 0.18063,3.28143 0.12042,1.38482 0.27094,2.31807 0.18063,0.93326 0.36126,1.56546 v 0.12042 h -7.19507 z"
             id="path484"
             style="font-size:61.6548px;font-family:Marcellus;-inkscape-font-specification:Marcellus;fill:#3a5416;fill-opacity:1;fill-rule:evenodd;stroke:none;stroke-width:2.53877;stroke-linejoin:bevel;stroke-opacity:1;paint-order:stroke fill markers"
             transform="rotate(18.055612)"
             aria-label="I" /><path
             d="m 36.750166,145.69642 q -3.552376,0 -6.41234,0.33115 -2.859964,0.30105 -4.937201,0.66231 -2.408391,0.45157 -4.304998,0.99346 l 0.873041,-4.87699 q 0.361259,0.0301 1.083776,0.0602 0.722517,0.0301 1.595559,0.0602 0.903147,0.0301 1.866503,0.0602 0.993461,0 1.866503,0.0301 0.873041,0 1.535349,0.0301 0.692412,0 0.993461,0 h 17.189888 q 0.301049,0 0.963356,0 0.692412,-0.0301 1.565454,-0.0301 0.873042,-0.0301 1.836398,-0.0301 0.993461,-0.0301 1.866503,-0.0602 0.903146,-0.0301 1.625663,-0.0602 0.722518,-0.0301 1.083776,-0.0602 l 0.873042,4.87699 q -1.926713,-0.54189 -4.335103,-0.99346 -2.077237,-0.36126 -4.937201,-0.66231 -2.859964,-0.33115 -6.41234,-0.33115 v 28.75016 q 0,2.55892 0.06021,4.48563 0.09031,1.89661 0.18063,3.28143 0.120419,1.38483 0.270944,2.31808 0.180629,0.93325 0.361258,1.56545 v 0.12042 H 35.90723 v -0.12042 q 0.18063,-0.6322 0.331154,-1.56545 0.150524,-0.93325 0.270944,-2.31808 0.120419,-1.38482 0.180629,-3.28143 0.06021,-1.92671 0.06021,-4.48563 z"
             id="path485"
             style="font-size:61.6548px;font-family:Marcellus;-inkscape-font-specification:Marcellus;fill:#3a5416;fill-opacity:1;fill-rule:evenodd;stroke:none;stroke-width:2.53877;stroke-linejoin:bevel;stroke-opacity:1;paint-order:stroke fill markers"
             transform="rotate(-25.60554)"
             aria-label="T" /></g><g
           id="g487"
           style="fill:#3a5416;fill-opacity:1;stroke:none;stroke-opacity:1"
           transform="matrix(1.4113474,0,0,1.4113474,1575.5713,285.51925)"><path
             d="m 146.37399,116.87328 q 0.18063,-0.6322 0.33116,-1.56546 0.15052,-0.93325 0.27094,-2.31807 0.12042,-1.38483 0.18063,-3.28143 0.0602,-1.92672 0.0602,-4.48563 V 85.62441 q 0,-2.558915 -0.0602,-4.455523 -0.0602,-1.926712 -0.18063,-3.311537 -0.12042,-1.414929 -0.27094,-2.348181 -0.15053,-0.933251 -0.33116,-1.565454 v -0.120419 h 7.19507 v 0.120419 q -0.18063,0.632203 -0.36126,1.565454 -0.15052,0.933252 -0.27094,2.348181 -0.0903,1.384825 -0.18063,3.311537 -0.0602,1.896608 -0.0602,4.455523 v 19.59828 q 0,2.55891 0.0602,4.48563 0.0903,1.8966 0.18063,3.28143 0.12042,1.38482 0.27094,2.31807 0.18063,0.93326 0.36126,1.56546 v 0.12042 h -7.19507 z"
             id="path486"
             style="font-size:61.6548px;font-family:Marcellus;-inkscape-font-specification:Marcellus;fill:#3a5416;fill-opacity:1;fill-rule:evenodd;stroke:none;stroke-width:2.53877;stroke-linejoin:bevel;stroke-opacity:1;paint-order:stroke fill markers"
             transform="rotate(18.055612)"
             aria-label="I" /><path
             d="m 36.750166,145.69642 q -3.552376,0 -6.41234,0.33115 -2.859964,0.30105 -4.937201,0.66231 -2.408391,0.45157 -4.304998,0.99346 l 0.873041,-4.87699 q 0.361259,0.0301 1.083776,0.0602 0.722517,0.0301 1.595559,0.0602 0.903147,0.0301 1.866503,0.0602 0.993461,0 1.866503,0.0301 0.873041,0 1.535349,0.0301 0.692412,0 0.993461,0 h 17.189888 q 0.301049,0 0.963356,0 0.692412,-0.0301 1.565454,-0.0301 0.873042,-0.0301 1.836398,-0.0301 0.993461,-0.0301 1.866503,-0.0602 0.903146,-0.0301 1.625663,-0.0602 0.722518,-0.0301 1.083776,-0.0602 l 0.873042,4.87699 q -1.926713,-0.54189 -4.335103,-0.99346 -2.077237,-0.36126 -4.937201,-0.66231 -2.859964,-0.33115 -6.41234,-0.33115 v 28.75016 q 0,2.55892 0.06021,4.48563 0.09031,1.89661 0.18063,3.28143 0.120419,1.38483 0.270944,2.31808 0.180629,0.93325 0.361258,1.56545 v 0.12042 H 35.90723 v -0.12042 q 0.18063,-0.6322 0.331154,-1.56545 0.150524,-0.93325 0.270944,-2.31808 0.120419,-1.38482 0.180629,-3.28143 0.06021,-1.92671 0.06021,-4.48563 z"
             id="path487"
             style="font-size:61.6548px;font-family:Marcellus;-inkscape-font-specification:Marcellus;fill:#3a5416;fill-opacity:1;fill-rule:evenodd;stroke:none;stroke-width:2.53877;stroke-linejoin:bevel;stroke-opacity:1;paint-order:stroke fill markers"
             transform="rotate(-25.60554)"
             aria-label="T" /></g><g
           id="g489"
           style="fill:#3a5416;fill-opacity:1;stroke:none;stroke-opacity:1"
           transform="matrix(1.4113474,0,0,1.4113474,1644.1938,285.51925)"><path
             d="m 146.37399,116.87328 q 0.18063,-0.6322 0.33116,-1.56546 0.15052,-0.93325 0.27094,-2.31807 0.12042,-1.38483 0.18063,-3.28143 0.0602,-1.92672 0.0602,-4.48563 V 85.62441 q 0,-2.558915 -0.0602,-4.455523 -0.0602,-1.926712 -0.18063,-3.311537 -0.12042,-1.414929 -0.27094,-2.348181 -0.15053,-0.933251 -0.33116,-1.565454 v -0.120419 h 7.19507 v 0.120419 q -0.18063,0.632203 -0.36126,1.565454 -0.15052,0.933252 -0.27094,2.348181 -0.0903,1.384825 -0.18063,3.311537 -0.0602,1.896608 -0.0602,4.455523 v 19.59828 q 0,2.55891 0.0602,4.48563 0.0903,1.8966 0.18063,3.28143 0.12042,1.38482 0.27094,2.31807 0.18063,0.93326 0.36126,1.56546 v 0.12042 h -7.19507 z"
             id="path488"
             style="font-size:61.6548px;font-family:Marcellus;-inkscape-font-specification:Marcellus;fill:#3a5416;fill-opacity:1;fill-rule:evenodd;stroke:none;stroke-width:2.53877;stroke-linejoin:bevel;stroke-opacity:1;paint-order:stroke fill markers"
             transform="rotate(18.055612)"
             aria-label="I" /><path
             d="m 36.750166,145.69642 q -3.552376,0 -6.41234,0.33115 -2.859964,0.30105 -4.937201,0.66231 -2.408391,0.45157 -4.304998,0.99346 l 0.873041,-4.87699 q 0.361259,0.0301 1.083776,0.0602 0.722517,0.0301 1.595559,0.0602 0.903147,0.0301 1.866503,0.0602 0.993461,0 1.866503,0.0301 0.873041,0 1.535349,0.0301 0.692412,0 0.993461,0 h 17.189888 q 0.301049,0 0.963356,0 0.692412,-0.0301 1.565454,-0.0301 0.873042,-0.0301 1.836398,-0.0301 0.993461,-0.0301 1.866503,-0.0602 0.903146,-0.0301 1.625663,-0.0602 0.722518,-0.0301 1.083776,-0.0602 l 0.873042,4.87699 q -1.926713,-0.54189 -4.335103,-0.99346 -2.077237,-0.36126 -4.937201,-0.66231 -2.859964,-0.33115 -6.41234,-0.33115 v 28.75016 q 0,2.55892 0.06021,4.48563 0.09031,1.89661 0.18063,3.28143 0.120419,1.38483 0.270944,2.31808 0.180629,0.93325 0.361258,1.56545 v 0.12042 H 35.90723 v -0.12042 q 0.18063,-0.6322 0.331154,-1.56545 0.150524,-0.93325 0.270944,-2.31808 0.120419,-1.38482 0.180629,-3.28143 0.06021,-1.92671 0.06021,-4.48563 z"
             id="path489"
             style="font-size:61.6548px;font-family:Marcellus;-inkscape-font-specification:Marcellus;fill:#3a5416;fill-opacity:1;fill-rule:evenodd;stroke:none;stroke-width:2.53877;stroke-linejoin:bevel;stroke-opacity:1;paint-order:stroke fill markers"
             transform="rotate(-25.60554)"
             aria-label="T" /></g><g
           id="g491"
           style="fill:#3a5416;fill-opacity:1;stroke:none;stroke-opacity:1"
           transform="matrix(1.4113474,0,0,1.4113474,1576.3869,362.08849)"><path
             d="m 146.37399,116.87328 q 0.18063,-0.6322 0.33116,-1.56546 0.15052,-0.93325 0.27094,-2.31807 0.12042,-1.38483 0.18063,-3.28143 0.0602,-1.92672 0.0602,-4.48563 V 85.62441 q 0,-2.558915 -0.0602,-4.455523 -0.0602,-1.926712 -0.18063,-3.311537 -0.12042,-1.414929 -0.27094,-2.348181 -0.15053,-0.933251 -0.33116,-1.565454 v -0.120419 h 7.19507 v 0.120419 q -0.18063,0.632203 -0.36126,1.565454 -0.15052,0.933252 -0.27094,2.348181 -0.0903,1.384825 -0.18063,3.311537 -0.0602,1.896608 -0.0602,4.455523 v 19.59828 q 0,2.55891 0.0602,4.48563 0.0903,1.8966 0.18063,3.28143 0.12042,1.38482 0.27094,2.31807 0.18063,0.93326 0.36126,1.56546 v 0.12042 h -7.19507 z"
             id="path490"
             style="font-size:61.6548px;font-family:Marcellus;-inkscape-font-specification:Marcellus;fill:#3a5416;fill-opacity:1;fill-rule:evenodd;stroke:none;stroke-width:2.53877;stroke-linejoin:bevel;stroke-opacity:1;paint-order:stroke fill markers"
             transform="rotate(18.055612)"
             aria-label="I" /><path
             d="m 36.750166,145.69642 q -3.552376,0 -6.41234,0.33115 -2.859964,0.30105 -4.937201,0.66231 -2.408391,0.45157 -4.304998,0.99346 l 0.873041,-4.87699 q 0.361259,0.0301 1.083776,0.0602 0.722517,0.0301 1.595559,0.0602 0.903147,0.0301 1.866503,0.0602 0.993461,0 1.866503,0.0301 0.873041,0 1.535349,0.0301 0.692412,0 0.993461,0 h 17.189888 q 0.301049,0 0.963356,0 0.692412,-0.0301 1.565454,-0.0301 0.873042,-0.0301 1.836398,-0.0301 0.993461,-0.0301 1.866503,-0.0602 0.903146,-0.0301 1.625663,-0.0602 0.722518,-0.0301 1.083776,-0.0602 l 0.873042,4.87699 q -1.926713,-0.54189 -4.335103,-0.99346 -2.077237,-0.36126 -4.937201,-0.66231 -2.859964,-0.33115 -6.41234,-0.33115 v 28.75016 q 0,2.55892 0.06021,4.48563 0.09031,1.89661 0.18063,3.28143 0.120419,1.38483 0.270944,2.31808 0.180629,0.93325 0.361258,1.56545 v 0.12042 H 35.90723 v -0.12042 q 0.18063,-0.6322 0.331154,-1.56545 0.150524,-0.93325 0.270944,-2.31808 0.120419,-1.38482 0.180629,-3.28143 0.06021,-1.92671 0.06021,-4.48563 z"
             id="path491"
             style="font-size:61.6548px;font-family:Marcellus;-inkscape-font-specification:Marcellus;fill:#3a5416;fill-opacity:1;fill-rule:evenodd;stroke:none;stroke-width:2.53877;stroke-linejoin:bevel;stroke-opacity:1;paint-order:stroke fill markers"
             transform="rotate(-25.60554)"
             aria-label="T" /></g><g
           id="g493"
           style="fill:#3a5416;fill-opacity:1;stroke:none;stroke-opacity:1"
           transform="matrix(1.4113474,0,0,1.4113474,1645.0094,362.08849)"><path
             d="m 146.37399,116.87328 q 0.18063,-0.6322 0.33116,-1.56546 0.15052,-0.93325 0.27094,-2.31807 0.12042,-1.38483 0.18063,-3.28143 0.0602,-1.92672 0.0602,-4.48563 V 85.62441 q 0,-2.558915 -0.0602,-4.455523 -0.0602,-1.926712 -0.18063,-3.311537 -0.12042,-1.414929 -0.27094,-2.348181 -0.15053,-0.933251 -0.33116,-1.565454 v -0.120419 h 7.19507 v 0.120419 q -0.18063,0.632203 -0.36126,1.565454 -0.15052,0.933252 -0.27094,2.348181 -0.0903,1.384825 -0.18063,3.311537 -0.0602,1.896608 -0.0602,4.455523 v 19.59828 q 0,2.55891 0.0602,4.48563 0.0903,1.8966 0.18063,3.28143 0.12042,1.38482 0.27094,2.31807 0.18063,0.93326 0.36126,1.56546 v 0.12042 h -7.19507 z"
             id="path492"
             style="font-size:61.6548px;font-family:Marcellus;-inkscape-font-specification:Marcellus;fill:#3a5416;fill-opacity:1;fill-rule:evenodd;stroke:none;stroke-width:2.53877;stroke-linejoin:bevel;stroke-opacity:1;paint-order:stroke fill markers"
             transform="rotate(18.055612)"
             aria-label="I" /><path
             d="m 36.750166,145.69642 q -3.552376,0 -6.41234,0.33115 -2.859964,0.30105 -4.937201,0.66231 -2.408391,0.45157 -4.304998,0.99346 l 0.873041,-4.87699 q 0.361259,0.0301 1.083776,0.0602 0.722517,0.0301 1.595559,0.0602 0.903147,0.0301 1.866503,0.0602 0.993461,0 1.866503,0.0301 0.873041,0 1.535349,0.0301 0.692412,0 0.993461,0 h 17.189888 q 0.301049,0 0.963356,0 0.692412,-0.0301 1.565454,-0.0301 0.873042,-0.0301 1.836398,-0.0301 0.993461,-0.0301 1.866503,-0.0602 0.903146,-0.0301 1.625663,-0.0602 0.722518,-0.0301 1.083776,-0.0602 l 0.873042,4.87699 q -1.926713,-0.54189 -4.335103,-0.99346 -2.077237,-0.36126 -4.937201,-0.66231 -2.859964,-0.33115 -6.41234,-0.33115 v 28.75016 q 0,2.55892 0.06021,4.48563 0.09031,1.89661 0.18063,3.28143 0.120419,1.38483 0.270944,2.31808 0.180629,0.93325 0.361258,1.56545 v 0.12042 H 35.90723 v -0.12042 q 0.18063,-0.6322 0.331154,-1.56545 0.150524,-0.93325 0.270944,-2.31808 0.120419,-1.38482 0.180629,-3.28143 0.06021,-1.92671 0.06021,-4.48563 z"
             id="path493"
             style="font-size:61.6548px;font-family:Marcellus;-inkscape-font-specification:Marcellus;fill:#3a5416;fill-opacity:1;fill-rule:evenodd;stroke:none;stroke-width:2.53877;stroke-linejoin:bevel;stroke-opacity:1;paint-order:stroke fill markers"
             transform="rotate(-25.60554)"
             aria-label="T" /></g><g
           id="g495"
           style="fill:#3a5416;fill-opacity:1;stroke:none;stroke-opacity:1"
           transform="matrix(1.4113474,0,0,1.4113474,1575.5713,285.51925)"><path
             d="m 146.37399,116.87328 q 0.18063,-0.6322 0.33116,-1.56546 0.15052,-0.93325 0.27094,-2.31807 0.12042,-1.38483 0.18063,-3.28143 0.0602,-1.92672 0.0602,-4.48563 V 85.62441 q 0,-2.558915 -0.0602,-4.455523 -0.0602,-1.926712 -0.18063,-3.311537 -0.12042,-1.414929 -0.27094,-2.348181 -0.15053,-0.933251 -0.33116,-1.565454 v -0.120419 h 7.19507 v 0.120419 q -0.18063,0.632203 -0.36126,1.565454 -0.15052,0.933252 -0.27094,2.348181 -0.0903,1.384825 -0.18063,3.311537 -0.0602,1.896608 -0.0602,4.455523 v 19.59828 q 0,2.55891 0.0602,4.48563 0.0903,1.8966 0.18063,3.28143 0.12042,1.38482 0.27094,2.31807 0.18063,0.93326 0.36126,1.56546 v 0.12042 h -7.19507 z"
             id="path494"
             style="font-size:61.6548px;font-family:Marcellus;-inkscape-font-specification:Marcellus;fill:#3a5416;fill-opacity:1;fill-rule:evenodd;stroke:none;stroke-width:2.53877;stroke-linejoin:bevel;stroke-opacity:1;paint-order:stroke fill markers"
             transform="rotate(18.055612)"
             aria-label="I" /><path
             d="m 36.750166,145.69642 q -3.552376,0 -6.41234,0.33115 -2.859964,0.30105 -4.937201,0.66231 -2.408391,0.45157 -4.304998,0.99346 l 0.873041,-4.87699 q 0.361259,0.0301 1.083776,0.0602 0.722517,0.0301 1.595559,0.0602 0.903147,0.0301 1.866503,0.0602 0.993461,0 1.866503,0.0301 0.873041,0 1.535349,0.0301 0.692412,0 0.993461,0 h 17.189888 q 0.301049,0 0.963356,0 0.692412,-0.0301 1.565454,-0.0301 0.873042,-0.0301 1.836398,-0.0301 0.993461,-0.0301 1.866503,-0.0602 0.903146,-0.0301 1.625663,-0.0602 0.722518,-0.0301 1.083776,-0.0602 l 0.873042,4.87699 q -1.926713,-0.54189 -4.335103,-0.99346 -2.077237,-0.36126 -4.937201,-0.66231 -2.859964,-0.33115 -6.41234,-0.33115 v 28.75016 q 0,2.55892 0.06021,4.48563 0.09031,1.89661 0.18063,3.28143 0.120419,1.38483 0.270944,2.31808 0.180629,0.93325 0.361258,1.56545 v 0.12042 H 35.90723 v -0.12042 q 0.18063,-0.6322 0.331154,-1.56545 0.150524,-0.93325 0.270944,-2.31808 0.120419,-1.38482 0.180629,-3.28143 0.06021,-1.92671 0.06021,-4.48563 z"
             id="path495"
             style="font-size:61.6548px;font-family:Marcellus;-inkscape-font-specification:Marcellus;fill:#3a5416;fill-opacity:1;fill-rule:evenodd;stroke:none;stroke-width:2.53877;stroke-linejoin:bevel;stroke-opacity:1;paint-order:stroke fill markers"
             transform="rotate(-25.60554)"
             aria-label="T" /></g><g
           id="g497"
           style="fill:#3a5416;fill-opacity:1;stroke:none;stroke-opacity:1"
           transform="matrix(1.4113474,0,0,1.4113474,1644.1938,285.51925)"><path
             d="m 146.37399,116.87328 q 0.18063,-0.6322 0.33116,-1.56546 0.15052,-0.93325 0.27094,-2.31807 0.12042,-1.38483 0.18063,-3.28143 0.0602,-1.92672 0.0602,-4.48563 V 85.62441 q 0,-2.558915 -0.0602,-4.455523 -0.0602,-1.926712 -0.18063,-3.311537 -0.12042,-1.414929 -0.27094,-2.348181 -0.15053,-0.933251 -0.33116,-1.565454 v -0.120419 h 7.19507 v 0.120419 q -0.18063,0.632203 -0.36126,1.565454 -0.15052,0.933252 -0.27094,2.348181 -0.0903,1.384825 -0.18063,3.311537 -0.0602,1.896608 -0.0602,4.455523 v 19.59828 q 0,2.55891 0.0602,4.48563 0.0903,1.8966 0.18063,3.28143 0.12042,1.38482 0.27094,2.31807 0.18063,0.93326 0.36126,1.56546 v 0.12042 h -7.19507 z"
             id="path496"
             style="font-size:61.6548px;font-family:Marcellus;-inkscape-font-specification:Marcellus;fill:#3a5416;fill-opacity:1;fill-rule:evenodd;stroke:none;stroke-width:2.53877;stroke-linejoin:bevel;stroke-opacity:1;paint-order:stroke fill markers"
             transform="rotate(18.055612)"
             aria-label="I" /><path
             d="m 36.750166,145.69642 q -3.552376,0 -6.41234,0.33115 -2.859964,0.30105 -4.937201,0.66231 -2.408391,0.45157 -4.304998,0.99346 l 0.873041,-4.87699 q 0.361259,0.0301 1.083776,0.0602 0.722517,0.0301 1.595559,0.0602 0.903147,0.0301 1.866503,0.0602 0.993461,0 1.866503,0.0301 0.873041,0 1.535349,0.0301 0.692412,0 0.993461,0 h 17.189888 q 0.301049,0 0.963356,0 0.692412,-0.0301 1.565454,-0.0301 0.873042,-0.0301 1.836398,-0.0301 0.993461,-0.0301 1.866503,-0.0602 0.903146,-0.0301 1.625663,-0.0602 0.722518,-0.0301 1.083776,-0.0602 l 0.873042,4.87699 q -1.926713,-0.54189 -4.335103,-0.99346 -2.077237,-0.36126 -4.937201,-0.66231 -2.859964,-0.33115 -6.41234,-0.33115 v 28.75016 q 0,2.55892 0.06021,4.48563 0.09031,1.89661 0.18063,3.28143 0.120419,1.38483 0.270944,2.31808 0.180629,0.93325 0.361258,1.56545 v 0.12042 H 35.90723 v -0.12042 q 0.18063,-0.6322 0.331154,-1.56545 0.150524,-0.93325 0.270944,-2.31808 0.120419,-1.38482 0.180629,-3.28143 0.06021,-1.92671 0.06021,-4.48563 z"
             id="path497"
             style="font-size:61.6548px;font-family:Marcellus;-inkscape-font-specification:Marcellus;fill:#3a5416;fill-opacity:1;fill-rule:evenodd;stroke:none;stroke-width:2.53877;stroke-linejoin:bevel;stroke-opacity:1;paint-order:stroke fill markers"
             transform="rotate(-25.60554)"
             aria-label="T" /></g><g
           id="g499"
           style="fill:#3a5416;fill-opacity:1;stroke:none;stroke-opacity:1"
           transform="matrix(1.4113474,0,0,1.4113474,1576.3869,362.08849)"><path
             d="m 146.37399,116.87328 q 0.18063,-0.6322 0.33116,-1.56546 0.15052,-0.93325 0.27094,-2.31807 0.12042,-1.38483 0.18063,-3.28143 0.0602,-1.92672 0.0602,-4.48563 V 85.62441 q 0,-2.558915 -0.0602,-4.455523 -0.0602,-1.926712 -0.18063,-3.311537 -0.12042,-1.414929 -0.27094,-2.348181 -0.15053,-0.933251 -0.33116,-1.565454 v -0.120419 h 7.19507 v 0.120419 q -0.18063,0.632203 -0.36126,1.565454 -0.15052,0.933252 -0.27094,2.348181 -0.0903,1.384825 -0.18063,3.311537 -0.0602,1.896608 -0.0602,4.455523 v 19.59828 q 0,2.55891 0.0602,4.48563 0.0903,1.8966 0.18063,3.28143 0.12042,1.38482 0.27094,2.31807 0.18063,0.93326 0.36126,1.56546 v 0.12042 h -7.19507 z"
             id="path498"
             style="font-size:61.6548px;font-family:Marcellus;-inkscape-font-specification:Marcellus;fill:#3a5416;fill-opacity:1;fill-rule:evenodd;stroke:none;stroke-width:2.53877;stroke-linejoin:bevel;stroke-opacity:1;paint-order:stroke fill markers"
             transform="rotate(18.055612)"
             aria-label="I" /><path
             d="m 36.750166,145.69642 q -3.552376,0 -6.41234,0.33115 -2.859964,0.30105 -4.937201,0.66231 -2.408391,0.45157 -4.304998,0.99346 l 0.873041,-4.87699 q 0.361259,0.0301 1.083776,0.0602 0.722517,0.0301 1.595559,0.0602 0.903147,0.0301 1.866503,0.0602 0.993461,0 1.866503,0.0301 0.873041,0 1.535349,0.0301 0.692412,0 0.993461,0 h 17.189888 q 0.301049,0 0.963356,0 0.692412,-0.0301 1.565454,-0.0301 0.873042,-0.0301 1.836398,-0.0301 0.993461,-0.0301 1.866503,-0.0602 0.903146,-0.0301 1.625663,-0.0602 0.722518,-0.0301 1.083776,-0.0602 l 0.873042,4.87699 q -1.926713,-0.54189 -4.335103,-0.99346 -2.077237,-0.36126 -4.937201,-0.66231 -2.859964,-0.33115 -6.41234,-0.33115 v 28.75016 q 0,2.55892 0.06021,4.48563 0.09031,1.89661 0.18063,3.28143 0.120419,1.38483 0.270944,2.31808 0.180629,0.93325 0.361258,1.56545 v 0.12042 H 35.90723 v -0.12042 q 0.18063,-0.6322 0.331154,-1.56545 0.150524,-0.93325 0.270944,-2.31808 0.120419,-1.38482 0.180629,-3.28143 0.06021,-1.92671 0.06021,-4.48563 z"
             id="path499"
             style="font-size:61.6548px;font-family:Marcellus;-inkscape-font-specification:Marcellus;fill:#3a5416;fill-opacity:1;fill-rule:evenodd;stroke:none;stroke-width:2.53877;stroke-linejoin:bevel;stroke-opacity:1;paint-order:stroke fill markers"
             transform="rotate(-25.60554)"
             aria-label="T" /></g><g
           id="g501"
           style="fill:#3a5416;fill-opacity:1;stroke:none;stroke-opacity:1"
           transform="matrix(1.4113474,0,0,1.4113474,1645.0094,362.08849)"><path
             d="m 146.37399,116.87328 q 0.18063,-0.6322 0.33116,-1.56546 0.15052,-0.93325 0.27094,-2.31807 0.12042,-1.38483 0.18063,-3.28143 0.0602,-1.92672 0.0602,-4.48563 V 85.62441 q 0,-2.558915 -0.0602,-4.455523 -0.0602,-1.926712 -0.18063,-3.311537 -0.12042,-1.414929 -0.27094,-2.348181 -0.15053,-0.933251 -0.33116,-1.565454 v -0.120419 h 7.19507 v 0.120419 q -0.18063,0.632203 -0.36126,1.565454 -0.15052,0.933252 -0.27094,2.348181 -0.0903,1.384825 -0.18063,3.311537 -0.0602,1.896608 -0.0602,4.455523 v 19.59828 q 0,2.55891 0.0602,4.48563 0.0903,1.8966 0.18063,3.28143 0.12042,1.38482 0.27094,2.31807 0.18063,0.93326 0.36126,1.56546 v 0.12042 h -7.19507 z"
             id="path500"
             style="font-size:61.6548px;font-family:Marcellus;-inkscape-font-specification:Marcellus;fill:#3a5416;fill-opacity:1;fill-rule:evenodd;stroke:none;stroke-width:2.53877;stroke-linejoin:bevel;stroke-opacity:1;paint-order:stroke fill markers"
             transform="rotate(18.055612)"
             aria-label="I" /><path
             d="m 36.750166,145.69642 q -3.552376,0 -6.41234,0.33115 -2.859964,0.30105 -4.937201,0.66231 -2.408391,0.45157 -4.304998,0.99346 l 0.873041,-4.87699 q 0.361259,0.0301 1.083776,0.0602 0.722517,0.0301 1.595559,0.0602 0.903147,0.0301 1.866503,0.0602 0.993461,0 1.866503,0.0301 0.873041,0 1.535349,0.0301 0.692412,0 0.993461,0 h 17.189888 q 0.301049,0 0.963356,0 0.692412,-0.0301 1.565454,-0.0301 0.873042,-0.0301 1.836398,-0.0301 0.993461,-0.0301 1.866503,-0.0602 0.903146,-0.0301 1.625663,-0.0602 0.722518,-0.0301 1.083776,-0.0602 l 0.873042,4.87699 q -1.926713,-0.54189 -4.335103,-0.99346 -2.077237,-0.36126 -4.937201,-0.66231 -2.859964,-0.33115 -6.41234,-0.33115 v 28.75016 q 0,2.55892 0.06021,4.48563 0.09031,1.89661 0.18063,3.28143 0.120419,1.38483 0.270944,2.31808 0.180629,0.93325 0.361258,1.56545 v 0.12042 H 35.90723 v -0.12042 q 0.18063,-0.6322 0.331154,-1.56545 0.150524,-0.93325 0.270944,-2.31808 0.120419,-1.38482 0.180629,-3.28143 0.06021,-1.92671 0.06021,-4.48563 z"
             id="path501"
             style="font-size:61.6548px;font-family:Marcellus;-inkscape-font-specification:Marcellus;fill:#3a5416;fill-opacity:1;fill-rule:evenodd;stroke:none;stroke-width:2.53877;stroke-linejoin:bevel;stroke-opacity:1;paint-order:stroke fill markers"
             transform="rotate(-25.60554)"
             aria-label="T" /></g><g
           id="g503"
           style="fill:#3a5416;fill-opacity:1;stroke:none;stroke-opacity:1"
           transform="matrix(1.4113474,0,0,1.4113474,1438.9354,285.51925)"><path
             d="m 146.37399,116.87328 q 0.18063,-0.6322 0.33116,-1.56546 0.15052,-0.93325 0.27094,-2.31807 0.12042,-1.38483 0.18063,-3.28143 0.0602,-1.92672 0.0602,-4.48563 V 85.62441 q 0,-2.558915 -0.0602,-4.455523 -0.0602,-1.926712 -0.18063,-3.311537 -0.12042,-1.414929 -0.27094,-2.348181 -0.15053,-0.933251 -0.33116,-1.565454 v -0.120419 h 7.19507 v 0.120419 q -0.18063,0.632203 -0.36126,1.565454 -0.15052,0.933252 -0.27094,2.348181 -0.0903,1.384825 -0.18063,3.311537 -0.0602,1.896608 -0.0602,4.455523 v 19.59828 q 0,2.55891 0.0602,4.48563 0.0903,1.8966 0.18063,3.28143 0.12042,1.38482 0.27094,2.31807 0.18063,0.93326 0.36126,1.56546 v 0.12042 h -7.19507 z"
             id="path502"
             style="font-size:61.6548px;font-family:Marcellus;-inkscape-font-specification:Marcellus;fill:#3a5416;fill-opacity:1;fill-rule:evenodd;stroke:none;stroke-width:2.53877;stroke-linejoin:bevel;stroke-opacity:1;paint-order:stroke fill markers"
             transform="rotate(18.055612)"
             aria-label="I" /><path
             d="m 36.750166,145.69642 q -3.552376,0 -6.41234,0.33115 -2.859964,0.30105 -4.937201,0.66231 -2.408391,0.45157 -4.304998,0.99346 l 0.873041,-4.87699 q 0.361259,0.0301 1.083776,0.0602 0.722517,0.0301 1.595559,0.0602 0.903147,0.0301 1.866503,0.0602 0.993461,0 1.866503,0.0301 0.873041,0 1.535349,0.0301 0.692412,0 0.993461,0 h 17.189888 q 0.301049,0 0.963356,0 0.692412,-0.0301 1.565454,-0.0301 0.873042,-0.0301 1.836398,-0.0301 0.993461,-0.0301 1.866503,-0.0602 0.903146,-0.0301 1.625663,-0.0602 0.722518,-0.0301 1.083776,-0.0602 l 0.873042,4.87699 q -1.926713,-0.54189 -4.335103,-0.99346 -2.077237,-0.36126 -4.937201,-0.66231 -2.859964,-0.33115 -6.41234,-0.33115 v 28.75016 q 0,2.55892 0.06021,4.48563 0.09031,1.89661 0.18063,3.28143 0.120419,1.38483 0.270944,2.31808 0.180629,0.93325 0.361258,1.56545 v 0.12042 H 35.90723 v -0.12042 q 0.18063,-0.6322 0.331154,-1.56545 0.150524,-0.93325 0.270944,-2.31808 0.120419,-1.38482 0.180629,-3.28143 0.06021,-1.92671 0.06021,-4.48563 z"
             id="path503"
             style="font-size:61.6548px;font-family:Marcellus;-inkscape-font-specification:Marcellus;fill:#3a5416;fill-opacity:1;fill-rule:evenodd;stroke:none;stroke-width:2.53877;stroke-linejoin:bevel;stroke-opacity:1;paint-order:stroke fill markers"
             transform="rotate(-25.60554)"
             aria-label="T" /></g><g
           id="g505"
           style="fill:#3a5416;fill-opacity:1;stroke:none;stroke-opacity:1"
           transform="matrix(1.4113474,0,0,1.4113474,1507.5579,285.51925)"><path
             d="m 146.37399,116.87328 q 0.18063,-0.6322 0.33116,-1.56546 0.15052,-0.93325 0.27094,-2.31807 0.12042,-1.38483 0.18063,-3.28143 0.0602,-1.92672 0.0602,-4.48563 V 85.62441 q 0,-2.558915 -0.0602,-4.455523 -0.0602,-1.926712 -0.18063,-3.311537 -0.12042,-1.414929 -0.27094,-2.348181 -0.15053,-0.933251 -0.33116,-1.565454 v -0.120419 h 7.19507 v 0.120419 q -0.18063,0.632203 -0.36126,1.565454 -0.15052,0.933252 -0.27094,2.348181 -0.0903,1.384825 -0.18063,3.311537 -0.0602,1.896608 -0.0602,4.455523 v 19.59828 q 0,2.55891 0.0602,4.48563 0.0903,1.8966 0.18063,3.28143 0.12042,1.38482 0.27094,2.31807 0.18063,0.93326 0.36126,1.56546 v 0.12042 h -7.19507 z"
             id="path504"
             style="font-size:61.6548px;font-family:Marcellus;-inkscape-font-specification:Marcellus;fill:#3a5416;fill-opacity:1;fill-rule:evenodd;stroke:none;stroke-width:2.53877;stroke-linejoin:bevel;stroke-opacity:1;paint-order:stroke fill markers"
             transform="rotate(18.055612)"
             aria-label="I" /><path
             d="m 36.750166,145.69642 q -3.552376,0 -6.41234,0.33115 -2.859964,0.30105 -4.937201,0.66231 -2.408391,0.45157 -4.304998,0.99346 l 0.873041,-4.87699 q 0.361259,0.0301 1.083776,0.0602 0.722517,0.0301 1.595559,0.0602 0.903147,0.0301 1.866503,0.0602 0.993461,0 1.866503,0.0301 0.873041,0 1.535349,0.0301 0.692412,0 0.993461,0 h 17.189888 q 0.301049,0 0.963356,0 0.692412,-0.0301 1.565454,-0.0301 0.873042,-0.0301 1.836398,-0.0301 0.993461,-0.0301 1.866503,-0.0602 0.903146,-0.0301 1.625663,-0.0602 0.722518,-0.0301 1.083776,-0.0602 l 0.873042,4.87699 q -1.926713,-0.54189 -4.335103,-0.99346 -2.077237,-0.36126 -4.937201,-0.66231 -2.859964,-0.33115 -6.41234,-0.33115 v 28.75016 q 0,2.55892 0.06021,4.48563 0.09031,1.89661 0.18063,3.28143 0.120419,1.38483 0.270944,2.31808 0.180629,0.93325 0.361258,1.56545 v 0.12042 H 35.90723 v -0.12042 q 0.18063,-0.6322 0.331154,-1.56545 0.150524,-0.93325 0.270944,-2.31808 0.120419,-1.38482 0.180629,-3.28143 0.06021,-1.92671 0.06021,-4.48563 z"
             id="path505"
             style="font-size:61.6548px;font-family:Marcellus;-inkscape-font-specification:Marcellus;fill:#3a5416;fill-opacity:1;fill-rule:evenodd;stroke:none;stroke-width:2.53877;stroke-linejoin:bevel;stroke-opacity:1;paint-order:stroke fill markers"
             transform="rotate(-25.60554)"
             aria-label="T" /></g><g
           id="g507"
           style="fill:#3a5416;fill-opacity:1;stroke:none;stroke-opacity:1"
           transform="matrix(1.4113474,0,0,1.4113474,1439.751,362.08849)"><path
             d="m 146.37399,116.87328 q 0.18063,-0.6322 0.33116,-1.56546 0.15052,-0.93325 0.27094,-2.31807 0.12042,-1.38483 0.18063,-3.28143 0.0602,-1.92672 0.0602,-4.48563 V 85.62441 q 0,-2.558915 -0.0602,-4.455523 -0.0602,-1.926712 -0.18063,-3.311537 -0.12042,-1.414929 -0.27094,-2.348181 -0.15053,-0.933251 -0.33116,-1.565454 v -0.120419 h 7.19507 v 0.120419 q -0.18063,0.632203 -0.36126,1.565454 -0.15052,0.933252 -0.27094,2.348181 -0.0903,1.384825 -0.18063,3.311537 -0.0602,1.896608 -0.0602,4.455523 v 19.59828 q 0,2.55891 0.0602,4.48563 0.0903,1.8966 0.18063,3.28143 0.12042,1.38482 0.27094,2.31807 0.18063,0.93326 0.36126,1.56546 v 0.12042 h -7.19507 z"
             id="path506"
             style="font-size:61.6548px;font-family:Marcellus;-inkscape-font-specification:Marcellus;fill:#3a5416;fill-opacity:1;fill-rule:evenodd;stroke:none;stroke-width:2.53877;stroke-linejoin:bevel;stroke-opacity:1;paint-order:stroke fill markers"
             transform="rotate(18.055612)"
             aria-label="I" /><path
             d="m 36.750166,145.69642 q -3.552376,0 -6.41234,0.33115 -2.859964,0.30105 -4.937201,0.66231 -2.408391,0.45157 -4.304998,0.99346 l 0.873041,-4.87699 q 0.361259,0.0301 1.083776,0.0602 0.722517,0.0301 1.595559,0.0602 0.903147,0.0301 1.866503,0.0602 0.993461,0 1.866503,0.0301 0.873041,0 1.535349,0.0301 0.692412,0 0.993461,0 h 17.189888 q 0.301049,0 0.963356,0 0.692412,-0.0301 1.565454,-0.0301 0.873042,-0.0301 1.836398,-0.0301 0.993461,-0.0301 1.866503,-0.0602 0.903146,-0.0301 1.625663,-0.0602 0.722518,-0.0301 1.083776,-0.0602 l 0.873042,4.87699 q -1.926713,-0.54189 -4.335103,-0.99346 -2.077237,-0.36126 -4.937201,-0.66231 -2.859964,-0.33115 -6.41234,-0.33115 v 28.75016 q 0,2.55892 0.06021,4.48563 0.09031,1.89661 0.18063,3.28143 0.120419,1.38483 0.270944,2.31808 0.180629,0.93325 0.361258,1.56545 v 0.12042 H 35.90723 v -0.12042 q 0.18063,-0.6322 0.331154,-1.56545 0.150524,-0.93325 0.270944,-2.31808 0.120419,-1.38482 0.180629,-3.28143 0.06021,-1.92671 0.06021,-4.48563 z"
             id="path507"
             style="font-size:61.6548px;font-family:Marcellus;-inkscape-font-specification:Marcellus;fill:#3a5416;fill-opacity:1;fill-rule:evenodd;stroke:none;stroke-width:2.53877;stroke-linejoin:bevel;stroke-opacity:1;paint-order:stroke fill markers"
             transform="rotate(-25.60554)"
             aria-label="T" /></g><g
           id="g509"
           style="fill:#3a5416;fill-opacity:1;stroke:none;stroke-opacity:1"
           transform="matrix(1.4113474,0,0,1.4113474,1508.3735,362.08849)"><path
             d="m 146.37399,116.87328 q 0.18063,-0.6322 0.33116,-1.56546 0.15052,-0.93325 0.27094,-2.31807 0.12042,-1.38483 0.18063,-3.28143 0.0602,-1.92672 0.0602,-4.48563 V 85.62441 q 0,-2.558915 -0.0602,-4.455523 -0.0602,-1.926712 -0.18063,-3.311537 -0.12042,-1.414929 -0.27094,-2.348181 -0.15053,-0.933251 -0.33116,-1.565454 v -0.120419 h 7.19507 v 0.120419 q -0.18063,0.632203 -0.36126,1.565454 -0.15052,0.933252 -0.27094,2.348181 -0.0903,1.384825 -0.18063,3.311537 -0.0602,1.896608 -0.0602,4.455523 v 19.59828 q 0,2.55891 0.0602,4.48563 0.0903,1.8966 0.18063,3.28143 0.12042,1.38482 0.27094,2.31807 0.18063,0.93326 0.36126,1.56546 v 0.12042 h -7.19507 z"
             id="path508"
             style="font-size:61.6548px;font-family:Marcellus;-inkscape-font-specification:Marcellus;fill:#3a5416;fill-opacity:1;fill-rule:evenodd;stroke:none;stroke-width:2.53877;stroke-linejoin:bevel;stroke-opacity:1;paint-order:stroke fill markers"
             transform="rotate(18.055612)"
             aria-label="I" /><path
             d="m 36.750166,145.69642 q -3.552376,0 -6.41234,0.33115 -2.859964,0.30105 -4.937201,0.66231 -2.408391,0.45157 -4.304998,0.99346 l 0.873041,-4.87699 q 0.361259,0.0301 1.083776,0.0602 0.722517,0.0301 1.595559,0.0602 0.903147,0.0301 1.866503,0.0602 0.993461,0 1.866503,0.0301 0.873041,0 1.535349,0.0301 0.692412,0 0.993461,0 h 17.189888 q 0.301049,0 0.963356,0 0.692412,-0.0301 1.565454,-0.0301 0.873042,-0.0301 1.836398,-0.0301 0.993461,-0.0301 1.866503,-0.0602 0.903146,-0.0301 1.625663,-0.0602 0.722518,-0.0301 1.083776,-0.0602 l 0.873042,4.87699 q -1.926713,-0.54189 -4.335103,-0.99346 -2.077237,-0.36126 -4.937201,-0.66231 -2.859964,-0.33115 -6.41234,-0.33115 v 28.75016 q 0,2.55892 0.06021,4.48563 0.09031,1.89661 0.18063,3.28143 0.120419,1.38483 0.270944,2.31808 0.180629,0.93325 0.361258,1.56545 v 0.12042 H 35.90723 v -0.12042 q 0.18063,-0.6322 0.331154,-1.56545 0.150524,-0.93325 0.270944,-2.31808 0.120419,-1.38482 0.180629,-3.28143 0.06021,-1.92671 0.06021,-4.48563 z"
             id="path509"
             style="font-size:61.6548px;font-family:Marcellus;-inkscape-font-specification:Marcellus;fill:#3a5416;fill-opacity:1;fill-rule:evenodd;stroke:none;stroke-width:2.53877;stroke-linejoin:bevel;stroke-opacity:1;paint-order:stroke fill markers"
             transform="rotate(-25.60554)"
             aria-label="T" /></g><g
           id="g511"
           style="fill:#3a5416;fill-opacity:1;stroke:none;stroke-opacity:1"
           transform="matrix(1.4113474,0,0,1.4113474,1438.9354,285.51925)"><path
             d="m 146.37399,116.87328 q 0.18063,-0.6322 0.33116,-1.56546 0.15052,-0.93325 0.27094,-2.31807 0.12042,-1.38483 0.18063,-3.28143 0.0602,-1.92672 0.0602,-4.48563 V 85.62441 q 0,-2.558915 -0.0602,-4.455523 -0.0602,-1.926712 -0.18063,-3.311537 -0.12042,-1.414929 -0.27094,-2.348181 -0.15053,-0.933251 -0.33116,-1.565454 v -0.120419 h 7.19507 v 0.120419 q -0.18063,0.632203 -0.36126,1.565454 -0.15052,0.933252 -0.27094,2.348181 -0.0903,1.384825 -0.18063,3.311537 -0.0602,1.896608 -0.0602,4.455523 v 19.59828 q 0,2.55891 0.0602,4.48563 0.0903,1.8966 0.18063,3.28143 0.12042,1.38482 0.27094,2.31807 0.18063,0.93326 0.36126,1.56546 v 0.12042 h -7.19507 z"
             id="path510"
             style="font-size:61.6548px;font-family:Marcellus;-inkscape-font-specification:Marcellus;fill:#3a5416;fill-opacity:1;fill-rule:evenodd;stroke:none;stroke-width:2.53877;stroke-linejoin:bevel;stroke-opacity:1;paint-order:stroke fill markers"
             transform="rotate(18.055612)"
             aria-label="I" /><path
             d="m 36.750166,145.69642 q -3.552376,0 -6.41234,0.33115 -2.859964,0.30105 -4.937201,0.66231 -2.408391,0.45157 -4.304998,0.99346 l 0.873041,-4.87699 q 0.361259,0.0301 1.083776,0.0602 0.722517,0.0301 1.595559,0.0602 0.903147,0.0301 1.866503,0.0602 0.993461,0 1.866503,0.0301 0.873041,0 1.535349,0.0301 0.692412,0 0.993461,0 h 17.189888 q 0.301049,0 0.963356,0 0.692412,-0.0301 1.565454,-0.0301 0.873042,-0.0301 1.836398,-0.0301 0.993461,-0.0301 1.866503,-0.0602 0.903146,-0.0301 1.625663,-0.0602 0.722518,-0.0301 1.083776,-0.0602 l 0.873042,4.87699 q -1.926713,-0.54189 -4.335103,-0.99346 -2.077237,-0.36126 -4.937201,-0.66231 -2.859964,-0.33115 -6.41234,-0.33115 v 28.75016 q 0,2.55892 0.06021,4.48563 0.09031,1.89661 0.18063,3.28143 0.120419,1.38483 0.270944,2.31808 0.180629,0.93325 0.361258,1.56545 v 0.12042 H 35.90723 v -0.12042 q 0.18063,-0.6322 0.331154,-1.56545 0.150524,-0.93325 0.270944,-2.31808 0.120419,-1.38482 0.180629,-3.28143 0.06021,-1.92671 0.06021,-4.48563 z"
             id="path511"
             style="font-size:61.6548px;font-family:Marcellus;-inkscape-font-specification:Marcellus;fill:#3a5416;fill-opacity:1;fill-rule:evenodd;stroke:none;stroke-width:2.53877;stroke-linejoin:bevel;stroke-opacity:1;paint-order:stroke fill markers"
             transform="rotate(-25.60554)"
             aria-label="T" /></g><g
           id="g513"
           style="fill:#3a5416;fill-opacity:1;stroke:none;stroke-opacity:1"
           transform="matrix(1.4113474,0,0,1.4113474,1507.5579,285.51925)"><path
             d="m 146.37399,116.87328 q 0.18063,-0.6322 0.33116,-1.56546 0.15052,-0.93325 0.27094,-2.31807 0.12042,-1.38483 0.18063,-3.28143 0.0602,-1.92672 0.0602,-4.48563 V 85.62441 q 0,-2.558915 -0.0602,-4.455523 -0.0602,-1.926712 -0.18063,-3.311537 -0.12042,-1.414929 -0.27094,-2.348181 -0.15053,-0.933251 -0.33116,-1.565454 v -0.120419 h 7.19507 v 0.120419 q -0.18063,0.632203 -0.36126,1.565454 -0.15052,0.933252 -0.27094,2.348181 -0.0903,1.384825 -0.18063,3.311537 -0.0602,1.896608 -0.0602,4.455523 v 19.59828 q 0,2.55891 0.0602,4.48563 0.0903,1.8966 0.18063,3.28143 0.12042,1.38482 0.27094,2.31807 0.18063,0.93326 0.36126,1.56546 v 0.12042 h -7.19507 z"
             id="path512"
             style="font-size:61.6548px;font-family:Marcellus;-inkscape-font-specification:Marcellus;fill:#3a5416;fill-opacity:1;fill-rule:evenodd;stroke:none;stroke-width:2.53877;stroke-linejoin:bevel;stroke-opacity:1;paint-order:stroke fill markers"
             transform="rotate(18.055612)"
             aria-label="I" /><path
             d="m 36.750166,145.69642 q -3.552376,0 -6.41234,0.33115 -2.859964,0.30105 -4.937201,0.66231 -2.408391,0.45157 -4.304998,0.99346 l 0.873041,-4.87699 q 0.361259,0.0301 1.083776,0.0602 0.722517,0.0301 1.595559,0.0602 0.903147,0.0301 1.866503,0.0602 0.993461,0 1.866503,0.0301 0.873041,0 1.535349,0.0301 0.692412,0 0.993461,0 h 17.189888 q 0.301049,0 0.963356,0 0.692412,-0.0301 1.565454,-0.0301 0.873042,-0.0301 1.836398,-0.0301 0.993461,-0.0301 1.866503,-0.0602 0.903146,-0.0301 1.625663,-0.0602 0.722518,-0.0301 1.083776,-0.0602 l 0.873042,4.87699 q -1.926713,-0.54189 -4.335103,-0.99346 -2.077237,-0.36126 -4.937201,-0.66231 -2.859964,-0.33115 -6.41234,-0.33115 v 28.75016 q 0,2.55892 0.06021,4.48563 0.09031,1.89661 0.18063,3.28143 0.120419,1.38483 0.270944,2.31808 0.180629,0.93325 0.361258,1.56545 v 0.12042 H 35.90723 v -0.12042 q 0.18063,-0.6322 0.331154,-1.56545 0.150524,-0.93325 0.270944,-2.31808 0.120419,-1.38482 0.180629,-3.28143 0.06021,-1.92671 0.06021,-4.48563 z"
             id="path513"
             style="font-size:61.6548px;font-family:Marcellus;-inkscape-font-specification:Marcellus;fill:#3a5416;fill-opacity:1;fill-rule:evenodd;stroke:none;stroke-width:2.53877;stroke-linejoin:bevel;stroke-opacity:1;paint-order:stroke fill markers"
             transform="rotate(-25.60554)"
             aria-label="T" /></g><g
           id="g515"
           style="fill:#3a5416;fill-opacity:1;stroke:none;stroke-opacity:1"
           transform="matrix(1.4113474,0,0,1.4113474,1439.751,362.08849)"><path
             d="m 146.37399,116.87328 q 0.18063,-0.6322 0.33116,-1.56546 0.15052,-0.93325 0.27094,-2.31807 0.12042,-1.38483 0.18063,-3.28143 0.0602,-1.92672 0.0602,-4.48563 V 85.62441 q 0,-2.558915 -0.0602,-4.455523 -0.0602,-1.926712 -0.18063,-3.311537 -0.12042,-1.414929 -0.27094,-2.348181 -0.15053,-0.933251 -0.33116,-1.565454 v -0.120419 h 7.19507 v 0.120419 q -0.18063,0.632203 -0.36126,1.565454 -0.15052,0.933252 -0.27094,2.348181 -0.0903,1.384825 -0.18063,3.311537 -0.0602,1.896608 -0.0602,4.455523 v 19.59828 q 0,2.55891 0.0602,4.48563 0.0903,1.8966 0.18063,3.28143 0.12042,1.38482 0.27094,2.31807 0.18063,0.93326 0.36126,1.56546 v 0.12042 h -7.19507 z"
             id="path514"
             style="font-size:61.6548px;font-family:Marcellus;-inkscape-font-specification:Marcellus;fill:#3a5416;fill-opacity:1;fill-rule:evenodd;stroke:none;stroke-width:2.53877;stroke-linejoin:bevel;stroke-opacity:1;paint-order:stroke fill markers"
             transform="rotate(18.055612)"
             aria-label="I" /><path
             d="m 36.750166,145.69642 q -3.552376,0 -6.41234,0.33115 -2.859964,0.30105 -4.937201,0.66231 -2.408391,0.45157 -4.304998,0.99346 l 0.873041,-4.87699 q 0.361259,0.0301 1.083776,0.0602 0.722517,0.0301 1.595559,0.0602 0.903147,0.0301 1.866503,0.0602 0.993461,0 1.866503,0.0301 0.873041,0 1.535349,0.0301 0.692412,0 0.993461,0 h 17.189888 q 0.301049,0 0.963356,0 0.692412,-0.0301 1.565454,-0.0301 0.873042,-0.0301 1.836398,-0.0301 0.993461,-0.0301 1.866503,-0.0602 0.903146,-0.0301 1.625663,-0.0602 0.722518,-0.0301 1.083776,-0.0602 l 0.873042,4.87699 q -1.926713,-0.54189 -4.335103,-0.99346 -2.077237,-0.36126 -4.937201,-0.66231 -2.859964,-0.33115 -6.41234,-0.33115 v 28.75016 q 0,2.55892 0.06021,4.48563 0.09031,1.89661 0.18063,3.28143 0.120419,1.38483 0.270944,2.31808 0.180629,0.93325 0.361258,1.56545 v 0.12042 H 35.90723 v -0.12042 q 0.18063,-0.6322 0.331154,-1.56545 0.150524,-0.93325 0.270944,-2.31808 0.120419,-1.38482 0.180629,-3.28143 0.06021,-1.92671 0.06021,-4.48563 z"
             id="path515"
             style="font-size:61.6548px;font-family:Marcellus;-inkscape-font-specification:Marcellus;fill:#3a5416;fill-opacity:1;fill-rule:evenodd;stroke:none;stroke-width:2.53877;stroke-linejoin:bevel;stroke-opacity:1;paint-order:stroke fill markers"
             transform="rotate(-25.60554)"
             aria-label="T" /></g><g
           id="g517"
           style="fill:#3a5416;fill-opacity:1;stroke:none;stroke-opacity:1"
           transform="matrix(1.4113474,0,0,1.4113474,1508.3735,362.08849)"><path
             d="m 146.37399,116.87328 q 0.18063,-0.6322 0.33116,-1.56546 0.15052,-0.93325 0.27094,-2.31807 0.12042,-1.38483 0.18063,-3.28143 0.0602,-1.92672 0.0602,-4.48563 V 85.62441 q 0,-2.558915 -0.0602,-4.455523 -0.0602,-1.926712 -0.18063,-3.311537 -0.12042,-1.414929 -0.27094,-2.348181 -0.15053,-0.933251 -0.33116,-1.565454 v -0.120419 h 7.19507 v 0.120419 q -0.18063,0.632203 -0.36126,1.565454 -0.15052,0.933252 -0.27094,2.348181 -0.0903,1.384825 -0.18063,3.311537 -0.0602,1.896608 -0.0602,4.455523 v 19.59828 q 0,2.55891 0.0602,4.48563 0.0903,1.8966 0.18063,3.28143 0.12042,1.38482 0.27094,2.31807 0.18063,0.93326 0.36126,1.56546 v 0.12042 h -7.19507 z"
             id="path516"
             style="font-size:61.6548px;font-family:Marcellus;-inkscape-font-specification:Marcellus;fill:#3a5416;fill-opacity:1;fill-rule:evenodd;stroke:none;stroke-width:2.53877;stroke-linejoin:bevel;stroke-opacity:1;paint-order:stroke fill markers"
             transform="rotate(18.055612)"
             aria-label="I" /><path
             d="m 36.750166,145.69642 q -3.552376,0 -6.41234,0.33115 -2.859964,0.30105 -4.937201,0.66231 -2.408391,0.45157 -4.304998,0.99346 l 0.873041,-4.87699 q 0.361259,0.0301 1.083776,0.0602 0.722517,0.0301 1.595559,0.0602 0.903147,0.0301 1.866503,0.0602 0.993461,0 1.866503,0.0301 0.873041,0 1.535349,0.0301 0.692412,0 0.993461,0 h 17.189888 q 0.301049,0 0.963356,0 0.692412,-0.0301 1.565454,-0.0301 0.873042,-0.0301 1.836398,-0.0301 0.993461,-0.0301 1.866503,-0.0602 0.903146,-0.0301 1.625663,-0.0602 0.722518,-0.0301 1.083776,-0.0602 l 0.873042,4.87699 q -1.926713,-0.54189 -4.335103,-0.99346 -2.077237,-0.36126 -4.937201,-0.66231 -2.859964,-0.33115 -6.41234,-0.33115 v 28.75016 q 0,2.55892 0.06021,4.48563 0.09031,1.89661 0.18063,3.28143 0.120419,1.38483 0.270944,2.31808 0.180629,0.93325 0.361258,1.56545 v 0.12042 H 35.90723 v -0.12042 q 0.18063,-0.6322 0.331154,-1.56545 0.150524,-0.93325 0.270944,-2.31808 0.120419,-1.38482 0.180629,-3.28143 0.06021,-1.92671 0.06021,-4.48563 z"
             id="path517"
             style="font-size:61.6548px;font-family:Marcellus;-inkscape-font-specification:Marcellus;fill:#3a5416;fill-opacity:1;fill-rule:evenodd;stroke:none;stroke-width:2.53877;stroke-linejoin:bevel;stroke-opacity:1;paint-order:stroke fill markers"
             transform="rotate(-25.60554)"
             aria-label="T" /></g><g
           id="g519"
           style="fill:#3a5416;fill-opacity:1;stroke:none;stroke-opacity:1"
           transform="matrix(1.4113474,0,0,1.4113474,1575.5713,285.51925)"><path
             d="m 146.37399,116.87328 q 0.18063,-0.6322 0.33116,-1.56546 0.15052,-0.93325 0.27094,-2.31807 0.12042,-1.38483 0.18063,-3.28143 0.0602,-1.92672 0.0602,-4.48563 V 85.62441 q 0,-2.558915 -0.0602,-4.455523 -0.0602,-1.926712 -0.18063,-3.311537 -0.12042,-1.414929 -0.27094,-2.348181 -0.15053,-0.933251 -0.33116,-1.565454 v -0.120419 h 7.19507 v 0.120419 q -0.18063,0.632203 -0.36126,1.565454 -0.15052,0.933252 -0.27094,2.348181 -0.0903,1.384825 -0.18063,3.311537 -0.0602,1.896608 -0.0602,4.455523 v 19.59828 q 0,2.55891 0.0602,4.48563 0.0903,1.8966 0.18063,3.28143 0.12042,1.38482 0.27094,2.31807 0.18063,0.93326 0.36126,1.56546 v 0.12042 h -7.19507 z"
             id="path518"
             style="font-size:61.6548px;font-family:Marcellus;-inkscape-font-specification:Marcellus;fill:#3a5416;fill-opacity:1;fill-rule:evenodd;stroke:none;stroke-width:2.53877;stroke-linejoin:bevel;stroke-opacity:1;paint-order:stroke fill markers"
             transform="rotate(18.055612)"
             aria-label="I" /><path
             d="m 36.750166,145.69642 q -3.552376,0 -6.41234,0.33115 -2.859964,0.30105 -4.937201,0.66231 -2.408391,0.45157 -4.304998,0.99346 l 0.873041,-4.87699 q 0.361259,0.0301 1.083776,0.0602 0.722517,0.0301 1.595559,0.0602 0.903147,0.0301 1.866503,0.0602 0.993461,0 1.866503,0.0301 0.873041,0 1.535349,0.0301 0.692412,0 0.993461,0 h 17.189888 q 0.301049,0 0.963356,0 0.692412,-0.0301 1.565454,-0.0301 0.873042,-0.0301 1.836398,-0.0301 0.993461,-0.0301 1.866503,-0.0602 0.903146,-0.0301 1.625663,-0.0602 0.722518,-0.0301 1.083776,-0.0602 l 0.873042,4.87699 q -1.926713,-0.54189 -4.335103,-0.99346 -2.077237,-0.36126 -4.937201,-0.66231 -2.859964,-0.33115 -6.41234,-0.33115 v 28.75016 q 0,2.55892 0.06021,4.48563 0.09031,1.89661 0.18063,3.28143 0.120419,1.38483 0.270944,2.31808 0.180629,0.93325 0.361258,1.56545 v 0.12042 H 35.90723 v -0.12042 q 0.18063,-0.6322 0.331154,-1.56545 0.150524,-0.93325 0.270944,-2.31808 0.120419,-1.38482 0.180629,-3.28143 0.06021,-1.92671 0.06021,-4.48563 z"
             id="path519"
             style="font-size:61.6548px;font-family:Marcellus;-inkscape-font-specification:Marcellus;fill:#3a5416;fill-opacity:1;fill-rule:evenodd;stroke:none;stroke-width:2.53877;stroke-linejoin:bevel;stroke-opacity:1;paint-order:stroke fill markers"
             transform="rotate(-25.60554)"
             aria-label="T" /></g><g
           id="g521"
           style="fill:#3a5416;fill-opacity:1;stroke:none;stroke-opacity:1"
           transform="matrix(1.4113474,0,0,1.4113474,1644.1938,285.51925)"><path
             d="m 146.37399,116.87328 q 0.18063,-0.6322 0.33116,-1.56546 0.15052,-0.93325 0.27094,-2.31807 0.12042,-1.38483 0.18063,-3.28143 0.0602,-1.92672 0.0602,-4.48563 V 85.62441 q 0,-2.558915 -0.0602,-4.455523 -0.0602,-1.926712 -0.18063,-3.311537 -0.12042,-1.414929 -0.27094,-2.348181 -0.15053,-0.933251 -0.33116,-1.565454 v -0.120419 h 7.19507 v 0.120419 q -0.18063,0.632203 -0.36126,1.565454 -0.15052,0.933252 -0.27094,2.348181 -0.0903,1.384825 -0.18063,3.311537 -0.0602,1.896608 -0.0602,4.455523 v 19.59828 q 0,2.55891 0.0602,4.48563 0.0903,1.8966 0.18063,3.28143 0.12042,1.38482 0.27094,2.31807 0.18063,0.93326 0.36126,1.56546 v 0.12042 h -7.19507 z"
             id="path520"
             style="font-size:61.6548px;font-family:Marcellus;-inkscape-font-specification:Marcellus;fill:#3a5416;fill-opacity:1;fill-rule:evenodd;stroke:none;stroke-width:2.53877;stroke-linejoin:bevel;stroke-opacity:1;paint-order:stroke fill markers"
             transform="rotate(18.055612)"
             aria-label="I" /><path
             d="m 36.750166,145.69642 q -3.552376,0 -6.41234,0.33115 -2.859964,0.30105 -4.937201,0.66231 -2.408391,0.45157 -4.304998,0.99346 l 0.873041,-4.87699 q 0.361259,0.0301 1.083776,0.0602 0.722517,0.0301 1.595559,0.0602 0.903147,0.0301 1.866503,0.0602 0.993461,0 1.866503,0.0301 0.873041,0 1.535349,0.0301 0.692412,0 0.993461,0 h 17.189888 q 0.301049,0 0.963356,0 0.692412,-0.0301 1.565454,-0.0301 0.873042,-0.0301 1.836398,-0.0301 0.993461,-0.0301 1.866503,-0.0602 0.903146,-0.0301 1.625663,-0.0602 0.722518,-0.0301 1.083776,-0.0602 l 0.873042,4.87699 q -1.926713,-0.54189 -4.335103,-0.99346 -2.077237,-0.36126 -4.937201,-0.66231 -2.859964,-0.33115 -6.41234,-0.33115 v 28.75016 q 0,2.55892 0.06021,4.48563 0.09031,1.89661 0.18063,3.28143 0.120419,1.38483 0.270944,2.31808 0.180629,0.93325 0.361258,1.56545 v 0.12042 H 35.90723 v -0.12042 q 0.18063,-0.6322 0.331154,-1.56545 0.150524,-0.93325 0.270944,-2.31808 0.120419,-1.38482 0.180629,-3.28143 0.06021,-1.92671 0.06021,-4.48563 z"
             id="path521"
             style="font-size:61.6548px;font-family:Marcellus;-inkscape-font-specification:Marcellus;fill:#3a5416;fill-opacity:1;fill-rule:evenodd;stroke:none;stroke-width:2.53877;stroke-linejoin:bevel;stroke-opacity:1;paint-order:stroke fill markers"
             transform="rotate(-25.60554)"
             aria-label="T" /></g><g
           id="g523"
           style="fill:#3a5416;fill-opacity:1;stroke:none;stroke-opacity:1"
           transform="matrix(1.4113474,0,0,1.4113474,1576.3869,362.08849)"><path
             d="m 146.37399,116.87328 q 0.18063,-0.6322 0.33116,-1.56546 0.15052,-0.93325 0.27094,-2.31807 0.12042,-1.38483 0.18063,-3.28143 0.0602,-1.92672 0.0602,-4.48563 V 85.62441 q 0,-2.558915 -0.0602,-4.455523 -0.0602,-1.926712 -0.18063,-3.311537 -0.12042,-1.414929 -0.27094,-2.348181 -0.15053,-0.933251 -0.33116,-1.565454 v -0.120419 h 7.19507 v 0.120419 q -0.18063,0.632203 -0.36126,1.565454 -0.15052,0.933252 -0.27094,2.348181 -0.0903,1.384825 -0.18063,3.311537 -0.0602,1.896608 -0.0602,4.455523 v 19.59828 q 0,2.55891 0.0602,4.48563 0.0903,1.8966 0.18063,3.28143 0.12042,1.38482 0.27094,2.31807 0.18063,0.93326 0.36126,1.56546 v 0.12042 h -7.19507 z"
             id="path522"
             style="font-size:61.6548px;font-family:Marcellus;-inkscape-font-specification:Marcellus;fill:#3a5416;fill-opacity:1;fill-rule:evenodd;stroke:none;stroke-width:2.53877;stroke-linejoin:bevel;stroke-opacity:1;paint-order:stroke fill markers"
             transform="rotate(18.055612)"
             aria-label="I" /><path
             d="m 36.750166,145.69642 q -3.552376,0 -6.41234,0.33115 -2.859964,0.30105 -4.937201,0.66231 -2.408391,0.45157 -4.304998,0.99346 l 0.873041,-4.87699 q 0.361259,0.0301 1.083776,0.0602 0.722517,0.0301 1.595559,0.0602 0.903147,0.0301 1.866503,0.0602 0.993461,0 1.866503,0.0301 0.873041,0 1.535349,0.0301 0.692412,0 0.993461,0 h 17.189888 q 0.301049,0 0.963356,0 0.692412,-0.0301 1.565454,-0.0301 0.873042,-0.0301 1.836398,-0.0301 0.993461,-0.0301 1.866503,-0.0602 0.903146,-0.0301 1.625663,-0.0602 0.722518,-0.0301 1.083776,-0.0602 l 0.873042,4.87699 q -1.926713,-0.54189 -4.335103,-0.99346 -2.077237,-0.36126 -4.937201,-0.66231 -2.859964,-0.33115 -6.41234,-0.33115 v 28.75016 q 0,2.55892 0.06021,4.48563 0.09031,1.89661 0.18063,3.28143 0.120419,1.38483 0.270944,2.31808 0.180629,0.93325 0.361258,1.56545 v 0.12042 H 35.90723 v -0.12042 q 0.18063,-0.6322 0.331154,-1.56545 0.150524,-0.93325 0.270944,-2.31808 0.120419,-1.38482 0.180629,-3.28143 0.06021,-1.92671 0.06021,-4.48563 z"
             id="path523"
             style="font-size:61.6548px;font-family:Marcellus;-inkscape-font-specification:Marcellus;fill:#3a5416;fill-opacity:1;fill-rule:evenodd;stroke:none;stroke-width:2.53877;stroke-linejoin:bevel;stroke-opacity:1;paint-order:stroke fill markers"
             transform="rotate(-25.60554)"
             aria-label="T" /></g><g
           id="g525"
           style="fill:#3a5416;fill-opacity:1;stroke:none;stroke-opacity:1"
           transform="matrix(1.4113474,0,0,1.4113474,1645.0094,362.08849)"><path
             d="m 146.37399,116.87328 q 0.18063,-0.6322 0.33116,-1.56546 0.15052,-0.93325 0.27094,-2.31807 0.12042,-1.38483 0.18063,-3.28143 0.0602,-1.92672 0.0602,-4.48563 V 85.62441 q 0,-2.558915 -0.0602,-4.455523 -0.0602,-1.926712 -0.18063,-3.311537 -0.12042,-1.414929 -0.27094,-2.348181 -0.15053,-0.933251 -0.33116,-1.565454 v -0.120419 h 7.19507 v 0.120419 q -0.18063,0.632203 -0.36126,1.565454 -0.15052,0.933252 -0.27094,2.348181 -0.0903,1.384825 -0.18063,3.311537 -0.0602,1.896608 -0.0602,4.455523 v 19.59828 q 0,2.55891 0.0602,4.48563 0.0903,1.8966 0.18063,3.28143 0.12042,1.38482 0.27094,2.31807 0.18063,0.93326 0.36126,1.56546 v 0.12042 h -7.19507 z"
             id="path524"
             style="font-size:61.6548px;font-family:Marcellus;-inkscape-font-specification:Marcellus;fill:#3a5416;fill-opacity:1;fill-rule:evenodd;stroke:none;stroke-width:2.53877;stroke-linejoin:bevel;stroke-opacity:1;paint-order:stroke fill markers"
             transform="rotate(18.055612)"
             aria-label="I" /><path
             d="m 36.750166,145.69642 q -3.552376,0 -6.41234,0.33115 -2.859964,0.30105 -4.937201,0.66231 -2.408391,0.45157 -4.304998,0.99346 l 0.873041,-4.87699 q 0.361259,0.0301 1.083776,0.0602 0.722517,0.0301 1.595559,0.0602 0.903147,0.0301 1.866503,0.0602 0.993461,0 1.866503,0.0301 0.873041,0 1.535349,0.0301 0.692412,0 0.993461,0 h 17.189888 q 0.301049,0 0.963356,0 0.692412,-0.0301 1.565454,-0.0301 0.873042,-0.0301 1.836398,-0.0301 0.993461,-0.0301 1.866503,-0.0602 0.903146,-0.0301 1.625663,-0.0602 0.722518,-0.0301 1.083776,-0.0602 l 0.873042,4.87699 q -1.926713,-0.54189 -4.335103,-0.99346 -2.077237,-0.36126 -4.937201,-0.66231 -2.859964,-0.33115 -6.41234,-0.33115 v 28.75016 q 0,2.55892 0.06021,4.48563 0.09031,1.89661 0.18063,3.28143 0.120419,1.38483 0.270944,2.31808 0.180629,0.93325 0.361258,1.56545 v 0.12042 H 35.90723 v -0.12042 q 0.18063,-0.6322 0.331154,-1.56545 0.150524,-0.93325 0.270944,-2.31808 0.120419,-1.38482 0.180629,-3.28143 0.06021,-1.92671 0.06021,-4.48563 z"
             id="path525"
             style="font-size:61.6548px;font-family:Marcellus;-inkscape-font-specification:Marcellus;fill:#3a5416;fill-opacity:1;fill-rule:evenodd;stroke:none;stroke-width:2.53877;stroke-linejoin:bevel;stroke-opacity:1;paint-order:stroke fill markers"
             transform="rotate(-25.60554)"
             aria-label="T" /></g><g
           id="g527"
           style="fill:#3a5416;fill-opacity:1;stroke:none;stroke-opacity:1"
           transform="matrix(1.4113474,0,0,1.4113474,1575.5713,285.51925)"><path
             d="m 146.37399,116.87328 q 0.18063,-0.6322 0.33116,-1.56546 0.15052,-0.93325 0.27094,-2.31807 0.12042,-1.38483 0.18063,-3.28143 0.0602,-1.92672 0.0602,-4.48563 V 85.62441 q 0,-2.558915 -0.0602,-4.455523 -0.0602,-1.926712 -0.18063,-3.311537 -0.12042,-1.414929 -0.27094,-2.348181 -0.15053,-0.933251 -0.33116,-1.565454 v -0.120419 h 7.19507 v 0.120419 q -0.18063,0.632203 -0.36126,1.565454 -0.15052,0.933252 -0.27094,2.348181 -0.0903,1.384825 -0.18063,3.311537 -0.0602,1.896608 -0.0602,4.455523 v 19.59828 q 0,2.55891 0.0602,4.48563 0.0903,1.8966 0.18063,3.28143 0.12042,1.38482 0.27094,2.31807 0.18063,0.93326 0.36126,1.56546 v 0.12042 h -7.19507 z"
             id="path526"
             style="font-size:61.6548px;font-family:Marcellus;-inkscape-font-specification:Marcellus;fill:#3a5416;fill-opacity:1;fill-rule:evenodd;stroke:none;stroke-width:2.53877;stroke-linejoin:bevel;stroke-opacity:1;paint-order:stroke fill markers"
             transform="rotate(18.055612)"
             aria-label="I" /><path
             d="m 36.750166,145.69642 q -3.552376,0 -6.41234,0.33115 -2.859964,0.30105 -4.937201,0.66231 -2.408391,0.45157 -4.304998,0.99346 l 0.873041,-4.87699 q 0.361259,0.0301 1.083776,0.0602 0.722517,0.0301 1.595559,0.0602 0.903147,0.0301 1.866503,0.0602 0.993461,0 1.866503,0.0301 0.873041,0 1.535349,0.0301 0.692412,0 0.993461,0 h 17.189888 q 0.301049,0 0.963356,0 0.692412,-0.0301 1.565454,-0.0301 0.873042,-0.0301 1.836398,-0.0301 0.993461,-0.0301 1.866503,-0.0602 0.903146,-0.0301 1.625663,-0.0602 0.722518,-0.0301 1.083776,-0.0602 l 0.873042,4.87699 q -1.926713,-0.54189 -4.335103,-0.99346 -2.077237,-0.36126 -4.937201,-0.66231 -2.859964,-0.33115 -6.41234,-0.33115 v 28.75016 q 0,2.55892 0.06021,4.48563 0.09031,1.89661 0.18063,3.28143 0.120419,1.38483 0.270944,2.31808 0.180629,0.93325 0.361258,1.56545 v 0.12042 H 35.90723 v -0.12042 q 0.18063,-0.6322 0.331154,-1.56545 0.150524,-0.93325 0.270944,-2.31808 0.120419,-1.38482 0.180629,-3.28143 0.06021,-1.92671 0.06021,-4.48563 z"
             id="path527"
             style="font-size:61.6548px;font-family:Marcellus;-inkscape-font-specification:Marcellus;fill:#3a5416;fill-opacity:1;fill-rule:evenodd;stroke:none;stroke-width:2.53877;stroke-linejoin:bevel;stroke-opacity:1;paint-order:stroke fill markers"
             transform="rotate(-25.60554)"
             aria-label="T" /></g><g
           id="g529"
           style="fill:#3a5416;fill-opacity:1;stroke:none;stroke-opacity:1"
           transform="matrix(1.4113474,0,0,1.4113474,1644.1938,285.51925)"><path
             d="m 146.37399,116.87328 q 0.18063,-0.6322 0.33116,-1.56546 0.15052,-0.93325 0.27094,-2.31807 0.12042,-1.38483 0.18063,-3.28143 0.0602,-1.92672 0.0602,-4.48563 V 85.62441 q 0,-2.558915 -0.0602,-4.455523 -0.0602,-1.926712 -0.18063,-3.311537 -0.12042,-1.414929 -0.27094,-2.348181 -0.15053,-0.933251 -0.33116,-1.565454 v -0.120419 h 7.19507 v 0.120419 q -0.18063,0.632203 -0.36126,1.565454 -0.15052,0.933252 -0.27094,2.348181 -0.0903,1.384825 -0.18063,3.311537 -0.0602,1.896608 -0.0602,4.455523 v 19.59828 q 0,2.55891 0.0602,4.48563 0.0903,1.8966 0.18063,3.28143 0.12042,1.38482 0.27094,2.31807 0.18063,0.93326 0.36126,1.56546 v 0.12042 h -7.19507 z"
             id="path528"
             style="font-size:61.6548px;font-family:Marcellus;-inkscape-font-specification:Marcellus;fill:#3a5416;fill-opacity:1;fill-rule:evenodd;stroke:none;stroke-width:2.53877;stroke-linejoin:bevel;stroke-opacity:1;paint-order:stroke fill markers"
             transform="rotate(18.055612)"
             aria-label="I" /><path
             d="m 36.750166,145.69642 q -3.552376,0 -6.41234,0.33115 -2.859964,0.30105 -4.937201,0.66231 -2.408391,0.45157 -4.304998,0.99346 l 0.873041,-4.87699 q 0.361259,0.0301 1.083776,0.0602 0.722517,0.0301 1.595559,0.0602 0.903147,0.0301 1.866503,0.0602 0.993461,0 1.866503,0.0301 0.873041,0 1.535349,0.0301 0.692412,0 0.993461,0 h 17.189888 q 0.301049,0 0.963356,0 0.692412,-0.0301 1.565454,-0.0301 0.873042,-0.0301 1.836398,-0.0301 0.993461,-0.0301 1.866503,-0.0602 0.903146,-0.0301 1.625663,-0.0602 0.722518,-0.0301 1.083776,-0.0602 l 0.873042,4.87699 q -1.926713,-0.54189 -4.335103,-0.99346 -2.077237,-0.36126 -4.937201,-0.66231 -2.859964,-0.33115 -6.41234,-0.33115 v 28.75016 q 0,2.55892 0.06021,4.48563 0.09031,1.89661 0.18063,3.28143 0.120419,1.38483 0.270944,2.31808 0.180629,0.93325 0.361258,1.56545 v 0.12042 H 35.90723 v -0.12042 q 0.18063,-0.6322 0.331154,-1.56545 0.150524,-0.93325 0.270944,-2.31808 0.120419,-1.38482 0.180629,-3.28143 0.06021,-1.92671 0.06021,-4.48563 z"
             id="path529"
             style="font-size:61.6548px;font-family:Marcellus;-inkscape-font-specification:Marcellus;fill:#3a5416;fill-opacity:1;fill-rule:evenodd;stroke:none;stroke-width:2.53877;stroke-linejoin:bevel;stroke-opacity:1;paint-order:stroke fill markers"
             transform="rotate(-25.60554)"
             aria-label="T" /></g><g
           id="g531"
           style="fill:#3a5416;fill-opacity:1;stroke:none;stroke-opacity:1"
           transform="matrix(1.4113474,0,0,1.4113474,1576.3869,362.08849)"><path
             d="m 146.37399,116.87328 q 0.18063,-0.6322 0.33116,-1.56546 0.15052,-0.93325 0.27094,-2.31807 0.12042,-1.38483 0.18063,-3.28143 0.0602,-1.92672 0.0602,-4.48563 V 85.62441 q 0,-2.558915 -0.0602,-4.455523 -0.0602,-1.926712 -0.18063,-3.311537 -0.12042,-1.414929 -0.27094,-2.348181 -0.15053,-0.933251 -0.33116,-1.565454 v -0.120419 h 7.19507 v 0.120419 q -0.18063,0.632203 -0.36126,1.565454 -0.15052,0.933252 -0.27094,2.348181 -0.0903,1.384825 -0.18063,3.311537 -0.0602,1.896608 -0.0602,4.455523 v 19.59828 q 0,2.55891 0.0602,4.48563 0.0903,1.8966 0.18063,3.28143 0.12042,1.38482 0.27094,2.31807 0.18063,0.93326 0.36126,1.56546 v 0.12042 h -7.19507 z"
             id="path530"
             style="font-size:61.6548px;font-family:Marcellus;-inkscape-font-specification:Marcellus;fill:#3a5416;fill-opacity:1;fill-rule:evenodd;stroke:none;stroke-width:2.53877;stroke-linejoin:bevel;stroke-opacity:1;paint-order:stroke fill markers"
             transform="rotate(18.055612)"
             aria-label="I" /><path
             d="m 36.750166,145.69642 q -3.552376,0 -6.41234,0.33115 -2.859964,0.30105 -4.937201,0.66231 -2.408391,0.45157 -4.304998,0.99346 l 0.873041,-4.87699 q 0.361259,0.0301 1.083776,0.0602 0.722517,0.0301 1.595559,0.0602 0.903147,0.0301 1.866503,0.0602 0.993461,0 1.866503,0.0301 0.873041,0 1.535349,0.0301 0.692412,0 0.993461,0 h 17.189888 q 0.301049,0 0.963356,0 0.692412,-0.0301 1.565454,-0.0301 0.873042,-0.0301 1.836398,-0.0301 0.993461,-0.0301 1.866503,-0.0602 0.903146,-0.0301 1.625663,-0.0602 0.722518,-0.0301 1.083776,-0.0602 l 0.873042,4.87699 q -1.926713,-0.54189 -4.335103,-0.99346 -2.077237,-0.36126 -4.937201,-0.66231 -2.859964,-0.33115 -6.41234,-0.33115 v 28.75016 q 0,2.55892 0.06021,4.48563 0.09031,1.89661 0.18063,3.28143 0.120419,1.38483 0.270944,2.31808 0.180629,0.93325 0.361258,1.56545 v 0.12042 H 35.90723 v -0.12042 q 0.18063,-0.6322 0.331154,-1.56545 0.150524,-0.93325 0.270944,-2.31808 0.120419,-1.38482 0.180629,-3.28143 0.06021,-1.92671 0.06021,-4.48563 z"
             id="path531"
             style="font-size:61.6548px;font-family:Marcellus;-inkscape-font-specification:Marcellus;fill:#3a5416;fill-opacity:1;fill-rule:evenodd;stroke:none;stroke-width:2.53877;stroke-linejoin:bevel;stroke-opacity:1;paint-order:stroke fill markers"
             transform="rotate(-25.60554)"
             aria-label="T" /></g><g
           id="g533"
           style="fill:#3a5416;fill-opacity:1;stroke:none;stroke-opacity:1"
           transform="matrix(1.4113474,0,0,1.4113474,1645.0094,362.08849)"><path
             d="m 146.37399,116.87328 q 0.18063,-0.6322 0.33116,-1.56546 0.15052,-0.93325 0.27094,-2.31807 0.12042,-1.38483 0.18063,-3.28143 0.0602,-1.92672 0.0602,-4.48563 V 85.62441 q 0,-2.558915 -0.0602,-4.455523 -0.0602,-1.926712 -0.18063,-3.311537 -0.12042,-1.414929 -0.27094,-2.348181 -0.15053,-0.933251 -0.33116,-1.565454 v -0.120419 h 7.19507 v 0.120419 q -0.18063,0.632203 -0.36126,1.565454 -0.15052,0.933252 -0.27094,2.348181 -0.0903,1.384825 -0.18063,3.311537 -0.0602,1.896608 -0.0602,4.455523 v 19.59828 q 0,2.55891 0.0602,4.48563 0.0903,1.8966 0.18063,3.28143 0.12042,1.38482 0.27094,2.31807 0.18063,0.93326 0.36126,1.56546 v 0.12042 h -7.19507 z"
             id="path532"
             style="font-size:61.6548px;font-family:Marcellus;-inkscape-font-specification:Marcellus;fill:#3a5416;fill-opacity:1;fill-rule:evenodd;stroke:none;stroke-width:2.53877;stroke-linejoin:bevel;stroke-opacity:1;paint-order:stroke fill markers"
             transform="rotate(18.055612)"
             aria-label="I" /><path
             d="m 36.750166,145.69642 q -3.552376,0 -6.41234,0.33115 -2.859964,0.30105 -4.937201,0.66231 -2.408391,0.45157 -4.304998,0.99346 l 0.873041,-4.87699 q 0.361259,0.0301 1.083776,0.0602 0.722517,0.0301 1.595559,0.0602 0.903147,0.0301 1.866503,0.0602 0.993461,0 1.866503,0.0301 0.873041,0 1.535349,0.0301 0.692412,0 0.993461,0 h 17.189888 q 0.301049,0 0.963356,0 0.692412,-0.0301 1.565454,-0.0301 0.873042,-0.0301 1.836398,-0.0301 0.993461,-0.0301 1.866503,-0.0602 0.903146,-0.0301 1.625663,-0.0602 0.722518,-0.0301 1.083776,-0.0602 l 0.873042,4.87699 q -1.926713,-0.54189 -4.335103,-0.99346 -2.077237,-0.36126 -4.937201,-0.66231 -2.859964,-0.33115 -6.41234,-0.33115 v 28.75016 q 0,2.55892 0.06021,4.48563 0.09031,1.89661 0.18063,3.28143 0.120419,1.38483 0.270944,2.31808 0.180629,0.93325 0.361258,1.56545 v 0.12042 H 35.90723 v -0.12042 q 0.18063,-0.6322 0.331154,-1.56545 0.150524,-0.93325 0.270944,-2.31808 0.120419,-1.38482 0.180629,-3.28143 0.06021,-1.92671 0.06021,-4.48563 z"
             id="path533"
             style="font-size:61.6548px;font-family:Marcellus;-inkscape-font-specification:Marcellus;fill:#3a5416;fill-opacity:1;fill-rule:evenodd;stroke:none;stroke-width:2.53877;stroke-linejoin:bevel;stroke-opacity:1;paint-order:stroke fill markers"
             transform="rotate(-25.60554)"
             aria-label="T" /></g></g></g></g></svg>
